user_id,session_id,traffic_source,device_type,signup_clicked,email_entered,password_created,email_verified,payment_added,first_purchase,purchase_amount,created_at
1,sess_00001,Paid Ad,Mobile,1,1,1,1,1,1,123.85,2024-01-01 00:15:00
2,sess_00002,Referral,Tablet,1,1,1,1,1,1,161.84,2024-01-01 00:30:00
3,sess_00003,Social Media,Desktop,1,1,1,1,1,1,157.27,2024-01-01 00:45:00
4,sess_00004,Organic Search,Mobile,1,1,1,1,1,1,173.95,2024-01-01 01:00:00
5,sess_00005,Paid Ad,Tablet,1,1,1,1,1,1,130.23,2024-01-01 01:15:00
6,sess_00006,Referral,Desktop,1,1,1,1,1,1,150.85,2024-01-01 01:30:00
7,sess_00007,Social Media,Mobile,1,1,1,1,1,1,115.87,2024-01-01 01:45:00
8,sess_00008,Organic Search,Tablet,1,1,1,1,1,1,167.54,2024-01-01 02:00:00
9,sess_00009,Paid Ad,Desktop,1,1,1,1,1,1,162.97,2024-01-01 02:15:00
10,sess_00010,Referral,Mobile,1,1,1,1,1,1,162.4,2024-01-01 02:30:00
11,sess_00011,Social Media,Tablet,1,1,1,1,1,1,150.04,2024-01-01 02:45:00
12,sess_00012,Organic Search,Desktop,1,1,1,1,1,1,160.37,2024-01-01 03:00:00
13,sess_00013,Paid Ad,Mobile,1,1,1,1,1,1,190.11,2024-01-01 03:15:00
14,sess_00014,Referral,Tablet,1,1,1,1,1,1,142.87,2024-01-01 03:30:00
15,sess_00015,Social Media,Desktop,1,1,1,1,1,1,153.47,2024-01-01 03:45:00
16,sess_00016,Organic Search,Mobile,1,1,1,1,1,1,122.85,2024-01-01 04:00:00
17,sess_00017,Paid Ad,Tablet,1,1,1,1,1,1,128.29,2024-01-01 04:15:00
18,sess_00018,Referral,Desktop,1,1,1,1,1,1,152.45,2024-01-01 04:30:00
19,sess_00019,Social Media,Mobile,1,1,1,1,1,1,177.6,2024-01-01 04:45:00
20,sess_00020,Organic Search,Tablet,1,1,1,1,1,1,143.59,2024-01-01 05:00:00
21,sess_00021,Paid Ad,Desktop,1,1,1,1,1,1,144.1,2024-01-01 05:15:00
22,sess_00022,Referral,Mobile,1,1,1,1,1,1,139.83,2024-01-01 05:30:00
23,sess_00023,Social Media,Tablet,1,1,1,1,1,1,136.63,2024-01-01 05:45:00
24,sess_00024,Organic Search,Desktop,1,1,1,1,1,1,157.37,2024-01-01 06:00:00
25,sess_00025,Paid Ad,Mobile,1,1,1,1,1,1,112.57,2024-01-01 06:15:00
26,sess_00026,Referral,Tablet,1,1,1,1,1,1,182.02,2024-01-01 06:30:00
27,sess_00027,Social Media,Desktop,1,1,1,1,1,1,133.36,2024-01-01 06:45:00
28,sess_00028,Organic Search,Mobile,1,1,1,1,1,1,168.05,2024-01-01 07:00:00
29,sess_00029,Paid Ad,Tablet,1,1,1,1,1,1,118.25,2024-01-01 07:15:00
30,sess_00030,Referral,Desktop,1,1,1,1,1,1,166.72,2024-01-01 07:30:00
31,sess_00031,Social Media,Mobile,1,1,1,1,1,1,166.8,2024-01-01 07:45:00
32,sess_00032,Organic Search,Tablet,1,1,1,1,1,1,159.61,2024-01-01 08:00:00
33,sess_00033,Paid Ad,Desktop,1,1,1,1,1,1,125.14,2024-01-01 08:15:00
34,sess_00034,Referral,Mobile,1,1,1,1,1,1,156.24,2024-01-01 08:30:00
35,sess_00035,Social Media,Tablet,1,1,1,1,1,1,120.42,2024-01-01 08:45:00
36,sess_00036,Organic Search,Desktop,1,1,1,1,1,1,143.68,2024-01-01 09:00:00
37,sess_00037,Paid Ad,Mobile,1,1,1,1,1,1,175.74,2024-01-01 09:15:00
38,sess_00038,Referral,Tablet,1,1,1,1,1,1,169.92,2024-01-01 09:30:00
39,sess_00039,Social Media,Desktop,1,1,1,1,1,1,150.38,2024-01-01 09:45:00
40,sess_00040,Organic Search,Mobile,1,1,1,1,1,1,125.63,2024-01-01 10:00:00
41,sess_00041,Paid Ad,Tablet,1,1,1,1,1,1,166.14,2024-01-01 10:15:00
42,sess_00042,Referral,Desktop,1,1,1,1,1,1,150.48,2024-01-01 10:30:00
43,sess_00043,Social Media,Mobile,1,1,1,1,1,1,91.99,2024-01-01 10:45:00
44,sess_00044,Organic Search,Tablet,1,1,1,1,1,1,169.57,2024-01-01 11:00:00
45,sess_00045,Paid Ad,Desktop,1,1,1,1,1,1,149.39,2024-01-01 11:15:00
46,sess_00046,Referral,Mobile,1,1,1,1,1,1,180.06,2024-01-01 11:30:00
47,sess_00047,Social Media,Tablet,1,1,1,1,1,1,122.62,2024-01-01 11:45:00
48,sess_00048,Organic Search,Desktop,1,1,1,1,1,1,70.58,2024-01-01 12:00:00
49,sess_00049,Paid Ad,Mobile,1,1,1,1,1,1,156.98,2024-01-01 12:15:00
50,sess_00050,Referral,Tablet,1,1,1,1,1,1,157.29,2024-01-01 12:30:00
51,sess_00051,Social Media,Desktop,1,1,1,1,1,1,107.73,2024-01-01 12:45:00
52,sess_00052,Organic Search,Mobile,1,1,1,1,1,1,125.54,2024-01-01 13:00:00
53,sess_00053,Paid Ad,Tablet,1,1,1,1,1,1,218.88,2024-01-01 13:15:00
54,sess_00054,Referral,Desktop,1,1,1,1,1,1,142.36,2024-01-01 13:30:00
55,sess_00055,Social Media,Mobile,1,1,1,1,1,1,168.27,2024-01-01 13:45:00
56,sess_00056,Organic Search,Tablet,1,1,1,1,1,1,133.73,2024-01-01 14:00:00
57,sess_00057,Paid Ad,Desktop,1,1,1,1,1,1,97.74,2024-01-01 14:15:00
58,sess_00058,Referral,Mobile,1,1,1,1,1,1,145.74,2024-01-01 14:30:00
59,sess_00059,Social Media,Tablet,1,1,1,1,1,1,143.36,2024-01-01 14:45:00
60,sess_00060,Organic Search,Desktop,1,1,1,1,1,1,140.0,2024-01-01 15:00:00
61,sess_00061,Paid Ad,Mobile,1,1,1,1,1,1,147.13,2024-01-01 15:15:00
62,sess_00062,Referral,Tablet,1,1,1,1,1,1,156.61,2024-01-01 15:30:00
63,sess_00063,Social Media,Desktop,1,1,1,1,1,1,146.25,2024-01-01 15:45:00
64,sess_00064,Organic Search,Mobile,1,1,1,1,1,1,118.4,2024-01-01 16:00:00
65,sess_00065,Paid Ad,Tablet,1,1,1,1,1,1,162.15,2024-01-01 16:15:00
66,sess_00066,Referral,Desktop,1,1,1,1,1,1,101.27,2024-01-01 16:30:00
67,sess_00067,Social Media,Mobile,1,1,1,1,1,1,98.74,2024-01-01 16:45:00
68,sess_00068,Organic Search,Tablet,1,1,1,1,1,1,168.48,2024-01-01 17:00:00
69,sess_00069,Paid Ad,Desktop,1,1,1,1,1,1,162.68,2024-01-01 17:15:00
70,sess_00070,Referral,Mobile,1,1,1,1,1,1,148.57,2024-01-01 17:30:00
71,sess_00071,Social Media,Tablet,1,1,1,1,1,1,115.11,2024-01-01 17:45:00
72,sess_00072,Organic Search,Desktop,1,1,1,1,1,1,132.3,2024-01-01 18:00:00
73,sess_00073,Paid Ad,Mobile,1,1,1,1,1,1,143.43,2024-01-01 18:15:00
74,sess_00074,Referral,Tablet,1,1,1,1,1,1,110.1,2024-01-01 18:30:00
75,sess_00075,Social Media,Desktop,1,1,1,1,1,1,131.52,2024-01-01 18:45:00
76,sess_00076,Organic Search,Mobile,1,1,1,1,1,1,166.31,2024-01-01 19:00:00
77,sess_00077,Paid Ad,Tablet,1,1,1,1,1,1,185.68,2024-01-01 19:15:00
78,sess_00078,Referral,Desktop,1,1,1,1,1,1,139.51,2024-01-01 19:30:00
79,sess_00079,Social Media,Mobile,1,1,1,1,1,1,168.91,2024-01-01 19:45:00
80,sess_00080,Organic Search,Tablet,1,1,1,1,1,1,102.15,2024-01-01 20:00:00
81,sess_00081,Paid Ad,Desktop,1,1,1,1,1,1,166.49,2024-01-01 20:15:00
82,sess_00082,Referral,Mobile,1,1,1,1,1,1,129.9,2024-01-01 20:30:00
83,sess_00083,Social Media,Tablet,1,1,1,1,1,1,157.68,2024-01-01 20:45:00
84,sess_00084,Organic Search,Desktop,1,1,1,1,1,1,143.81,2024-01-01 21:00:00
85,sess_00085,Paid Ad,Mobile,1,1,1,1,1,1,183.01,2024-01-01 21:15:00
86,sess_00086,Referral,Tablet,1,1,1,1,1,1,128.14,2024-01-01 21:30:00
87,sess_00087,Social Media,Desktop,1,1,1,1,1,1,165.69,2024-01-01 21:45:00
88,sess_00088,Organic Search,Mobile,1,1,1,1,1,1,143.01,2024-01-01 22:00:00
89,sess_00089,Paid Ad,Tablet,1,1,1,1,1,1,146.04,2024-01-01 22:15:00
90,sess_00090,Referral,Desktop,1,1,1,1,1,1,145.4,2024-01-01 22:30:00
91,sess_00091,Social Media,Mobile,1,1,1,1,1,1,128.86,2024-01-01 22:45:00
92,sess_00092,Organic Search,Tablet,1,1,1,1,1,1,149.65,2024-01-01 23:00:00
93,sess_00093,Paid Ad,Desktop,1,1,1,1,1,1,148.43,2024-01-01 23:15:00
94,sess_00094,Referral,Mobile,1,1,1,1,1,1,156.03,2024-01-01 23:30:00
95,sess_00095,Social Media,Tablet,1,1,1,1,1,1,152.11,2024-01-01 23:45:00
96,sess_00096,Organic Search,Desktop,1,1,1,1,1,1,169.95,2024-01-02 00:00:00
97,sess_00097,Paid Ad,Mobile,1,1,1,1,1,1,173.09,2024-01-02 00:15:00
98,sess_00098,Referral,Tablet,1,1,1,1,1,1,123.73,2024-01-02 00:30:00
99,sess_00099,Social Media,Desktop,1,1,1,1,1,1,171.72,2024-01-02 00:45:00
100,sess_00100,Organic Search,Mobile,1,1,1,1,1,1,120.34,2024-01-02 01:00:00
101,sess_00101,Paid Ad,Tablet,1,1,1,1,1,1,164.7,2024-01-02 01:15:00
102,sess_00102,Referral,Desktop,1,1,1,1,1,1,165.49,2024-01-02 01:30:00
103,sess_00103,Social Media,Mobile,1,1,1,1,1,1,102.22,2024-01-02 01:45:00
104,sess_00104,Organic Search,Tablet,1,1,1,1,1,1,152.32,2024-01-02 02:00:00
105,sess_00105,Paid Ad,Desktop,1,1,1,1,1,1,138.29,2024-01-02 02:15:00
106,sess_00106,Referral,Mobile,1,1,1,1,1,1,131.03,2024-01-02 02:30:00
107,sess_00107,Social Media,Tablet,1,1,1,1,1,1,183.77,2024-01-02 02:45:00
108,sess_00108,Organic Search,Desktop,1,1,1,1,1,1,133.66,2024-01-02 03:00:00
109,sess_00109,Paid Ad,Mobile,1,1,1,1,1,1,129.84,2024-01-02 03:15:00
110,sess_00110,Referral,Tablet,1,1,1,1,1,1,151.89,2024-01-02 03:30:00
111,sess_00111,Social Media,Desktop,1,1,1,1,1,1,167.14,2024-01-02 03:45:00
112,sess_00112,Organic Search,Mobile,1,1,1,1,1,1,146.46,2024-01-02 04:00:00
113,sess_00113,Paid Ad,Tablet,1,1,1,1,1,1,179.16,2024-01-02 04:15:00
114,sess_00114,Referral,Desktop,1,1,1,1,1,1,163.27,2024-01-02 04:30:00
115,sess_00115,Social Media,Mobile,1,1,1,1,1,1,95.54,2024-01-02 04:45:00
116,sess_00116,Organic Search,Tablet,1,1,1,1,1,1,136.76,2024-01-02 05:00:00
117,sess_00117,Paid Ad,Desktop,1,1,1,1,1,1,135.95,2024-01-02 05:15:00
118,sess_00118,Referral,Mobile,1,1,1,1,1,1,161.98,2024-01-02 05:30:00
119,sess_00119,Social Media,Tablet,1,1,1,1,1,1,84.38,2024-01-02 05:45:00
120,sess_00120,Organic Search,Desktop,1,1,1,1,1,1,213.73,2024-01-02 06:00:00
121,sess_00121,Paid Ad,Mobile,1,1,1,1,1,1,163.28,2024-01-02 06:15:00
122,sess_00122,Referral,Tablet,1,1,1,1,1,1,153.72,2024-01-02 06:30:00
123,sess_00123,Social Media,Desktop,1,1,1,1,1,1,179.54,2024-01-02 06:45:00
124,sess_00124,Organic Search,Mobile,1,1,1,1,1,1,208.59,2024-01-02 07:00:00
125,sess_00125,Paid Ad,Tablet,1,1,1,1,1,1,171.77,2024-01-02 07:15:00
126,sess_00126,Referral,Desktop,1,1,1,1,1,1,173.72,2024-01-02 07:30:00
127,sess_00127,Social Media,Mobile,1,1,1,1,1,1,153.27,2024-01-02 07:45:00
128,sess_00128,Organic Search,Tablet,1,1,1,1,1,1,146.46,2024-01-02 08:00:00
129,sess_00129,Paid Ad,Desktop,1,1,1,1,1,1,138.11,2024-01-02 08:15:00
130,sess_00130,Referral,Mobile,1,1,1,1,1,1,129.35,2024-01-02 08:30:00
131,sess_00131,Social Media,Tablet,1,1,1,1,1,1,132.82,2024-01-02 08:45:00
132,sess_00132,Organic Search,Desktop,1,1,1,1,1,1,116.24,2024-01-02 09:00:00
133,sess_00133,Paid Ad,Mobile,1,1,1,1,1,1,148.1,2024-01-02 09:15:00
134,sess_00134,Referral,Tablet,1,1,1,1,1,1,107.88,2024-01-02 09:30:00
135,sess_00135,Social Media,Desktop,1,1,1,1,1,1,154.77,2024-01-02 09:45:00
136,sess_00136,Organic Search,Mobile,1,1,1,1,1,1,149.09,2024-01-02 10:00:00
137,sess_00137,Paid Ad,Tablet,1,1,1,1,1,1,153.67,2024-01-02 10:15:00
138,sess_00138,Referral,Desktop,1,1,1,1,1,1,136.95,2024-01-02 10:30:00
139,sess_00139,Social Media,Mobile,1,1,1,1,1,1,226.92,2024-01-02 10:45:00
140,sess_00140,Organic Search,Tablet,1,1,1,1,1,1,184.0,2024-01-02 11:00:00
141,sess_00141,Paid Ad,Desktop,1,1,1,1,1,1,118.89,2024-01-02 11:15:00
142,sess_00142,Referral,Mobile,1,1,1,1,1,1,155.82,2024-01-02 11:30:00
143,sess_00143,Social Media,Tablet,1,1,1,1,1,1,134.8,2024-01-02 11:45:00
144,sess_00144,Organic Search,Desktop,1,1,1,1,1,1,124.64,2024-01-02 12:00:00
145,sess_00145,Paid Ad,Mobile,1,1,1,1,1,1,116.5,2024-01-02 12:15:00
146,sess_00146,Referral,Tablet,1,1,1,1,1,1,160.81,2024-01-02 12:30:00
147,sess_00147,Social Media,Desktop,1,1,1,1,1,1,132.97,2024-01-02 12:45:00
148,sess_00148,Organic Search,Mobile,1,1,1,1,1,1,174.2,2024-01-02 13:00:00
149,sess_00149,Paid Ad,Tablet,1,1,1,1,1,1,174.84,2024-01-02 13:15:00
150,sess_00150,Referral,Desktop,1,1,1,1,1,1,184.35,2024-01-02 13:30:00
151,sess_00151,Social Media,Mobile,1,1,1,1,1,1,128.69,2024-01-02 13:45:00
152,sess_00152,Organic Search,Tablet,1,1,1,1,1,1,161.88,2024-01-02 14:00:00
153,sess_00153,Paid Ad,Desktop,1,1,1,1,1,1,165.81,2024-01-02 14:15:00
154,sess_00154,Referral,Mobile,1,1,1,1,1,1,138.15,2024-01-02 14:30:00
155,sess_00155,Social Media,Tablet,1,1,1,1,1,1,130.71,2024-01-02 14:45:00
156,sess_00156,Organic Search,Desktop,1,1,1,1,1,1,190.24,2024-01-02 15:00:00
157,sess_00157,Paid Ad,Mobile,1,1,1,1,1,1,155.69,2024-01-02 15:15:00
158,sess_00158,Referral,Tablet,1,1,1,1,1,1,165.9,2024-01-02 15:30:00
159,sess_00159,Social Media,Desktop,1,1,1,1,1,1,129.45,2024-01-02 15:45:00
160,sess_00160,Organic Search,Mobile,1,1,1,1,1,1,119.52,2024-01-02 16:00:00
161,sess_00161,Paid Ad,Tablet,1,1,1,1,1,1,135.76,2024-01-02 16:15:00
162,sess_00162,Referral,Desktop,1,1,1,1,1,1,146.9,2024-01-02 16:30:00
163,sess_00163,Social Media,Mobile,1,1,1,1,1,1,123.39,2024-01-02 16:45:00
164,sess_00164,Organic Search,Tablet,1,1,1,1,1,1,149.75,2024-01-02 17:00:00
165,sess_00165,Paid Ad,Desktop,1,1,1,1,1,1,107.79,2024-01-02 17:15:00
166,sess_00166,Referral,Mobile,1,1,1,1,1,1,122.0,2024-01-02 17:30:00
167,sess_00167,Social Media,Tablet,1,1,1,1,1,1,166.77,2024-01-02 17:45:00
168,sess_00168,Organic Search,Desktop,1,1,1,1,1,1,165.09,2024-01-02 18:00:00
169,sess_00169,Paid Ad,Mobile,1,1,1,1,1,1,140.2,2024-01-02 18:15:00
170,sess_00170,Referral,Tablet,1,1,1,1,1,1,124.56,2024-01-02 18:30:00
171,sess_00171,Social Media,Desktop,1,1,1,1,1,1,124.31,2024-01-02 18:45:00
172,sess_00172,Organic Search,Mobile,1,1,1,1,1,1,140.67,2024-01-02 19:00:00
173,sess_00173,Paid Ad,Tablet,1,1,1,1,1,1,166.11,2024-01-02 19:15:00
174,sess_00174,Referral,Desktop,1,1,1,1,1,1,173.21,2024-01-02 19:30:00
175,sess_00175,Social Media,Mobile,1,1,1,1,1,1,137.59,2024-01-02 19:45:00
176,sess_00176,Organic Search,Tablet,1,1,1,1,1,1,121.16,2024-01-02 20:00:00
177,sess_00177,Paid Ad,Desktop,1,1,1,1,1,1,156.7,2024-01-02 20:15:00
178,sess_00178,Referral,Mobile,1,1,1,1,1,1,129.41,2024-01-02 20:30:00
179,sess_00179,Social Media,Tablet,1,1,1,1,1,1,137.04,2024-01-02 20:45:00
180,sess_00180,Organic Search,Desktop,1,1,1,1,1,1,183.13,2024-01-02 21:00:00
181,sess_00181,Paid Ad,Mobile,1,1,1,1,1,1,170.68,2024-01-02 21:15:00
182,sess_00182,Referral,Tablet,1,1,1,1,1,1,153.95,2024-01-02 21:30:00
183,sess_00183,Social Media,Desktop,1,1,1,1,1,1,118.2,2024-01-02 21:45:00
184,sess_00184,Organic Search,Mobile,1,1,1,1,1,1,155.28,2024-01-02 22:00:00
185,sess_00185,Paid Ad,Tablet,1,1,1,1,1,1,176.57,2024-01-02 22:15:00
186,sess_00186,Referral,Desktop,1,1,1,1,1,1,140.61,2024-01-02 22:30:00
187,sess_00187,Social Media,Mobile,1,1,1,1,1,1,183.78,2024-01-02 22:45:00
188,sess_00188,Organic Search,Tablet,1,1,1,1,1,1,182.32,2024-01-02 23:00:00
189,sess_00189,Paid Ad,Desktop,1,1,1,1,1,1,191.59,2024-01-02 23:15:00
190,sess_00190,Referral,Mobile,1,1,1,1,1,1,157.63,2024-01-02 23:30:00
191,sess_00191,Social Media,Tablet,1,1,1,1,1,1,164.68,2024-01-02 23:45:00
192,sess_00192,Organic Search,Desktop,1,1,1,1,1,1,185.35,2024-01-03 00:00:00
193,sess_00193,Paid Ad,Mobile,1,1,1,1,1,1,161.18,2024-01-03 00:15:00
194,sess_00194,Referral,Tablet,1,1,1,1,1,1,137.47,2024-01-03 00:30:00
195,sess_00195,Social Media,Desktop,1,1,1,1,1,1,138.79,2024-01-03 00:45:00
196,sess_00196,Organic Search,Mobile,1,1,1,1,1,1,155.96,2024-01-03 01:00:00
197,sess_00197,Paid Ad,Tablet,1,1,1,1,1,1,117.74,2024-01-03 01:15:00
198,sess_00198,Referral,Desktop,1,1,1,1,1,1,146.42,2024-01-03 01:30:00
199,sess_00199,Social Media,Mobile,1,1,1,1,1,1,177.41,2024-01-03 01:45:00
200,sess_00200,Organic Search,Tablet,1,1,1,1,1,1,95.22,2024-01-03 02:00:00
201,sess_00201,Paid Ad,Desktop,1,1,1,1,1,1,188.36,2024-01-03 02:15:00
202,sess_00202,Referral,Mobile,1,1,1,1,1,1,178.06,2024-01-03 02:30:00
203,sess_00203,Social Media,Tablet,1,1,1,1,1,1,138.51,2024-01-03 02:45:00
204,sess_00204,Organic Search,Desktop,1,1,1,1,1,1,163.58,2024-01-03 03:00:00
205,sess_00205,Paid Ad,Mobile,1,1,1,1,1,1,150.08,2024-01-03 03:15:00
206,sess_00206,Referral,Tablet,1,1,1,1,1,1,180.75,2024-01-03 03:30:00
207,sess_00207,Social Media,Desktop,1,1,1,1,1,1,174.57,2024-01-03 03:45:00
208,sess_00208,Organic Search,Mobile,1,1,1,1,1,1,115.0,2024-01-03 04:00:00
209,sess_00209,Paid Ad,Tablet,1,1,1,1,1,1,164.68,2024-01-03 04:15:00
210,sess_00210,Referral,Desktop,1,1,1,1,1,1,144.86,2024-01-03 04:30:00
211,sess_00211,Social Media,Mobile,1,1,1,1,1,1,152.07,2024-01-03 04:45:00
212,sess_00212,Organic Search,Tablet,1,1,1,1,1,1,131.8,2024-01-03 05:00:00
213,sess_00213,Paid Ad,Desktop,1,1,1,1,1,1,193.7,2024-01-03 05:15:00
214,sess_00214,Referral,Mobile,1,1,1,1,1,1,176.0,2024-01-03 05:30:00
215,sess_00215,Social Media,Tablet,1,1,1,1,1,1,131.51,2024-01-03 05:45:00
216,sess_00216,Organic Search,Desktop,1,1,1,1,1,1,116.63,2024-01-03 06:00:00
217,sess_00217,Paid Ad,Mobile,1,1,1,1,1,1,140.36,2024-01-03 06:15:00
218,sess_00218,Referral,Tablet,1,1,1,1,1,1,160.86,2024-01-03 06:30:00
219,sess_00219,Social Media,Desktop,1,1,1,1,1,1,156.01,2024-01-03 06:45:00
220,sess_00220,Organic Search,Mobile,1,1,1,1,1,1,181.33,2024-01-03 07:00:00
221,sess_00221,Paid Ad,Tablet,1,1,1,1,1,1,169.75,2024-01-03 07:15:00
222,sess_00222,Referral,Desktop,1,1,1,1,1,1,174.24,2024-01-03 07:30:00
223,sess_00223,Social Media,Mobile,1,1,1,1,1,1,158.17,2024-01-03 07:45:00
224,sess_00224,Organic Search,Tablet,1,1,1,1,1,1,115.27,2024-01-03 08:00:00
225,sess_00225,Paid Ad,Desktop,1,1,1,1,1,1,145.11,2024-01-03 08:15:00
226,sess_00226,Referral,Mobile,1,1,1,1,1,1,176.5,2024-01-03 08:30:00
227,sess_00227,Social Media,Tablet,1,1,1,1,1,1,148.71,2024-01-03 08:45:00
228,sess_00228,Organic Search,Desktop,1,1,1,1,1,1,162.58,2024-01-03 09:00:00
229,sess_00229,Paid Ad,Mobile,1,1,1,1,1,1,142.03,2024-01-03 09:15:00
230,sess_00230,Referral,Tablet,1,1,1,1,1,1,124.25,2024-01-03 09:30:00
231,sess_00231,Social Media,Desktop,1,1,1,1,1,1,146.92,2024-01-03 09:45:00
232,sess_00232,Organic Search,Mobile,1,1,1,1,1,1,157.73,2024-01-03 10:00:00
233,sess_00233,Paid Ad,Tablet,1,1,1,1,1,1,133.61,2024-01-03 10:15:00
234,sess_00234,Referral,Desktop,1,1,1,1,1,1,144.11,2024-01-03 10:30:00
235,sess_00235,Social Media,Mobile,1,1,1,1,1,1,126.51,2024-01-03 10:45:00
236,sess_00236,Organic Search,Tablet,1,1,1,1,1,1,177.98,2024-01-03 11:00:00
237,sess_00237,Paid Ad,Desktop,1,1,1,1,1,1,142.64,2024-01-03 11:15:00
238,sess_00238,Referral,Mobile,1,1,1,1,1,1,186.32,2024-01-03 11:30:00
239,sess_00239,Social Media,Tablet,1,1,1,1,1,1,188.22,2024-01-03 11:45:00
240,sess_00240,Organic Search,Desktop,1,1,1,1,1,1,147.97,2024-01-03 12:00:00
241,sess_00241,Paid Ad,Mobile,1,1,1,1,1,1,124.79,2024-01-03 12:15:00
242,sess_00242,Referral,Tablet,1,1,1,1,1,1,97.85,2024-01-03 12:30:00
243,sess_00243,Social Media,Desktop,1,1,1,1,1,1,113.2,2024-01-03 12:45:00
244,sess_00244,Organic Search,Mobile,1,1,1,1,1,1,115.65,2024-01-03 13:00:00
245,sess_00245,Paid Ad,Tablet,1,1,1,1,1,1,184.46,2024-01-03 13:15:00
246,sess_00246,Referral,Desktop,1,1,1,1,1,1,152.9,2024-01-03 13:30:00
247,sess_00247,Social Media,Mobile,1,1,1,1,1,1,159.74,2024-01-03 13:45:00
248,sess_00248,Organic Search,Tablet,1,1,1,1,1,1,94.49,2024-01-03 14:00:00
249,sess_00249,Paid Ad,Desktop,1,1,1,1,1,1,120.05,2024-01-03 14:15:00
250,sess_00250,Referral,Mobile,1,1,1,1,1,1,172.18,2024-01-03 14:30:00
251,sess_00251,Social Media,Tablet,1,1,1,1,1,1,157.17,2024-01-03 14:45:00
252,sess_00252,Organic Search,Desktop,1,1,1,1,1,1,146.32,2024-01-03 15:00:00
253,sess_00253,Paid Ad,Mobile,1,1,1,1,1,1,164.12,2024-01-03 15:15:00
254,sess_00254,Referral,Tablet,1,1,1,1,1,1,190.89,2024-01-03 15:30:00
255,sess_00255,Social Media,Desktop,1,1,1,1,1,1,144.47,2024-01-03 15:45:00
256,sess_00256,Organic Search,Mobile,1,1,1,1,1,1,151.73,2024-01-03 16:00:00
257,sess_00257,Paid Ad,Tablet,1,1,1,1,1,1,154.81,2024-01-03 16:15:00
258,sess_00258,Referral,Desktop,1,1,1,1,1,1,209.8,2024-01-03 16:30:00
259,sess_00259,Social Media,Mobile,1,1,1,1,1,1,97.52,2024-01-03 16:45:00
260,sess_00260,Organic Search,Tablet,1,1,1,1,1,1,167.08,2024-01-03 17:00:00
261,sess_00261,Paid Ad,Desktop,1,1,1,1,1,1,147.13,2024-01-03 17:15:00
262,sess_00262,Referral,Mobile,1,1,1,1,1,1,164.17,2024-01-03 17:30:00
263,sess_00263,Social Media,Tablet,1,1,1,1,1,1,133.57,2024-01-03 17:45:00
264,sess_00264,Organic Search,Desktop,1,1,1,1,1,1,148.78,2024-01-03 18:00:00
265,sess_00265,Paid Ad,Mobile,1,1,1,1,1,1,167.79,2024-01-03 18:15:00
266,sess_00266,Referral,Tablet,1,1,1,1,1,1,227.82,2024-01-03 18:30:00
267,sess_00267,Social Media,Desktop,1,1,1,1,1,1,170.2,2024-01-03 18:45:00
268,sess_00268,Organic Search,Mobile,1,1,1,1,1,1,128.8,2024-01-03 19:00:00
269,sess_00269,Paid Ad,Tablet,1,1,1,1,1,1,139.41,2024-01-03 19:15:00
270,sess_00270,Referral,Desktop,1,1,1,1,1,1,138.66,2024-01-03 19:30:00
271,sess_00271,Social Media,Mobile,1,1,1,1,1,1,105.11,2024-01-03 19:45:00
272,sess_00272,Organic Search,Tablet,1,1,1,1,1,1,141.75,2024-01-03 20:00:00
273,sess_00273,Paid Ad,Desktop,1,1,1,1,1,1,168.32,2024-01-03 20:15:00
274,sess_00274,Referral,Mobile,1,1,1,1,1,1,118.14,2024-01-03 20:30:00
275,sess_00275,Social Media,Tablet,1,1,1,1,1,1,176.21,2024-01-03 20:45:00
276,sess_00276,Organic Search,Desktop,1,1,1,1,1,1,162.19,2024-01-03 21:00:00
277,sess_00277,Paid Ad,Mobile,1,1,1,1,1,1,131.64,2024-01-03 21:15:00
278,sess_00278,Referral,Tablet,1,1,1,1,1,1,146.46,2024-01-03 21:30:00
279,sess_00279,Social Media,Desktop,1,1,1,1,1,1,189.96,2024-01-03 21:45:00
280,sess_00280,Organic Search,Mobile,1,1,1,1,1,1,168.34,2024-01-03 22:00:00
281,sess_00281,Paid Ad,Tablet,1,1,1,1,1,1,150.22,2024-01-03 22:15:00
282,sess_00282,Referral,Desktop,1,1,1,1,1,1,144.06,2024-01-03 22:30:00
283,sess_00283,Social Media,Mobile,1,1,1,1,1,1,151.92,2024-01-03 22:45:00
284,sess_00284,Organic Search,Tablet,1,1,1,1,1,1,137.21,2024-01-03 23:00:00
285,sess_00285,Paid Ad,Desktop,1,1,1,1,1,1,97.38,2024-01-03 23:15:00
286,sess_00286,Referral,Mobile,1,1,1,1,1,1,201.05,2024-01-03 23:30:00
287,sess_00287,Social Media,Tablet,1,1,1,1,1,1,153.88,2024-01-03 23:45:00
288,sess_00288,Organic Search,Desktop,1,1,1,1,1,1,159.95,2024-01-04 00:00:00
289,sess_00289,Paid Ad,Mobile,1,1,1,1,1,1,148.55,2024-01-04 00:15:00
290,sess_00290,Referral,Tablet,1,1,1,1,1,1,131.62,2024-01-04 00:30:00
291,sess_00291,Social Media,Desktop,1,1,1,1,1,1,145.35,2024-01-04 00:45:00
292,sess_00292,Organic Search,Mobile,1,1,1,1,1,1,110.02,2024-01-04 01:00:00
293,sess_00293,Paid Ad,Tablet,1,1,1,1,1,1,206.93,2024-01-04 01:15:00
294,sess_00294,Referral,Desktop,1,1,1,1,1,1,119.14,2024-01-04 01:30:00
295,sess_00295,Social Media,Mobile,1,1,1,1,1,1,124.2,2024-01-04 01:45:00
296,sess_00296,Organic Search,Tablet,1,1,1,1,1,1,138.99,2024-01-04 02:00:00
297,sess_00297,Paid Ad,Desktop,1,1,1,1,1,1,182.2,2024-01-04 02:15:00
298,sess_00298,Referral,Mobile,1,1,1,1,1,1,150.36,2024-01-04 02:30:00
299,sess_00299,Social Media,Tablet,1,1,1,1,1,1,119.1,2024-01-04 02:45:00
300,sess_00300,Organic Search,Desktop,1,1,1,1,1,1,181.36,2024-01-04 03:00:00
301,sess_00301,Paid Ad,Mobile,1,1,1,1,1,1,168.28,2024-01-04 03:15:00
302,sess_00302,Referral,Tablet,1,1,1,1,1,1,163.46,2024-01-04 03:30:00
303,sess_00303,Social Media,Desktop,1,1,1,1,1,1,167.89,2024-01-04 03:45:00
304,sess_00304,Organic Search,Mobile,1,1,1,1,1,1,209.86,2024-01-04 04:00:00
305,sess_00305,Paid Ad,Tablet,1,1,1,1,1,1,204.63,2024-01-04 04:15:00
306,sess_00306,Referral,Desktop,1,1,1,1,1,1,132.83,2024-01-04 04:30:00
307,sess_00307,Social Media,Mobile,1,1,1,1,1,1,190.6,2024-01-04 04:45:00
308,sess_00308,Organic Search,Tablet,1,1,1,1,1,1,159.58,2024-01-04 05:00:00
309,sess_00309,Paid Ad,Desktop,1,1,1,1,1,1,162.48,2024-01-04 05:15:00
310,sess_00310,Referral,Mobile,1,1,1,1,1,1,107.69,2024-01-04 05:30:00
311,sess_00311,Social Media,Tablet,1,1,1,1,1,1,145.74,2024-01-04 05:45:00
312,sess_00312,Organic Search,Desktop,1,1,1,1,1,1,129.68,2024-01-04 06:00:00
313,sess_00313,Paid Ad,Mobile,1,1,1,1,1,1,170.7,2024-01-04 06:15:00
314,sess_00314,Referral,Tablet,1,1,1,1,1,1,176.78,2024-01-04 06:30:00
315,sess_00315,Social Media,Desktop,1,1,1,1,1,1,98.14,2024-01-04 06:45:00
316,sess_00316,Organic Search,Mobile,1,1,1,1,1,1,149.45,2024-01-04 07:00:00
317,sess_00317,Paid Ad,Tablet,1,1,1,1,1,1,178.05,2024-01-04 07:15:00
318,sess_00318,Referral,Desktop,1,1,1,1,1,1,145.33,2024-01-04 07:30:00
319,sess_00319,Social Media,Mobile,1,1,1,1,1,1,168.23,2024-01-04 07:45:00
320,sess_00320,Organic Search,Tablet,1,1,1,1,1,1,158.78,2024-01-04 08:00:00
321,sess_00321,Paid Ad,Desktop,1,1,1,1,1,1,158.54,2024-01-04 08:15:00
322,sess_00322,Referral,Mobile,1,1,1,1,1,1,143.22,2024-01-04 08:30:00
323,sess_00323,Social Media,Tablet,1,1,1,1,1,1,119.59,2024-01-04 08:45:00
324,sess_00324,Organic Search,Desktop,1,1,1,1,1,1,121.96,2024-01-04 09:00:00
325,sess_00325,Paid Ad,Mobile,1,1,1,1,1,1,167.73,2024-01-04 09:15:00
326,sess_00326,Referral,Tablet,1,1,1,1,1,1,150.49,2024-01-04 09:30:00
327,sess_00327,Social Media,Desktop,1,1,1,1,1,1,146.54,2024-01-04 09:45:00
328,sess_00328,Organic Search,Mobile,1,1,1,1,1,1,139.4,2024-01-04 10:00:00
329,sess_00329,Paid Ad,Tablet,1,1,1,1,1,1,142.37,2024-01-04 10:15:00
330,sess_00330,Referral,Desktop,1,1,1,1,1,1,176.17,2024-01-04 10:30:00
331,sess_00331,Social Media,Mobile,1,1,1,1,1,1,141.62,2024-01-04 10:45:00
332,sess_00332,Organic Search,Tablet,1,1,1,1,1,1,116.47,2024-01-04 11:00:00
333,sess_00333,Paid Ad,Desktop,1,1,1,1,1,1,168.59,2024-01-04 11:15:00
334,sess_00334,Referral,Mobile,1,1,1,1,1,1,144.88,2024-01-04 11:30:00
335,sess_00335,Social Media,Tablet,1,1,1,1,1,1,150.78,2024-01-04 11:45:00
336,sess_00336,Organic Search,Desktop,1,1,1,1,1,1,190.19,2024-01-04 12:00:00
337,sess_00337,Paid Ad,Mobile,1,1,1,1,1,1,149.49,2024-01-04 12:15:00
338,sess_00338,Referral,Tablet,1,1,1,1,1,1,157.23,2024-01-04 12:30:00
339,sess_00339,Social Media,Desktop,1,1,1,1,1,1,120.53,2024-01-04 12:45:00
340,sess_00340,Organic Search,Mobile,1,1,1,1,1,1,144.51,2024-01-04 13:00:00
341,sess_00341,Paid Ad,Tablet,1,1,1,1,1,1,165.24,2024-01-04 13:15:00
342,sess_00342,Referral,Desktop,1,1,1,1,1,1,111.12,2024-01-04 13:30:00
343,sess_00343,Social Media,Mobile,1,1,1,1,1,1,155.02,2024-01-04 13:45:00
344,sess_00344,Organic Search,Tablet,1,1,1,1,1,1,152.52,2024-01-04 14:00:00
345,sess_00345,Paid Ad,Desktop,1,1,1,1,1,1,151.03,2024-01-04 14:15:00
346,sess_00346,Referral,Mobile,1,1,1,1,1,1,175.93,2024-01-04 14:30:00
347,sess_00347,Social Media,Tablet,1,1,1,1,1,1,158.36,2024-01-04 14:45:00
348,sess_00348,Organic Search,Desktop,1,1,1,1,1,1,186.95,2024-01-04 15:00:00
349,sess_00349,Paid Ad,Mobile,1,1,1,1,1,1,125.16,2024-01-04 15:15:00
350,sess_00350,Referral,Tablet,1,1,1,1,1,1,153.4,2024-01-04 15:30:00
351,sess_00351,Social Media,Desktop,1,1,1,1,1,1,152.11,2024-01-04 15:45:00
352,sess_00352,Organic Search,Mobile,1,1,1,1,1,1,123.27,2024-01-04 16:00:00
353,sess_00353,Paid Ad,Tablet,1,1,1,1,1,1,173.91,2024-01-04 16:15:00
354,sess_00354,Referral,Desktop,1,1,1,1,1,1,208.12,2024-01-04 16:30:00
355,sess_00355,Social Media,Mobile,1,1,1,1,1,1,149.57,2024-01-04 16:45:00
356,sess_00356,Organic Search,Tablet,1,1,1,1,1,1,162.63,2024-01-04 17:00:00
357,sess_00357,Paid Ad,Desktop,1,1,1,1,1,1,152.11,2024-01-04 17:15:00
358,sess_00358,Referral,Mobile,1,1,1,1,1,1,132.16,2024-01-04 17:30:00
359,sess_00359,Social Media,Tablet,1,1,1,1,1,1,104.48,2024-01-04 17:45:00
360,sess_00360,Organic Search,Desktop,1,1,1,1,1,1,132.36,2024-01-04 18:00:00
361,sess_00361,Paid Ad,Mobile,1,1,1,1,1,1,115.2,2024-01-04 18:15:00
362,sess_00362,Referral,Tablet,1,1,1,1,1,1,192.6,2024-01-04 18:30:00
363,sess_00363,Social Media,Desktop,1,1,1,1,1,1,147.12,2024-01-04 18:45:00
364,sess_00364,Organic Search,Mobile,1,1,1,1,1,1,141.35,2024-01-04 19:00:00
365,sess_00365,Paid Ad,Tablet,1,1,1,1,1,1,172.23,2024-01-04 19:15:00
366,sess_00366,Referral,Desktop,1,1,1,1,1,1,121.96,2024-01-04 19:30:00
367,sess_00367,Social Media,Mobile,1,1,1,1,1,1,130.83,2024-01-04 19:45:00
368,sess_00368,Organic Search,Tablet,1,1,1,1,1,1,151.7,2024-01-04 20:00:00
369,sess_00369,Paid Ad,Desktop,1,1,1,1,1,1,175.72,2024-01-04 20:15:00
370,sess_00370,Referral,Mobile,1,1,1,1,1,1,162.54,2024-01-04 20:30:00
371,sess_00371,Social Media,Tablet,1,1,1,1,1,1,156.21,2024-01-04 20:45:00
372,sess_00372,Organic Search,Desktop,1,1,1,1,1,1,151.95,2024-01-04 21:00:00
373,sess_00373,Paid Ad,Mobile,1,1,1,1,1,1,160.01,2024-01-04 21:15:00
374,sess_00374,Referral,Tablet,1,1,1,1,1,1,155.04,2024-01-04 21:30:00
375,sess_00375,Social Media,Desktop,1,1,1,1,1,1,124.25,2024-01-04 21:45:00
376,sess_00376,Organic Search,Mobile,1,1,1,1,1,1,151.15,2024-01-04 22:00:00
377,sess_00377,Paid Ad,Tablet,1,1,1,1,1,1,123.16,2024-01-04 22:15:00
378,sess_00378,Referral,Desktop,1,1,1,1,1,1,152.03,2024-01-04 22:30:00
379,sess_00379,Social Media,Mobile,1,1,1,1,1,1,137.98,2024-01-04 22:45:00
380,sess_00380,Organic Search,Tablet,1,1,1,1,1,1,213.48,2024-01-04 23:00:00
381,sess_00381,Paid Ad,Desktop,1,1,1,1,1,1,149.0,2024-01-04 23:15:00
382,sess_00382,Referral,Mobile,1,1,1,1,1,1,114.89,2024-01-04 23:30:00
383,sess_00383,Social Media,Tablet,1,1,1,1,1,1,146.65,2024-01-04 23:45:00
384,sess_00384,Organic Search,Desktop,1,1,1,1,1,1,162.98,2024-01-05 00:00:00
385,sess_00385,Paid Ad,Mobile,1,1,1,1,1,1,191.83,2024-01-05 00:15:00
386,sess_00386,Referral,Tablet,1,1,1,1,1,1,135.26,2024-01-05 00:30:00
387,sess_00387,Social Media,Desktop,1,1,1,1,1,1,110.44,2024-01-05 00:45:00
388,sess_00388,Organic Search,Mobile,1,1,1,1,1,1,170.42,2024-01-05 01:00:00
389,sess_00389,Paid Ad,Tablet,1,1,1,1,1,1,115.49,2024-01-05 01:15:00
390,sess_00390,Referral,Desktop,1,1,1,1,1,1,139.1,2024-01-05 01:30:00
391,sess_00391,Social Media,Mobile,1,1,1,1,1,1,143.56,2024-01-05 01:45:00
392,sess_00392,Organic Search,Tablet,1,1,1,1,1,1,148.26,2024-01-05 02:00:00
393,sess_00393,Paid Ad,Desktop,1,1,1,1,1,1,167.23,2024-01-05 02:15:00
394,sess_00394,Referral,Mobile,1,1,1,1,1,1,132.91,2024-01-05 02:30:00
395,sess_00395,Social Media,Tablet,1,1,1,1,1,1,143.16,2024-01-05 02:45:00
396,sess_00396,Organic Search,Desktop,1,1,1,1,1,1,149.64,2024-01-05 03:00:00
397,sess_00397,Paid Ad,Mobile,1,1,1,1,1,1,153.74,2024-01-05 03:15:00
398,sess_00398,Referral,Tablet,1,1,1,1,1,1,152.45,2024-01-05 03:30:00
399,sess_00399,Social Media,Desktop,1,1,1,1,1,1,160.9,2024-01-05 03:45:00
400,sess_00400,Organic Search,Mobile,1,1,1,1,1,1,171.1,2024-01-05 04:00:00
401,sess_00401,Paid Ad,Tablet,1,1,1,1,1,1,159.82,2024-01-05 04:15:00
402,sess_00402,Referral,Desktop,1,1,1,1,1,1,161.34,2024-01-05 04:30:00
403,sess_00403,Social Media,Mobile,1,1,1,1,1,1,110.44,2024-01-05 04:45:00
404,sess_00404,Organic Search,Tablet,1,1,1,1,1,1,151.26,2024-01-05 05:00:00
405,sess_00405,Paid Ad,Desktop,1,1,1,1,1,1,161.99,2024-01-05 05:15:00
406,sess_00406,Referral,Mobile,1,1,1,1,1,1,168.22,2024-01-05 05:30:00
407,sess_00407,Social Media,Tablet,1,1,1,1,1,1,132.69,2024-01-05 05:45:00
408,sess_00408,Organic Search,Desktop,1,1,1,1,1,1,133.52,2024-01-05 06:00:00
409,sess_00409,Paid Ad,Mobile,1,1,1,1,1,1,135.65,2024-01-05 06:15:00
410,sess_00410,Referral,Tablet,1,1,1,1,1,1,163.41,2024-01-05 06:30:00
411,sess_00411,Social Media,Desktop,1,1,1,1,1,1,175.85,2024-01-05 06:45:00
412,sess_00412,Organic Search,Mobile,1,1,1,1,1,1,139.81,2024-01-05 07:00:00
413,sess_00413,Paid Ad,Tablet,1,1,1,1,1,1,172.7,2024-01-05 07:15:00
414,sess_00414,Referral,Desktop,1,1,1,1,1,1,153.09,2024-01-05 07:30:00
415,sess_00415,Social Media,Mobile,1,1,1,1,1,1,146.89,2024-01-05 07:45:00
416,sess_00416,Organic Search,Tablet,1,1,1,1,1,1,144.72,2024-01-05 08:00:00
417,sess_00417,Paid Ad,Desktop,1,1,1,1,1,1,168.67,2024-01-05 08:15:00
418,sess_00418,Referral,Mobile,1,1,1,1,1,1,158.14,2024-01-05 08:30:00
419,sess_00419,Social Media,Tablet,1,1,1,1,1,1,206.9,2024-01-05 08:45:00
420,sess_00420,Organic Search,Desktop,1,1,1,1,1,1,128.69,2024-01-05 09:00:00
421,sess_00421,Paid Ad,Mobile,1,1,1,1,1,1,162.95,2024-01-05 09:15:00
422,sess_00422,Referral,Tablet,1,1,1,1,1,1,136.77,2024-01-05 09:30:00
423,sess_00423,Social Media,Desktop,1,1,1,1,1,1,128.27,2024-01-05 09:45:00
424,sess_00424,Organic Search,Mobile,1,1,1,1,1,1,149.73,2024-01-05 10:00:00
425,sess_00425,Paid Ad,Tablet,1,1,1,1,1,1,153.43,2024-01-05 10:15:00
426,sess_00426,Referral,Desktop,1,1,1,1,1,1,222.95,2024-01-05 10:30:00
427,sess_00427,Social Media,Mobile,1,1,1,1,1,1,145.4,2024-01-05 10:45:00
428,sess_00428,Organic Search,Tablet,1,1,1,1,1,1,121.75,2024-01-05 11:00:00
429,sess_00429,Paid Ad,Desktop,1,1,1,1,1,1,156.83,2024-01-05 11:15:00
430,sess_00430,Referral,Mobile,1,1,1,1,1,1,98.13,2024-01-05 11:30:00
431,sess_00431,Social Media,Tablet,1,1,1,1,1,1,147.7,2024-01-05 11:45:00
432,sess_00432,Organic Search,Desktop,1,1,1,1,1,1,150.4,2024-01-05 12:00:00
433,sess_00433,Paid Ad,Mobile,1,1,1,1,1,1,169.87,2024-01-05 12:15:00
434,sess_00434,Referral,Tablet,1,1,1,1,1,1,174.34,2024-01-05 12:30:00
435,sess_00435,Social Media,Desktop,1,1,1,1,1,1,137.41,2024-01-05 12:45:00
436,sess_00436,Organic Search,Mobile,1,1,1,1,1,1,146.23,2024-01-05 13:00:00
437,sess_00437,Paid Ad,Tablet,1,1,1,1,1,1,130.85,2024-01-05 13:15:00
438,sess_00438,Referral,Desktop,1,1,1,1,1,1,121.8,2024-01-05 13:30:00
439,sess_00439,Social Media,Mobile,1,1,1,1,1,1,157.75,2024-01-05 13:45:00
440,sess_00440,Organic Search,Tablet,1,1,1,1,1,1,118.16,2024-01-05 14:00:00
441,sess_00441,Paid Ad,Desktop,1,1,1,1,1,1,139.63,2024-01-05 14:15:00
442,sess_00442,Referral,Mobile,1,1,1,1,1,1,125.12,2024-01-05 14:30:00
443,sess_00443,Social Media,Tablet,1,1,1,1,1,1,163.74,2024-01-05 14:45:00
444,sess_00444,Organic Search,Desktop,1,1,1,1,1,1,195.04,2024-01-05 15:00:00
445,sess_00445,Paid Ad,Mobile,1,1,1,1,1,1,117.46,2024-01-05 15:15:00
446,sess_00446,Referral,Tablet,1,1,1,1,1,1,103.67,2024-01-05 15:30:00
447,sess_00447,Social Media,Desktop,1,1,1,1,1,1,146.88,2024-01-05 15:45:00
448,sess_00448,Organic Search,Mobile,1,1,1,1,1,1,150.39,2024-01-05 16:00:00
449,sess_00449,Paid Ad,Tablet,1,1,1,1,1,1,155.47,2024-01-05 16:15:00
450,sess_00450,Referral,Desktop,1,1,1,1,1,1,138.84,2024-01-05 16:30:00
451,sess_00451,Social Media,Mobile,1,1,1,1,1,1,144.98,2024-01-05 16:45:00
452,sess_00452,Organic Search,Tablet,1,1,1,1,1,1,159.19,2024-01-05 17:00:00
453,sess_00453,Paid Ad,Desktop,1,1,1,1,1,1,176.01,2024-01-05 17:15:00
454,sess_00454,Referral,Mobile,1,1,1,1,1,1,101.12,2024-01-05 17:30:00
455,sess_00455,Social Media,Tablet,1,1,1,1,1,1,140.78,2024-01-05 17:45:00
456,sess_00456,Organic Search,Desktop,1,1,1,1,1,1,155.35,2024-01-05 18:00:00
457,sess_00457,Paid Ad,Mobile,1,1,1,1,1,1,127.05,2024-01-05 18:15:00
458,sess_00458,Referral,Tablet,1,1,1,1,1,1,193.28,2024-01-05 18:30:00
459,sess_00459,Social Media,Desktop,1,1,1,1,1,1,134.11,2024-01-05 18:45:00
460,sess_00460,Organic Search,Mobile,1,1,1,1,1,1,148.97,2024-01-05 19:00:00
461,sess_00461,Paid Ad,Tablet,1,1,1,1,1,1,163.9,2024-01-05 19:15:00
462,sess_00462,Referral,Desktop,1,1,1,1,1,1,135.22,2024-01-05 19:30:00
463,sess_00463,Social Media,Mobile,1,1,1,1,1,1,103.84,2024-01-05 19:45:00
464,sess_00464,Organic Search,Tablet,1,1,1,1,1,1,139.28,2024-01-05 20:00:00
465,sess_00465,Paid Ad,Desktop,1,1,1,1,1,1,175.74,2024-01-05 20:15:00
466,sess_00466,Referral,Mobile,1,1,1,1,1,1,141.58,2024-01-05 20:30:00
467,sess_00467,Social Media,Tablet,1,1,1,1,1,1,128.84,2024-01-05 20:45:00
468,sess_00468,Organic Search,Desktop,1,1,1,1,1,1,173.14,2024-01-05 21:00:00
469,sess_00469,Paid Ad,Mobile,1,1,1,1,1,1,141.73,2024-01-05 21:15:00
470,sess_00470,Referral,Tablet,1,1,1,1,1,1,137.25,2024-01-05 21:30:00
471,sess_00471,Social Media,Desktop,1,1,1,1,1,1,153.74,2024-01-05 21:45:00
472,sess_00472,Organic Search,Mobile,1,1,1,1,1,1,169.27,2024-01-05 22:00:00
473,sess_00473,Paid Ad,Tablet,1,1,1,1,1,1,209.54,2024-01-05 22:15:00
474,sess_00474,Referral,Desktop,1,1,1,1,1,1,170.68,2024-01-05 22:30:00
475,sess_00475,Social Media,Mobile,1,1,1,1,1,1,179.0,2024-01-05 22:45:00
476,sess_00476,Organic Search,Tablet,1,1,1,1,1,1,137.35,2024-01-05 23:00:00
477,sess_00477,Paid Ad,Desktop,1,1,1,1,1,1,124.35,2024-01-05 23:15:00
478,sess_00478,Referral,Mobile,1,1,1,1,1,1,151.56,2024-01-05 23:30:00
479,sess_00479,Social Media,Tablet,1,1,1,1,1,1,152.68,2024-01-05 23:45:00
480,sess_00480,Organic Search,Desktop,1,1,1,1,1,1,123.04,2024-01-06 00:00:00
481,sess_00481,Paid Ad,Mobile,1,1,1,1,1,1,145.62,2024-01-06 00:15:00
482,sess_00482,Referral,Tablet,1,1,1,1,1,1,159.98,2024-01-06 00:30:00
483,sess_00483,Social Media,Desktop,1,1,1,1,1,1,159.01,2024-01-06 00:45:00
484,sess_00484,Organic Search,Mobile,1,1,1,1,1,1,162.61,2024-01-06 01:00:00
485,sess_00485,Paid Ad,Tablet,1,1,1,1,1,1,157.27,2024-01-06 01:15:00
486,sess_00486,Referral,Desktop,1,1,1,1,1,1,137.32,2024-01-06 01:30:00
487,sess_00487,Social Media,Mobile,1,1,1,1,1,1,137.15,2024-01-06 01:45:00
488,sess_00488,Organic Search,Tablet,1,1,1,1,1,1,120.03,2024-01-06 02:00:00
489,sess_00489,Paid Ad,Desktop,1,1,1,1,1,1,194.62,2024-01-06 02:15:00
490,sess_00490,Referral,Mobile,1,1,1,1,1,1,150.34,2024-01-06 02:30:00
491,sess_00491,Social Media,Tablet,1,1,1,1,1,1,144.38,2024-01-06 02:45:00
492,sess_00492,Organic Search,Desktop,1,1,1,1,1,1,126.78,2024-01-06 03:00:00
493,sess_00493,Paid Ad,Mobile,1,1,1,1,1,1,223.39,2024-01-06 03:15:00
494,sess_00494,Referral,Tablet,1,1,1,1,1,1,123.17,2024-01-06 03:30:00
495,sess_00495,Social Media,Desktop,1,1,1,1,1,1,139.28,2024-01-06 03:45:00
496,sess_00496,Organic Search,Mobile,1,1,1,1,1,1,160.4,2024-01-06 04:00:00
497,sess_00497,Paid Ad,Tablet,1,1,1,1,1,1,165.01,2024-01-06 04:15:00
498,sess_00498,Referral,Desktop,1,1,1,1,1,1,173.95,2024-01-06 04:30:00
499,sess_00499,Social Media,Mobile,1,1,1,1,1,1,195.19,2024-01-06 04:45:00
500,sess_00500,Organic Search,Tablet,1,1,1,1,1,1,162.65,2024-01-06 05:00:00
501,sess_00501,Paid Ad,Desktop,1,1,1,1,1,1,123.6,2024-01-06 05:15:00
502,sess_00502,Referral,Mobile,1,1,1,1,1,1,143.58,2024-01-06 05:30:00
503,sess_00503,Social Media,Tablet,1,1,1,1,1,1,157.7,2024-01-06 05:45:00
504,sess_00504,Organic Search,Desktop,1,1,1,1,1,1,201.71,2024-01-06 06:00:00
505,sess_00505,Paid Ad,Mobile,1,1,1,1,1,1,115.05,2024-01-06 06:15:00
506,sess_00506,Referral,Tablet,1,1,1,1,1,1,180.06,2024-01-06 06:30:00
507,sess_00507,Social Media,Desktop,1,1,1,1,1,1,154.5,2024-01-06 06:45:00
508,sess_00508,Organic Search,Mobile,1,1,1,1,1,1,170.95,2024-01-06 07:00:00
509,sess_00509,Paid Ad,Tablet,1,1,1,1,1,1,147.45,2024-01-06 07:15:00
510,sess_00510,Referral,Desktop,1,1,1,1,1,1,128.94,2024-01-06 07:30:00
511,sess_00511,Social Media,Mobile,1,1,1,1,1,1,168.77,2024-01-06 07:45:00
512,sess_00512,Organic Search,Tablet,1,1,1,1,1,1,166.36,2024-01-06 08:00:00
513,sess_00513,Paid Ad,Desktop,1,1,1,1,1,1,174.3,2024-01-06 08:15:00
514,sess_00514,Referral,Mobile,1,1,1,1,1,1,149.67,2024-01-06 08:30:00
515,sess_00515,Social Media,Tablet,1,1,1,1,1,1,135.0,2024-01-06 08:45:00
516,sess_00516,Organic Search,Desktop,1,1,1,1,1,1,111.03,2024-01-06 09:00:00
517,sess_00517,Paid Ad,Mobile,1,1,1,1,1,1,170.48,2024-01-06 09:15:00
518,sess_00518,Referral,Tablet,1,1,1,1,1,1,160.6,2024-01-06 09:30:00
519,sess_00519,Social Media,Desktop,1,1,1,1,1,1,125.86,2024-01-06 09:45:00
520,sess_00520,Organic Search,Mobile,1,1,1,1,1,1,136.54,2024-01-06 10:00:00
521,sess_00521,Paid Ad,Tablet,1,1,1,1,1,1,138.33,2024-01-06 10:15:00
522,sess_00522,Referral,Desktop,1,1,1,1,1,1,112.93,2024-01-06 10:30:00
523,sess_00523,Social Media,Mobile,1,1,1,1,1,1,129.56,2024-01-06 10:45:00
524,sess_00524,Organic Search,Tablet,1,1,1,1,1,1,121.65,2024-01-06 11:00:00
525,sess_00525,Paid Ad,Desktop,1,1,1,1,1,1,139.69,2024-01-06 11:15:00
526,sess_00526,Referral,Mobile,1,1,1,1,1,1,131.53,2024-01-06 11:30:00
527,sess_00527,Social Media,Tablet,1,1,1,1,1,1,109.32,2024-01-06 11:45:00
528,sess_00528,Organic Search,Desktop,1,1,1,1,1,1,200.56,2024-01-06 12:00:00
529,sess_00529,Paid Ad,Mobile,1,1,1,1,1,1,181.31,2024-01-06 12:15:00
530,sess_00530,Referral,Tablet,1,1,1,1,1,1,130.52,2024-01-06 12:30:00
531,sess_00531,Social Media,Desktop,1,1,1,1,1,1,156.81,2024-01-06 12:45:00
532,sess_00532,Organic Search,Mobile,1,1,1,1,1,1,160.44,2024-01-06 13:00:00
533,sess_00533,Paid Ad,Tablet,1,1,1,1,1,1,179.78,2024-01-06 13:15:00
534,sess_00534,Referral,Desktop,1,1,1,1,1,1,129.53,2024-01-06 13:30:00
535,sess_00535,Social Media,Mobile,1,1,1,1,1,1,177.3,2024-01-06 13:45:00
536,sess_00536,Organic Search,Tablet,1,1,1,1,1,1,136.3,2024-01-06 14:00:00
537,sess_00537,Paid Ad,Desktop,1,1,1,1,1,1,116.6,2024-01-06 14:15:00
538,sess_00538,Referral,Mobile,1,1,1,1,1,1,168.1,2024-01-06 14:30:00
539,sess_00539,Social Media,Tablet,1,1,1,1,1,1,182.27,2024-01-06 14:45:00
540,sess_00540,Organic Search,Desktop,1,1,1,1,1,1,214.7,2024-01-06 15:00:00
541,sess_00541,Paid Ad,Mobile,1,1,1,1,1,1,120.01,2024-01-06 15:15:00
542,sess_00542,Referral,Tablet,1,1,1,1,1,1,167.47,2024-01-06 15:30:00
543,sess_00543,Social Media,Desktop,1,1,1,1,1,1,139.75,2024-01-06 15:45:00
544,sess_00544,Organic Search,Mobile,1,1,1,1,1,1,169.58,2024-01-06 16:00:00
545,sess_00545,Paid Ad,Tablet,1,1,1,1,1,1,113.24,2024-01-06 16:15:00
546,sess_00546,Referral,Desktop,1,1,1,1,1,1,118.43,2024-01-06 16:30:00
547,sess_00547,Social Media,Mobile,1,1,1,1,1,1,130.6,2024-01-06 16:45:00
548,sess_00548,Organic Search,Tablet,1,1,1,1,1,1,151.97,2024-01-06 17:00:00
549,sess_00549,Paid Ad,Desktop,1,1,1,1,1,1,133.97,2024-01-06 17:15:00
550,sess_00550,Referral,Mobile,1,1,1,1,1,1,166.48,2024-01-06 17:30:00
551,sess_00551,Social Media,Tablet,1,1,1,1,1,1,175.67,2024-01-06 17:45:00
552,sess_00552,Organic Search,Desktop,1,1,1,1,1,1,164.99,2024-01-06 18:00:00
553,sess_00553,Paid Ad,Mobile,1,1,1,1,1,1,190.47,2024-01-06 18:15:00
554,sess_00554,Referral,Tablet,1,1,1,1,1,1,160.4,2024-01-06 18:30:00
555,sess_00555,Social Media,Desktop,1,1,1,1,1,1,119.58,2024-01-06 18:45:00
556,sess_00556,Organic Search,Mobile,1,1,1,1,1,1,184.08,2024-01-06 19:00:00
557,sess_00557,Paid Ad,Tablet,1,1,1,1,1,1,134.87,2024-01-06 19:15:00
558,sess_00558,Referral,Desktop,1,1,1,1,1,1,172.76,2024-01-06 19:30:00
559,sess_00559,Social Media,Mobile,1,1,1,1,1,1,189.34,2024-01-06 19:45:00
560,sess_00560,Organic Search,Tablet,1,1,1,1,1,1,161.42,2024-01-06 20:00:00
561,sess_00561,Paid Ad,Desktop,1,1,1,1,1,1,112.6,2024-01-06 20:15:00
562,sess_00562,Referral,Mobile,1,1,1,1,1,1,127.04,2024-01-06 20:30:00
563,sess_00563,Social Media,Tablet,1,1,1,1,1,1,183.07,2024-01-06 20:45:00
564,sess_00564,Organic Search,Desktop,1,1,1,1,1,1,145.77,2024-01-06 21:00:00
565,sess_00565,Paid Ad,Mobile,1,1,1,1,1,1,151.99,2024-01-06 21:15:00
566,sess_00566,Referral,Tablet,1,1,1,1,1,1,168.97,2024-01-06 21:30:00
567,sess_00567,Social Media,Desktop,1,1,1,1,1,1,167.41,2024-01-06 21:45:00
568,sess_00568,Organic Search,Mobile,1,1,1,1,1,1,156.97,2024-01-06 22:00:00
569,sess_00569,Paid Ad,Tablet,1,1,1,1,1,1,144.78,2024-01-06 22:15:00
570,sess_00570,Referral,Desktop,1,1,1,1,1,1,142.18,2024-01-06 22:30:00
571,sess_00571,Social Media,Mobile,1,1,1,1,1,1,171.45,2024-01-06 22:45:00
572,sess_00572,Organic Search,Tablet,1,1,1,1,1,1,163.84,2024-01-06 23:00:00
573,sess_00573,Paid Ad,Desktop,1,1,1,1,1,1,143.57,2024-01-06 23:15:00
574,sess_00574,Referral,Mobile,1,1,1,1,1,1,177.05,2024-01-06 23:30:00
575,sess_00575,Social Media,Tablet,1,1,1,1,1,1,146.77,2024-01-06 23:45:00
576,sess_00576,Organic Search,Desktop,1,1,1,1,1,1,128.71,2024-01-07 00:00:00
577,sess_00577,Paid Ad,Mobile,1,1,1,1,1,1,131.03,2024-01-07 00:15:00
578,sess_00578,Referral,Tablet,1,1,1,1,1,1,125.53,2024-01-07 00:30:00
579,sess_00579,Social Media,Desktop,1,1,1,1,1,1,143.19,2024-01-07 00:45:00
580,sess_00580,Organic Search,Mobile,1,1,1,1,1,1,180.84,2024-01-07 01:00:00
581,sess_00581,Paid Ad,Tablet,1,1,1,1,1,1,129.87,2024-01-07 01:15:00
582,sess_00582,Referral,Desktop,1,1,1,1,1,1,154.71,2024-01-07 01:30:00
583,sess_00583,Social Media,Mobile,1,1,1,1,1,1,133.58,2024-01-07 01:45:00
584,sess_00584,Organic Search,Tablet,1,1,1,1,1,1,143.49,2024-01-07 02:00:00
585,sess_00585,Paid Ad,Desktop,1,1,1,1,1,1,112.25,2024-01-07 02:15:00
586,sess_00586,Referral,Mobile,1,1,1,1,1,1,144.49,2024-01-07 02:30:00
587,sess_00587,Social Media,Tablet,1,1,1,1,1,1,145.16,2024-01-07 02:45:00
588,sess_00588,Organic Search,Desktop,1,1,1,1,1,1,163.51,2024-01-07 03:00:00
589,sess_00589,Paid Ad,Mobile,1,1,1,1,1,1,155.58,2024-01-07 03:15:00
590,sess_00590,Referral,Tablet,1,1,1,1,1,1,120.04,2024-01-07 03:30:00
591,sess_00591,Social Media,Desktop,1,1,1,1,1,1,177.1,2024-01-07 03:45:00
592,sess_00592,Organic Search,Mobile,1,1,1,1,1,1,155.26,2024-01-07 04:00:00
593,sess_00593,Paid Ad,Tablet,1,1,1,1,1,1,154.96,2024-01-07 04:15:00
594,sess_00594,Referral,Desktop,1,1,1,1,1,1,149.77,2024-01-07 04:30:00
595,sess_00595,Social Media,Mobile,1,1,1,1,1,1,137.06,2024-01-07 04:45:00
596,sess_00596,Organic Search,Tablet,1,1,1,1,1,1,155.45,2024-01-07 05:00:00
597,sess_00597,Paid Ad,Desktop,1,1,1,1,1,1,161.89,2024-01-07 05:15:00
598,sess_00598,Referral,Mobile,1,1,1,1,1,1,106.33,2024-01-07 05:30:00
599,sess_00599,Social Media,Tablet,1,1,1,1,1,1,136.53,2024-01-07 05:45:00
600,sess_00600,Organic Search,Desktop,1,1,1,1,1,1,143.63,2024-01-07 06:00:00
601,sess_00601,Paid Ad,Mobile,1,1,1,1,1,1,156.4,2024-01-07 06:15:00
602,sess_00602,Referral,Tablet,1,1,1,1,1,1,179.83,2024-01-07 06:30:00
603,sess_00603,Social Media,Desktop,1,1,1,1,1,1,130.71,2024-01-07 06:45:00
604,sess_00604,Organic Search,Mobile,1,1,1,1,1,1,137.55,2024-01-07 07:00:00
605,sess_00605,Paid Ad,Tablet,1,1,1,1,1,1,137.19,2024-01-07 07:15:00
606,sess_00606,Referral,Desktop,1,1,1,1,1,1,129.96,2024-01-07 07:30:00
607,sess_00607,Social Media,Mobile,1,1,1,1,1,1,141.32,2024-01-07 07:45:00
608,sess_00608,Organic Search,Tablet,1,1,1,1,1,1,169.27,2024-01-07 08:00:00
609,sess_00609,Paid Ad,Desktop,1,1,1,1,1,1,123.65,2024-01-07 08:15:00
610,sess_00610,Referral,Mobile,1,1,1,1,1,1,160.7,2024-01-07 08:30:00
611,sess_00611,Social Media,Tablet,1,1,1,1,1,1,107.45,2024-01-07 08:45:00
612,sess_00612,Organic Search,Desktop,1,1,1,1,1,1,135.97,2024-01-07 09:00:00
613,sess_00613,Paid Ad,Mobile,1,1,1,1,1,1,141.76,2024-01-07 09:15:00
614,sess_00614,Referral,Tablet,1,1,1,1,1,1,191.87,2024-01-07 09:30:00
615,sess_00615,Social Media,Desktop,1,1,1,1,1,1,143.13,2024-01-07 09:45:00
616,sess_00616,Organic Search,Mobile,1,1,1,1,1,1,94.97,2024-01-07 10:00:00
617,sess_00617,Paid Ad,Tablet,1,1,1,1,1,1,100.03,2024-01-07 10:15:00
618,sess_00618,Referral,Desktop,1,1,1,1,1,1,150.85,2024-01-07 10:30:00
619,sess_00619,Social Media,Mobile,1,1,1,1,1,1,165.34,2024-01-07 10:45:00
620,sess_00620,Organic Search,Tablet,1,1,1,1,1,1,159.39,2024-01-07 11:00:00
621,sess_00621,Paid Ad,Desktop,1,1,1,1,1,1,154.19,2024-01-07 11:15:00
622,sess_00622,Referral,Mobile,1,1,1,1,1,1,179.06,2024-01-07 11:30:00
623,sess_00623,Social Media,Tablet,1,1,1,1,1,1,136.51,2024-01-07 11:45:00
624,sess_00624,Organic Search,Desktop,1,1,1,1,1,1,172.37,2024-01-07 12:00:00
625,sess_00625,Paid Ad,Mobile,1,1,1,1,1,1,109.2,2024-01-07 12:15:00
626,sess_00626,Referral,Tablet,1,1,1,1,1,1,127.38,2024-01-07 12:30:00
627,sess_00627,Social Media,Desktop,1,1,1,1,1,1,104.82,2024-01-07 12:45:00
628,sess_00628,Organic Search,Mobile,1,1,1,1,1,1,143.13,2024-01-07 13:00:00
629,sess_00629,Paid Ad,Tablet,1,1,1,1,1,1,148.84,2024-01-07 13:15:00
630,sess_00630,Referral,Desktop,1,1,1,1,1,1,152.85,2024-01-07 13:30:00
631,sess_00631,Social Media,Mobile,1,1,1,1,1,1,151.55,2024-01-07 13:45:00
632,sess_00632,Organic Search,Tablet,1,1,1,1,1,1,126.81,2024-01-07 14:00:00
633,sess_00633,Paid Ad,Desktop,1,1,1,1,1,1,145.24,2024-01-07 14:15:00
634,sess_00634,Referral,Mobile,1,1,1,1,1,1,112.56,2024-01-07 14:30:00
635,sess_00635,Social Media,Tablet,1,1,1,1,1,1,184.08,2024-01-07 14:45:00
636,sess_00636,Organic Search,Desktop,1,1,1,1,1,1,142.41,2024-01-07 15:00:00
637,sess_00637,Paid Ad,Mobile,1,1,1,1,1,1,137.78,2024-01-07 15:15:00
638,sess_00638,Referral,Tablet,1,1,1,1,1,1,189.72,2024-01-07 15:30:00
639,sess_00639,Social Media,Desktop,1,1,1,1,1,1,118.94,2024-01-07 15:45:00
640,sess_00640,Organic Search,Mobile,1,1,1,1,1,1,121.86,2024-01-07 16:00:00
641,sess_00641,Paid Ad,Tablet,1,1,1,1,1,1,122.59,2024-01-07 16:15:00
642,sess_00642,Referral,Desktop,1,1,1,1,1,1,148.3,2024-01-07 16:30:00
643,sess_00643,Social Media,Mobile,1,1,1,1,1,1,160.79,2024-01-07 16:45:00
644,sess_00644,Organic Search,Tablet,1,1,1,1,1,1,168.49,2024-01-07 17:00:00
645,sess_00645,Paid Ad,Desktop,1,1,1,1,1,1,214.3,2024-01-07 17:15:00
646,sess_00646,Referral,Mobile,1,1,1,1,1,1,93.76,2024-01-07 17:30:00
647,sess_00647,Social Media,Tablet,1,1,1,1,1,1,165.22,2024-01-07 17:45:00
648,sess_00648,Organic Search,Desktop,1,1,1,1,1,1,136.07,2024-01-07 18:00:00
649,sess_00649,Paid Ad,Mobile,1,1,1,1,1,1,135.34,2024-01-07 18:15:00
650,sess_00650,Referral,Tablet,1,1,1,1,1,1,134.51,2024-01-07 18:30:00
651,sess_00651,Social Media,Desktop,1,1,1,1,1,1,127.28,2024-01-07 18:45:00
652,sess_00652,Organic Search,Mobile,1,1,1,1,1,1,192.11,2024-01-07 19:00:00
653,sess_00653,Paid Ad,Tablet,1,1,1,1,1,1,171.06,2024-01-07 19:15:00
654,sess_00654,Referral,Desktop,1,1,1,1,1,1,150.58,2024-01-07 19:30:00
655,sess_00655,Social Media,Mobile,1,1,1,1,1,1,183.78,2024-01-07 19:45:00
656,sess_00656,Organic Search,Tablet,1,1,1,1,1,1,112.19,2024-01-07 20:00:00
657,sess_00657,Paid Ad,Desktop,1,1,1,1,1,1,116.73,2024-01-07 20:15:00
658,sess_00658,Referral,Mobile,1,1,1,1,1,1,95.55,2024-01-07 20:30:00
659,sess_00659,Social Media,Tablet,1,1,1,1,1,1,132.51,2024-01-07 20:45:00
660,sess_00660,Organic Search,Desktop,1,1,1,1,1,1,154.04,2024-01-07 21:00:00
661,sess_00661,Paid Ad,Mobile,1,1,1,1,1,1,152.57,2024-01-07 21:15:00
662,sess_00662,Referral,Tablet,1,1,1,1,1,1,153.73,2024-01-07 21:30:00
663,sess_00663,Social Media,Desktop,1,1,1,1,1,1,114.72,2024-01-07 21:45:00
664,sess_00664,Organic Search,Mobile,1,1,1,1,1,1,170.08,2024-01-07 22:00:00
665,sess_00665,Paid Ad,Tablet,1,1,1,1,1,1,155.99,2024-01-07 22:15:00
666,sess_00666,Referral,Desktop,1,1,1,1,1,1,168.33,2024-01-07 22:30:00
667,sess_00667,Social Media,Mobile,1,1,1,1,1,1,102.68,2024-01-07 22:45:00
668,sess_00668,Organic Search,Tablet,1,1,1,1,1,1,157.79,2024-01-07 23:00:00
669,sess_00669,Paid Ad,Desktop,1,1,1,1,1,1,120.31,2024-01-07 23:15:00
670,sess_00670,Referral,Mobile,1,1,1,1,1,1,140.07,2024-01-07 23:30:00
671,sess_00671,Social Media,Tablet,1,1,1,1,1,1,163.36,2024-01-07 23:45:00
672,sess_00672,Organic Search,Desktop,1,1,1,1,1,1,152.28,2024-01-08 00:00:00
673,sess_00673,Paid Ad,Mobile,1,1,1,1,1,1,128.71,2024-01-08 00:15:00
674,sess_00674,Referral,Tablet,1,1,1,1,1,1,150.16,2024-01-08 00:30:00
675,sess_00675,Social Media,Desktop,1,1,1,1,1,1,111.71,2024-01-08 00:45:00
676,sess_00676,Organic Search,Mobile,1,1,1,1,1,1,178.76,2024-01-08 01:00:00
677,sess_00677,Paid Ad,Tablet,1,1,1,1,1,1,144.87,2024-01-08 01:15:00
678,sess_00678,Referral,Desktop,1,1,1,1,1,1,177.96,2024-01-08 01:30:00
679,sess_00679,Social Media,Mobile,1,1,1,1,1,1,136.84,2024-01-08 01:45:00
680,sess_00680,Organic Search,Tablet,1,1,1,1,1,1,136.91,2024-01-08 02:00:00
681,sess_00681,Paid Ad,Desktop,1,1,1,1,1,1,130.9,2024-01-08 02:15:00
682,sess_00682,Referral,Mobile,1,1,1,1,1,1,171.9,2024-01-08 02:30:00
683,sess_00683,Social Media,Tablet,1,1,1,1,1,1,132.26,2024-01-08 02:45:00
684,sess_00684,Organic Search,Desktop,1,1,1,1,1,1,166.11,2024-01-08 03:00:00
685,sess_00685,Paid Ad,Mobile,1,1,1,1,1,1,140.44,2024-01-08 03:15:00
686,sess_00686,Referral,Tablet,1,1,1,1,1,1,100.6,2024-01-08 03:30:00
687,sess_00687,Social Media,Desktop,1,1,1,1,1,1,135.74,2024-01-08 03:45:00
688,sess_00688,Organic Search,Mobile,1,1,1,1,1,1,120.52,2024-01-08 04:00:00
689,sess_00689,Paid Ad,Tablet,1,1,1,1,1,1,150.85,2024-01-08 04:15:00
690,sess_00690,Referral,Desktop,1,1,1,1,1,1,120.24,2024-01-08 04:30:00
691,sess_00691,Social Media,Mobile,1,1,1,1,1,1,173.15,2024-01-08 04:45:00
692,sess_00692,Organic Search,Tablet,1,1,1,1,1,1,147.72,2024-01-08 05:00:00
693,sess_00693,Paid Ad,Desktop,1,1,1,1,1,1,145.56,2024-01-08 05:15:00
694,sess_00694,Referral,Mobile,1,1,1,1,1,1,166.4,2024-01-08 05:30:00
695,sess_00695,Social Media,Tablet,1,1,1,1,1,1,174.1,2024-01-08 05:45:00
696,sess_00696,Organic Search,Desktop,1,1,1,1,1,1,149.5,2024-01-08 06:00:00
697,sess_00697,Paid Ad,Mobile,1,1,1,1,1,1,130.72,2024-01-08 06:15:00
698,sess_00698,Referral,Tablet,1,1,1,1,1,1,105.65,2024-01-08 06:30:00
699,sess_00699,Social Media,Desktop,1,1,1,1,1,1,132.85,2024-01-08 06:45:00
700,sess_00700,Organic Search,Mobile,1,1,1,1,1,1,134.57,2024-01-08 07:00:00
701,sess_00701,Paid Ad,Tablet,1,1,1,1,1,1,152.68,2024-01-08 07:15:00
702,sess_00702,Referral,Desktop,1,1,1,1,1,1,141.37,2024-01-08 07:30:00
703,sess_00703,Social Media,Mobile,1,1,1,1,1,1,167.2,2024-01-08 07:45:00
704,sess_00704,Organic Search,Tablet,1,1,1,1,1,1,134.68,2024-01-08 08:00:00
705,sess_00705,Paid Ad,Desktop,1,1,1,1,1,1,148.57,2024-01-08 08:15:00
706,sess_00706,Referral,Mobile,1,1,1,1,1,1,179.6,2024-01-08 08:30:00
707,sess_00707,Social Media,Tablet,1,1,1,1,1,1,158.55,2024-01-08 08:45:00
708,sess_00708,Organic Search,Desktop,1,1,1,1,1,1,148.5,2024-01-08 09:00:00
709,sess_00709,Paid Ad,Mobile,1,1,1,1,1,1,134.95,2024-01-08 09:15:00
710,sess_00710,Referral,Tablet,1,1,1,1,1,1,134.17,2024-01-08 09:30:00
711,sess_00711,Social Media,Desktop,1,1,1,1,1,1,128.73,2024-01-08 09:45:00
712,sess_00712,Organic Search,Mobile,1,1,1,1,1,1,136.47,2024-01-08 10:00:00
713,sess_00713,Paid Ad,Tablet,1,1,1,1,1,1,168.89,2024-01-08 10:15:00
714,sess_00714,Referral,Desktop,1,1,1,1,1,1,144.45,2024-01-08 10:30:00
715,sess_00715,Social Media,Mobile,1,1,1,1,1,1,116.26,2024-01-08 10:45:00
716,sess_00716,Organic Search,Tablet,1,1,1,1,1,1,194.2,2024-01-08 11:00:00
717,sess_00717,Paid Ad,Desktop,1,1,1,1,1,1,158.0,2024-01-08 11:15:00
718,sess_00718,Referral,Mobile,1,1,1,1,1,1,114.83,2024-01-08 11:30:00
719,sess_00719,Social Media,Tablet,1,1,1,1,1,1,138.95,2024-01-08 11:45:00
720,sess_00720,Organic Search,Desktop,1,1,1,1,1,1,152.77,2024-01-08 12:00:00
721,sess_00721,Paid Ad,Mobile,1,1,1,1,1,1,192.61,2024-01-08 12:15:00
722,sess_00722,Referral,Tablet,1,1,1,1,1,1,122.3,2024-01-08 12:30:00
723,sess_00723,Social Media,Desktop,1,1,1,1,1,1,174.4,2024-01-08 12:45:00
724,sess_00724,Organic Search,Mobile,1,1,1,1,1,1,184.99,2024-01-08 13:00:00
725,sess_00725,Paid Ad,Tablet,1,1,1,1,1,1,134.28,2024-01-08 13:15:00
726,sess_00726,Referral,Desktop,1,1,1,1,1,1,143.06,2024-01-08 13:30:00
727,sess_00727,Social Media,Mobile,1,1,1,1,1,1,124.09,2024-01-08 13:45:00
728,sess_00728,Organic Search,Tablet,1,1,1,1,1,1,144.91,2024-01-08 14:00:00
729,sess_00729,Paid Ad,Desktop,1,1,1,1,1,1,149.09,2024-01-08 14:15:00
730,sess_00730,Referral,Mobile,1,1,1,1,1,1,166.49,2024-01-08 14:30:00
731,sess_00731,Social Media,Tablet,1,1,1,1,1,1,177.25,2024-01-08 14:45:00
732,sess_00732,Organic Search,Desktop,1,1,1,1,1,1,131.3,2024-01-08 15:00:00
733,sess_00733,Paid Ad,Mobile,1,1,1,1,1,1,100.82,2024-01-08 15:15:00
734,sess_00734,Referral,Tablet,1,1,1,1,1,1,149.47,2024-01-08 15:30:00
735,sess_00735,Social Media,Desktop,1,1,1,1,1,1,157.34,2024-01-08 15:45:00
736,sess_00736,Organic Search,Mobile,1,1,1,1,1,1,156.24,2024-01-08 16:00:00
737,sess_00737,Paid Ad,Tablet,1,1,1,1,1,1,141.83,2024-01-08 16:15:00
738,sess_00738,Referral,Desktop,1,1,1,1,1,1,153.12,2024-01-08 16:30:00
739,sess_00739,Social Media,Mobile,1,1,1,1,1,1,187.89,2024-01-08 16:45:00
740,sess_00740,Organic Search,Tablet,1,1,1,1,1,1,159.54,2024-01-08 17:00:00
741,sess_00741,Paid Ad,Desktop,1,1,1,1,1,1,140.67,2024-01-08 17:15:00
742,sess_00742,Referral,Mobile,1,1,1,1,1,1,137.5,2024-01-08 17:30:00
743,sess_00743,Social Media,Tablet,1,1,1,1,1,1,145.75,2024-01-08 17:45:00
744,sess_00744,Organic Search,Desktop,1,1,1,1,1,1,190.92,2024-01-08 18:00:00
745,sess_00745,Paid Ad,Mobile,1,1,1,1,1,1,145.42,2024-01-08 18:15:00
746,sess_00746,Referral,Tablet,1,1,1,1,1,1,149.51,2024-01-08 18:30:00
747,sess_00747,Social Media,Desktop,1,1,1,1,1,1,137.94,2024-01-08 18:45:00
748,sess_00748,Organic Search,Mobile,1,1,1,1,1,1,177.47,2024-01-08 19:00:00
749,sess_00749,Paid Ad,Tablet,1,1,1,1,1,1,199.0,2024-01-08 19:15:00
750,sess_00750,Referral,Desktop,1,1,1,1,1,1,161.27,2024-01-08 19:30:00
751,sess_00751,Social Media,Mobile,1,1,1,1,1,1,152.07,2024-01-08 19:45:00
752,sess_00752,Organic Search,Tablet,1,1,1,1,1,1,150.92,2024-01-08 20:00:00
753,sess_00753,Paid Ad,Desktop,1,1,1,1,1,1,90.39,2024-01-08 20:15:00
754,sess_00754,Referral,Mobile,1,1,1,1,1,1,168.63,2024-01-08 20:30:00
755,sess_00755,Social Media,Tablet,1,1,1,1,1,1,153.35,2024-01-08 20:45:00
756,sess_00756,Organic Search,Desktop,1,1,1,1,1,1,160.71,2024-01-08 21:00:00
757,sess_00757,Paid Ad,Mobile,1,1,1,1,1,1,132.21,2024-01-08 21:15:00
758,sess_00758,Referral,Tablet,1,1,1,1,1,1,140.39,2024-01-08 21:30:00
759,sess_00759,Social Media,Desktop,1,1,1,1,1,1,139.72,2024-01-08 21:45:00
760,sess_00760,Organic Search,Mobile,1,1,1,1,1,1,175.54,2024-01-08 22:00:00
761,sess_00761,Paid Ad,Tablet,1,1,1,1,1,1,140.53,2024-01-08 22:15:00
762,sess_00762,Referral,Desktop,1,1,1,1,1,1,202.07,2024-01-08 22:30:00
763,sess_00763,Social Media,Mobile,1,1,1,1,1,1,160.77,2024-01-08 22:45:00
764,sess_00764,Organic Search,Tablet,1,1,1,1,1,1,118.11,2024-01-08 23:00:00
765,sess_00765,Paid Ad,Desktop,1,1,1,1,1,1,146.79,2024-01-08 23:15:00
766,sess_00766,Referral,Mobile,1,1,1,1,1,1,133.71,2024-01-08 23:30:00
767,sess_00767,Social Media,Tablet,1,1,1,1,1,1,95.14,2024-01-08 23:45:00
768,sess_00768,Organic Search,Desktop,1,1,1,1,1,1,189.99,2024-01-09 00:00:00
769,sess_00769,Paid Ad,Mobile,1,1,1,1,1,1,167.58,2024-01-09 00:15:00
770,sess_00770,Referral,Tablet,1,1,1,1,1,1,163.33,2024-01-09 00:30:00
771,sess_00771,Social Media,Desktop,1,1,1,1,1,1,154.14,2024-01-09 00:45:00
772,sess_00772,Organic Search,Mobile,1,1,1,1,1,1,115.45,2024-01-09 01:00:00
773,sess_00773,Paid Ad,Tablet,1,1,1,1,1,1,137.91,2024-01-09 01:15:00
774,sess_00774,Referral,Desktop,1,1,1,1,1,1,171.04,2024-01-09 01:30:00
775,sess_00775,Social Media,Mobile,1,1,1,1,1,1,123.72,2024-01-09 01:45:00
776,sess_00776,Organic Search,Tablet,1,1,1,1,1,1,86.71,2024-01-09 02:00:00
777,sess_00777,Paid Ad,Desktop,1,1,1,1,1,1,144.32,2024-01-09 02:15:00
778,sess_00778,Referral,Mobile,1,1,1,1,1,1,146.46,2024-01-09 02:30:00
779,sess_00779,Social Media,Tablet,1,1,1,1,1,1,153.39,2024-01-09 02:45:00
780,sess_00780,Organic Search,Desktop,1,1,1,1,1,1,168.21,2024-01-09 03:00:00
781,sess_00781,Paid Ad,Mobile,1,1,1,1,1,1,165.94,2024-01-09 03:15:00
782,sess_00782,Referral,Tablet,1,1,1,1,1,1,156.47,2024-01-09 03:30:00
783,sess_00783,Social Media,Desktop,1,1,1,1,1,1,179.89,2024-01-09 03:45:00
784,sess_00784,Organic Search,Mobile,1,1,1,1,1,1,112.03,2024-01-09 04:00:00
785,sess_00785,Paid Ad,Tablet,1,1,1,1,1,1,162.61,2024-01-09 04:15:00
786,sess_00786,Referral,Desktop,1,1,1,1,1,1,165.66,2024-01-09 04:30:00
787,sess_00787,Social Media,Mobile,1,1,1,1,1,1,119.01,2024-01-09 04:45:00
788,sess_00788,Organic Search,Tablet,1,1,1,1,1,1,112.43,2024-01-09 05:00:00
789,sess_00789,Paid Ad,Desktop,1,1,1,1,1,1,131.35,2024-01-09 05:15:00
790,sess_00790,Referral,Mobile,1,1,1,1,1,1,133.46,2024-01-09 05:30:00
791,sess_00791,Social Media,Tablet,1,1,1,1,1,1,168.84,2024-01-09 05:45:00
792,sess_00792,Organic Search,Desktop,1,1,1,1,1,1,134.64,2024-01-09 06:00:00
793,sess_00793,Paid Ad,Mobile,1,1,1,1,1,1,128.59,2024-01-09 06:15:00
794,sess_00794,Referral,Tablet,1,1,1,1,1,1,134.71,2024-01-09 06:30:00
795,sess_00795,Social Media,Desktop,1,1,1,1,1,1,177.97,2024-01-09 06:45:00
796,sess_00796,Organic Search,Mobile,1,1,1,1,1,1,150.33,2024-01-09 07:00:00
797,sess_00797,Paid Ad,Tablet,1,1,1,1,1,1,145.52,2024-01-09 07:15:00
798,sess_00798,Referral,Desktop,1,1,1,1,1,1,147.25,2024-01-09 07:30:00
799,sess_00799,Social Media,Mobile,1,1,1,1,1,1,182.3,2024-01-09 07:45:00
800,sess_00800,Organic Search,Tablet,1,1,1,1,1,1,131.27,2024-01-09 08:00:00
801,sess_00801,Paid Ad,Desktop,1,1,1,1,1,1,182.89,2024-01-09 08:15:00
802,sess_00802,Referral,Mobile,1,1,1,1,1,1,155.26,2024-01-09 08:30:00
803,sess_00803,Social Media,Tablet,1,1,1,1,1,1,145.99,2024-01-09 08:45:00
804,sess_00804,Organic Search,Desktop,1,1,1,1,1,1,212.52,2024-01-09 09:00:00
805,sess_00805,Paid Ad,Mobile,1,1,1,1,1,1,123.61,2024-01-09 09:15:00
806,sess_00806,Referral,Tablet,1,1,1,1,1,1,141.16,2024-01-09 09:30:00
807,sess_00807,Social Media,Desktop,1,1,1,1,1,1,119.19,2024-01-09 09:45:00
808,sess_00808,Organic Search,Mobile,1,1,1,1,1,1,173.81,2024-01-09 10:00:00
809,sess_00809,Paid Ad,Tablet,1,1,1,1,1,1,192.23,2024-01-09 10:15:00
810,sess_00810,Referral,Desktop,1,1,1,1,1,1,191.75,2024-01-09 10:30:00
811,sess_00811,Social Media,Mobile,1,1,1,1,1,1,180.6,2024-01-09 10:45:00
812,sess_00812,Organic Search,Tablet,1,1,1,1,1,1,145.06,2024-01-09 11:00:00
813,sess_00813,Paid Ad,Desktop,1,1,1,1,1,1,140.87,2024-01-09 11:15:00
814,sess_00814,Referral,Mobile,1,1,1,1,1,1,108.22,2024-01-09 11:30:00
815,sess_00815,Social Media,Tablet,1,1,1,1,1,1,200.9,2024-01-09 11:45:00
816,sess_00816,Organic Search,Desktop,1,1,1,1,1,1,161.72,2024-01-09 12:00:00
817,sess_00817,Paid Ad,Mobile,1,1,1,1,1,1,137.7,2024-01-09 12:15:00
818,sess_00818,Referral,Tablet,1,1,1,1,1,1,183.2,2024-01-09 12:30:00
819,sess_00819,Social Media,Desktop,1,1,1,1,1,1,125.68,2024-01-09 12:45:00
820,sess_00820,Organic Search,Mobile,1,1,1,1,1,1,160.17,2024-01-09 13:00:00
821,sess_00821,Paid Ad,Tablet,1,1,1,1,1,1,145.68,2024-01-09 13:15:00
822,sess_00822,Referral,Desktop,1,1,1,1,1,1,165.97,2024-01-09 13:30:00
823,sess_00823,Social Media,Mobile,1,1,1,1,1,1,148.41,2024-01-09 13:45:00
824,sess_00824,Organic Search,Tablet,1,1,1,1,1,1,113.73,2024-01-09 14:00:00
825,sess_00825,Paid Ad,Desktop,1,1,1,1,1,1,151.89,2024-01-09 14:15:00
826,sess_00826,Referral,Mobile,1,1,1,1,1,1,176.22,2024-01-09 14:30:00
827,sess_00827,Social Media,Tablet,1,1,1,1,1,1,149.27,2024-01-09 14:45:00
828,sess_00828,Organic Search,Desktop,1,1,1,1,1,1,169.38,2024-01-09 15:00:00
829,sess_00829,Paid Ad,Mobile,1,1,1,1,1,1,123.86,2024-01-09 15:15:00
830,sess_00830,Referral,Tablet,1,1,1,1,1,1,149.34,2024-01-09 15:30:00
831,sess_00831,Social Media,Desktop,1,1,1,1,1,1,134.39,2024-01-09 15:45:00
832,sess_00832,Organic Search,Mobile,1,1,1,1,1,1,168.67,2024-01-09 16:00:00
833,sess_00833,Paid Ad,Tablet,1,1,1,1,1,1,150.79,2024-01-09 16:15:00
834,sess_00834,Referral,Desktop,1,1,1,1,1,1,167.25,2024-01-09 16:30:00
835,sess_00835,Social Media,Mobile,1,1,1,1,1,1,177.19,2024-01-09 16:45:00
836,sess_00836,Organic Search,Tablet,1,1,1,1,1,1,167.29,2024-01-09 17:00:00
837,sess_00837,Paid Ad,Desktop,1,1,1,1,1,1,156.83,2024-01-09 17:15:00
838,sess_00838,Referral,Mobile,1,1,1,1,1,1,125.04,2024-01-09 17:30:00
839,sess_00839,Social Media,Tablet,1,1,1,1,1,1,149.93,2024-01-09 17:45:00
840,sess_00840,Organic Search,Desktop,1,1,1,1,1,1,136.67,2024-01-09 18:00:00
841,sess_00841,Paid Ad,Mobile,1,1,1,1,1,1,141.4,2024-01-09 18:15:00
842,sess_00842,Referral,Tablet,1,1,1,1,1,1,140.64,2024-01-09 18:30:00
843,sess_00843,Social Media,Desktop,1,1,1,1,1,1,125.5,2024-01-09 18:45:00
844,sess_00844,Organic Search,Mobile,1,1,1,1,1,1,101.07,2024-01-09 19:00:00
845,sess_00845,Paid Ad,Tablet,1,1,1,1,1,1,133.3,2024-01-09 19:15:00
846,sess_00846,Referral,Desktop,1,1,1,1,1,1,154.83,2024-01-09 19:30:00
847,sess_00847,Social Media,Mobile,1,1,1,1,1,1,116.3,2024-01-09 19:45:00
848,sess_00848,Organic Search,Tablet,1,1,1,1,1,1,150.39,2024-01-09 20:00:00
849,sess_00849,Paid Ad,Desktop,1,1,1,1,1,1,197.51,2024-01-09 20:15:00
850,sess_00850,Referral,Mobile,1,1,1,1,1,1,175.58,2024-01-09 20:30:00
851,sess_00851,Social Media,Tablet,1,1,1,1,1,1,191.09,2024-01-09 20:45:00
852,sess_00852,Organic Search,Desktop,1,1,1,1,1,1,159.78,2024-01-09 21:00:00
853,sess_00853,Paid Ad,Mobile,1,1,1,1,1,1,179.19,2024-01-09 21:15:00
854,sess_00854,Referral,Tablet,1,1,1,1,1,1,131.9,2024-01-09 21:30:00
855,sess_00855,Social Media,Desktop,1,1,1,1,1,1,133.89,2024-01-09 21:45:00
856,sess_00856,Organic Search,Mobile,1,1,1,1,1,1,81.52,2024-01-09 22:00:00
857,sess_00857,Paid Ad,Tablet,1,1,1,1,1,1,179.65,2024-01-09 22:15:00
858,sess_00858,Referral,Desktop,1,1,1,1,1,1,188.51,2024-01-09 22:30:00
859,sess_00859,Social Media,Mobile,1,1,1,1,1,1,136.17,2024-01-09 22:45:00
860,sess_00860,Organic Search,Tablet,1,1,1,1,1,1,143.65,2024-01-09 23:00:00
861,sess_00861,Paid Ad,Desktop,1,1,1,1,1,1,131.15,2024-01-09 23:15:00
862,sess_00862,Referral,Mobile,1,1,1,1,1,1,159.57,2024-01-09 23:30:00
863,sess_00863,Social Media,Tablet,1,1,1,1,1,1,178.12,2024-01-09 23:45:00
864,sess_00864,Organic Search,Desktop,1,1,1,1,1,1,106.43,2024-01-10 00:00:00
865,sess_00865,Paid Ad,Mobile,1,1,1,1,1,1,160.24,2024-01-10 00:15:00
866,sess_00866,Referral,Tablet,1,1,1,1,1,1,143.08,2024-01-10 00:30:00
867,sess_00867,Social Media,Desktop,1,1,1,1,1,1,152.83,2024-01-10 00:45:00
868,sess_00868,Organic Search,Mobile,1,1,1,1,1,1,161.47,2024-01-10 01:00:00
869,sess_00869,Paid Ad,Tablet,1,1,1,1,1,1,145.29,2024-01-10 01:15:00
870,sess_00870,Referral,Desktop,1,1,1,1,1,1,147.41,2024-01-10 01:30:00
871,sess_00871,Social Media,Mobile,1,1,1,1,1,1,144.65,2024-01-10 01:45:00
872,sess_00872,Organic Search,Tablet,1,1,1,1,1,1,174.26,2024-01-10 02:00:00
873,sess_00873,Paid Ad,Desktop,1,1,1,1,1,1,160.47,2024-01-10 02:15:00
874,sess_00874,Referral,Mobile,1,1,1,1,1,1,155.51,2024-01-10 02:30:00
875,sess_00875,Social Media,Tablet,1,1,1,1,1,1,118.23,2024-01-10 02:45:00
876,sess_00876,Organic Search,Desktop,1,1,1,1,1,1,140.54,2024-01-10 03:00:00
877,sess_00877,Paid Ad,Mobile,1,1,1,1,1,1,172.47,2024-01-10 03:15:00
878,sess_00878,Referral,Tablet,1,1,1,1,1,1,150.94,2024-01-10 03:30:00
879,sess_00879,Social Media,Desktop,1,1,1,1,1,1,166.49,2024-01-10 03:45:00
880,sess_00880,Organic Search,Mobile,1,1,1,1,1,1,194.16,2024-01-10 04:00:00
881,sess_00881,Paid Ad,Tablet,1,1,1,1,1,1,175.97,2024-01-10 04:15:00
882,sess_00882,Referral,Desktop,1,1,1,1,1,1,152.33,2024-01-10 04:30:00
883,sess_00883,Social Media,Mobile,1,1,1,1,1,1,137.23,2024-01-10 04:45:00
884,sess_00884,Organic Search,Tablet,1,1,1,1,1,1,86.16,2024-01-10 05:00:00
885,sess_00885,Paid Ad,Desktop,1,1,1,1,1,1,145.79,2024-01-10 05:15:00
886,sess_00886,Referral,Mobile,1,1,1,1,1,1,141.85,2024-01-10 05:30:00
887,sess_00887,Social Media,Tablet,1,1,1,1,1,1,159.76,2024-01-10 05:45:00
888,sess_00888,Organic Search,Desktop,1,1,1,1,1,1,146.15,2024-01-10 06:00:00
889,sess_00889,Paid Ad,Mobile,1,1,1,1,1,1,141.99,2024-01-10 06:15:00
890,sess_00890,Referral,Tablet,1,1,1,1,1,1,105.52,2024-01-10 06:30:00
891,sess_00891,Social Media,Desktop,1,1,1,1,1,1,126.5,2024-01-10 06:45:00
892,sess_00892,Organic Search,Mobile,1,1,1,1,1,1,161.92,2024-01-10 07:00:00
893,sess_00893,Paid Ad,Tablet,1,1,1,1,1,1,192.9,2024-01-10 07:15:00
894,sess_00894,Referral,Desktop,1,1,1,1,1,1,147.56,2024-01-10 07:30:00
895,sess_00895,Social Media,Mobile,1,1,1,1,1,1,158.2,2024-01-10 07:45:00
896,sess_00896,Organic Search,Tablet,1,1,1,1,1,1,173.81,2024-01-10 08:00:00
897,sess_00897,Paid Ad,Desktop,1,1,1,1,1,1,129.73,2024-01-10 08:15:00
898,sess_00898,Referral,Mobile,1,1,1,1,1,1,159.17,2024-01-10 08:30:00
899,sess_00899,Social Media,Tablet,1,1,1,1,1,1,131.49,2024-01-10 08:45:00
900,sess_00900,Organic Search,Desktop,1,1,1,1,1,1,171.62,2024-01-10 09:00:00
901,sess_00901,Paid Ad,Mobile,1,1,1,1,1,1,153.79,2024-01-10 09:15:00
902,sess_00902,Referral,Tablet,1,1,1,1,1,1,157.46,2024-01-10 09:30:00
903,sess_00903,Social Media,Desktop,1,1,1,1,1,1,130.44,2024-01-10 09:45:00
904,sess_00904,Organic Search,Mobile,1,1,1,1,1,1,167.68,2024-01-10 10:00:00
905,sess_00905,Paid Ad,Tablet,1,1,1,1,1,1,202.12,2024-01-10 10:15:00
906,sess_00906,Referral,Desktop,1,1,1,1,1,1,124.8,2024-01-10 10:30:00
907,sess_00907,Social Media,Mobile,1,1,1,1,1,1,141.51,2024-01-10 10:45:00
908,sess_00908,Organic Search,Tablet,1,1,1,1,1,1,155.79,2024-01-10 11:00:00
909,sess_00909,Paid Ad,Desktop,1,1,1,1,1,1,169.66,2024-01-10 11:15:00
910,sess_00910,Referral,Mobile,1,1,1,1,1,1,136.01,2024-01-10 11:30:00
911,sess_00911,Social Media,Tablet,1,1,1,1,1,1,79.17,2024-01-10 11:45:00
912,sess_00912,Organic Search,Desktop,1,1,1,1,1,1,183.98,2024-01-10 12:00:00
913,sess_00913,Paid Ad,Mobile,1,1,1,1,1,1,169.01,2024-01-10 12:15:00
914,sess_00914,Referral,Tablet,1,1,1,1,1,1,106.43,2024-01-10 12:30:00
915,sess_00915,Social Media,Desktop,1,1,1,1,1,1,134.81,2024-01-10 12:45:00
916,sess_00916,Organic Search,Mobile,1,1,1,1,1,1,189.2,2024-01-10 13:00:00
917,sess_00917,Paid Ad,Tablet,1,1,1,1,1,1,186.19,2024-01-10 13:15:00
918,sess_00918,Referral,Desktop,1,1,1,1,1,1,173.47,2024-01-10 13:30:00
919,sess_00919,Social Media,Mobile,1,1,1,1,1,1,145.6,2024-01-10 13:45:00
920,sess_00920,Organic Search,Tablet,1,1,1,1,1,1,152.07,2024-01-10 14:00:00
921,sess_00921,Paid Ad,Desktop,1,1,1,1,1,1,146.73,2024-01-10 14:15:00
922,sess_00922,Referral,Mobile,1,1,1,1,1,1,178.21,2024-01-10 14:30:00
923,sess_00923,Social Media,Tablet,1,1,1,1,1,1,128.1,2024-01-10 14:45:00
924,sess_00924,Organic Search,Desktop,1,1,1,1,1,1,129.86,2024-01-10 15:00:00
925,sess_00925,Paid Ad,Mobile,1,1,1,1,1,1,175.26,2024-01-10 15:15:00
926,sess_00926,Referral,Tablet,1,1,1,1,1,1,148.89,2024-01-10 15:30:00
927,sess_00927,Social Media,Desktop,1,1,1,1,1,1,184.46,2024-01-10 15:45:00
928,sess_00928,Organic Search,Mobile,1,1,1,1,1,1,133.21,2024-01-10 16:00:00
929,sess_00929,Paid Ad,Tablet,1,1,1,1,1,1,148.63,2024-01-10 16:15:00
930,sess_00930,Referral,Desktop,1,1,1,1,1,1,126.94,2024-01-10 16:30:00
931,sess_00931,Social Media,Mobile,1,1,1,1,1,1,150.18,2024-01-10 16:45:00
932,sess_00932,Organic Search,Tablet,1,1,1,1,1,1,113.04,2024-01-10 17:00:00
933,sess_00933,Paid Ad,Desktop,1,1,1,1,1,1,137.81,2024-01-10 17:15:00
934,sess_00934,Referral,Mobile,1,1,1,1,1,1,114.09,2024-01-10 17:30:00
935,sess_00935,Social Media,Tablet,1,1,1,1,1,1,167.35,2024-01-10 17:45:00
936,sess_00936,Organic Search,Desktop,1,1,1,1,1,1,167.91,2024-01-10 18:00:00
937,sess_00937,Paid Ad,Mobile,1,1,1,1,1,1,106.74,2024-01-10 18:15:00
938,sess_00938,Referral,Tablet,1,1,1,1,1,1,183.35,2024-01-10 18:30:00
939,sess_00939,Social Media,Desktop,1,1,1,1,1,1,212.44,2024-01-10 18:45:00
940,sess_00940,Organic Search,Mobile,1,1,1,1,1,1,151.15,2024-01-10 19:00:00
941,sess_00941,Paid Ad,Tablet,1,1,1,1,1,1,133.97,2024-01-10 19:15:00
942,sess_00942,Referral,Desktop,1,1,1,1,1,1,220.61,2024-01-10 19:30:00
943,sess_00943,Social Media,Mobile,1,1,1,1,1,1,117.03,2024-01-10 19:45:00
944,sess_00944,Organic Search,Tablet,1,1,1,1,1,1,150.5,2024-01-10 20:00:00
945,sess_00945,Paid Ad,Desktop,1,1,1,1,1,1,154.49,2024-01-10 20:15:00
946,sess_00946,Referral,Mobile,1,1,1,1,1,1,183.63,2024-01-10 20:30:00
947,sess_00947,Social Media,Tablet,1,1,1,1,1,1,158.99,2024-01-10 20:45:00
948,sess_00948,Organic Search,Desktop,1,1,1,1,1,1,137.53,2024-01-10 21:00:00
949,sess_00949,Paid Ad,Mobile,1,1,1,1,1,1,126.22,2024-01-10 21:15:00
950,sess_00950,Referral,Tablet,1,1,1,1,1,1,141.45,2024-01-10 21:30:00
951,sess_00951,Social Media,Desktop,1,1,1,1,1,1,124.83,2024-01-10 21:45:00
952,sess_00952,Organic Search,Mobile,1,1,1,1,1,1,151.2,2024-01-10 22:00:00
953,sess_00953,Paid Ad,Tablet,1,1,1,1,1,1,135.9,2024-01-10 22:15:00
954,sess_00954,Referral,Desktop,1,1,1,1,1,1,112.65,2024-01-10 22:30:00
955,sess_00955,Social Media,Mobile,1,1,1,1,1,1,181.38,2024-01-10 22:45:00
956,sess_00956,Organic Search,Tablet,1,1,1,1,1,1,137.56,2024-01-10 23:00:00
957,sess_00957,Paid Ad,Desktop,1,1,1,1,1,1,118.3,2024-01-10 23:15:00
958,sess_00958,Referral,Mobile,1,1,1,1,1,1,145.79,2024-01-10 23:30:00
959,sess_00959,Social Media,Tablet,1,1,1,1,1,1,151.71,2024-01-10 23:45:00
960,sess_00960,Organic Search,Desktop,1,1,1,1,1,1,106.34,2024-01-11 00:00:00
961,sess_00961,Paid Ad,Mobile,1,1,1,1,1,1,158.29,2024-01-11 00:15:00
962,sess_00962,Referral,Tablet,1,1,1,1,1,1,123.82,2024-01-11 00:30:00
963,sess_00963,Social Media,Desktop,1,1,1,1,1,1,192.78,2024-01-11 00:45:00
964,sess_00964,Organic Search,Mobile,1,1,1,1,1,1,163.1,2024-01-11 01:00:00
965,sess_00965,Paid Ad,Tablet,1,1,1,1,1,1,140.0,2024-01-11 01:15:00
966,sess_00966,Referral,Desktop,1,1,1,1,1,1,131.37,2024-01-11 01:30:00
967,sess_00967,Social Media,Mobile,1,1,1,1,1,1,147.38,2024-01-11 01:45:00
968,sess_00968,Organic Search,Tablet,1,1,1,1,1,1,165.32,2024-01-11 02:00:00
969,sess_00969,Paid Ad,Desktop,1,1,1,1,1,1,149.36,2024-01-11 02:15:00
970,sess_00970,Referral,Mobile,1,1,1,1,1,1,144.57,2024-01-11 02:30:00
971,sess_00971,Social Media,Tablet,1,1,1,1,1,1,151.46,2024-01-11 02:45:00
972,sess_00972,Organic Search,Desktop,1,1,1,1,1,1,134.9,2024-01-11 03:00:00
973,sess_00973,Paid Ad,Mobile,1,1,1,1,1,1,141.42,2024-01-11 03:15:00
974,sess_00974,Referral,Tablet,1,1,1,1,1,1,97.86,2024-01-11 03:30:00
975,sess_00975,Social Media,Desktop,1,1,1,1,1,1,174.34,2024-01-11 03:45:00
976,sess_00976,Organic Search,Mobile,1,1,1,1,1,1,157.47,2024-01-11 04:00:00
977,sess_00977,Paid Ad,Tablet,1,1,1,1,1,1,130.66,2024-01-11 04:15:00
978,sess_00978,Referral,Desktop,1,1,1,1,1,1,197.47,2024-01-11 04:30:00
979,sess_00979,Social Media,Mobile,1,1,1,1,1,1,152.18,2024-01-11 04:45:00
980,sess_00980,Organic Search,Tablet,1,1,1,1,1,1,124.1,2024-01-11 05:00:00
981,sess_00981,Paid Ad,Desktop,1,1,1,1,1,1,171.42,2024-01-11 05:15:00
982,sess_00982,Referral,Mobile,1,1,1,1,1,1,159.95,2024-01-11 05:30:00
983,sess_00983,Social Media,Tablet,1,1,1,1,1,1,159.86,2024-01-11 05:45:00
984,sess_00984,Organic Search,Desktop,1,1,1,1,1,1,139.36,2024-01-11 06:00:00
985,sess_00985,Paid Ad,Mobile,1,1,1,1,1,1,161.26,2024-01-11 06:15:00
986,sess_00986,Referral,Tablet,1,1,1,1,1,1,143.46,2024-01-11 06:30:00
987,sess_00987,Social Media,Desktop,1,1,1,1,1,1,163.9,2024-01-11 06:45:00
988,sess_00988,Organic Search,Mobile,1,1,1,1,1,1,102.38,2024-01-11 07:00:00
989,sess_00989,Paid Ad,Tablet,1,1,1,1,1,1,139.15,2024-01-11 07:15:00
990,sess_00990,Referral,Desktop,1,1,1,1,1,1,193.05,2024-01-11 07:30:00
991,sess_00991,Social Media,Mobile,1,1,1,1,1,1,130.82,2024-01-11 07:45:00
992,sess_00992,Organic Search,Tablet,1,1,1,1,1,1,134.9,2024-01-11 08:00:00
993,sess_00993,Paid Ad,Desktop,1,1,1,1,1,1,138.8,2024-01-11 08:15:00
994,sess_00994,Referral,Mobile,1,1,1,1,1,1,119.63,2024-01-11 08:30:00
995,sess_00995,Social Media,Tablet,1,1,1,1,1,1,94.79,2024-01-11 08:45:00
996,sess_00996,Organic Search,Desktop,1,1,1,1,1,1,144.24,2024-01-11 09:00:00
997,sess_00997,Paid Ad,Mobile,1,1,1,1,1,1,153.4,2024-01-11 09:15:00
998,sess_00998,Referral,Tablet,1,1,1,1,1,1,148.69,2024-01-11 09:30:00
999,sess_00999,Social Media,Desktop,1,1,1,1,1,1,146.38,2024-01-11 09:45:00
1000,sess_01000,Organic Search,Mobile,1,1,1,1,1,1,151.08,2024-01-11 10:00:00
1001,sess_01001,Paid Ad,Tablet,1,1,1,1,1,1,175.57,2024-01-11 10:15:00
1002,sess_01002,Referral,Desktop,1,1,1,1,1,1,145.24,2024-01-11 10:30:00
1003,sess_01003,Social Media,Mobile,1,1,1,1,1,1,135.65,2024-01-11 10:45:00
1004,sess_01004,Organic Search,Tablet,1,1,1,1,1,1,142.97,2024-01-11 11:00:00
1005,sess_01005,Paid Ad,Desktop,1,1,1,1,1,1,164.48,2024-01-11 11:15:00
1006,sess_01006,Referral,Mobile,1,1,1,1,1,1,185.3,2024-01-11 11:30:00
1007,sess_01007,Social Media,Tablet,1,1,1,1,1,1,134.3,2024-01-11 11:45:00
1008,sess_01008,Organic Search,Desktop,1,1,1,1,1,1,152.47,2024-01-11 12:00:00
1009,sess_01009,Paid Ad,Mobile,1,1,1,1,1,1,158.46,2024-01-11 12:15:00
1010,sess_01010,Referral,Tablet,1,1,1,1,1,1,125.19,2024-01-11 12:30:00
1011,sess_01011,Social Media,Desktop,1,1,1,1,1,1,150.51,2024-01-11 12:45:00
1012,sess_01012,Organic Search,Mobile,1,1,1,1,1,1,113.36,2024-01-11 13:00:00
1013,sess_01013,Paid Ad,Tablet,1,1,1,1,1,1,105.77,2024-01-11 13:15:00
1014,sess_01014,Referral,Desktop,1,1,1,1,1,1,159.17,2024-01-11 13:30:00
1015,sess_01015,Social Media,Mobile,1,1,1,1,1,1,140.4,2024-01-11 13:45:00
1016,sess_01016,Organic Search,Tablet,1,1,1,1,1,1,155.06,2024-01-11 14:00:00
1017,sess_01017,Paid Ad,Desktop,1,1,1,1,1,1,149.55,2024-01-11 14:15:00
1018,sess_01018,Referral,Mobile,1,1,1,1,1,1,125.59,2024-01-11 14:30:00
1019,sess_01019,Social Media,Tablet,1,1,1,1,1,1,148.87,2024-01-11 14:45:00
1020,sess_01020,Organic Search,Desktop,1,1,1,1,1,1,119.17,2024-01-11 15:00:00
1021,sess_01021,Paid Ad,Mobile,1,1,1,1,1,1,184.77,2024-01-11 15:15:00
1022,sess_01022,Referral,Tablet,1,1,1,1,1,1,116.1,2024-01-11 15:30:00
1023,sess_01023,Social Media,Desktop,1,1,1,1,1,1,145.11,2024-01-11 15:45:00
1024,sess_01024,Organic Search,Mobile,1,1,1,1,1,1,123.94,2024-01-11 16:00:00
1025,sess_01025,Paid Ad,Tablet,1,1,1,1,1,1,164.26,2024-01-11 16:15:00
1026,sess_01026,Referral,Desktop,1,1,1,1,1,1,141.71,2024-01-11 16:30:00
1027,sess_01027,Social Media,Mobile,1,1,1,1,1,1,137.03,2024-01-11 16:45:00
1028,sess_01028,Organic Search,Tablet,1,1,1,1,1,1,171.33,2024-01-11 17:00:00
1029,sess_01029,Paid Ad,Desktop,1,1,1,1,1,1,150.74,2024-01-11 17:15:00
1030,sess_01030,Referral,Mobile,1,1,1,1,1,1,162.92,2024-01-11 17:30:00
1031,sess_01031,Social Media,Tablet,1,1,1,1,1,1,125.47,2024-01-11 17:45:00
1032,sess_01032,Organic Search,Desktop,1,1,1,1,1,1,114.88,2024-01-11 18:00:00
1033,sess_01033,Paid Ad,Mobile,1,1,1,1,1,1,152.68,2024-01-11 18:15:00
1034,sess_01034,Referral,Tablet,1,1,1,1,1,1,142.03,2024-01-11 18:30:00
1035,sess_01035,Social Media,Desktop,1,1,1,1,1,1,165.66,2024-01-11 18:45:00
1036,sess_01036,Organic Search,Mobile,1,1,1,1,1,1,148.0,2024-01-11 19:00:00
1037,sess_01037,Paid Ad,Tablet,1,1,1,1,1,1,155.13,2024-01-11 19:15:00
1038,sess_01038,Referral,Desktop,1,1,1,1,1,1,109.42,2024-01-11 19:30:00
1039,sess_01039,Social Media,Mobile,1,1,1,1,1,1,197.21,2024-01-11 19:45:00
1040,sess_01040,Organic Search,Tablet,1,1,1,1,1,1,145.89,2024-01-11 20:00:00
1041,sess_01041,Paid Ad,Desktop,1,1,1,1,1,1,167.44,2024-01-11 20:15:00
1042,sess_01042,Referral,Mobile,1,1,1,1,1,1,129.1,2024-01-11 20:30:00
1043,sess_01043,Social Media,Tablet,1,1,1,1,1,1,157.7,2024-01-11 20:45:00
1044,sess_01044,Organic Search,Desktop,1,1,1,1,1,1,117.43,2024-01-11 21:00:00
1045,sess_01045,Paid Ad,Mobile,1,1,1,1,1,1,161.3,2024-01-11 21:15:00
1046,sess_01046,Referral,Tablet,1,1,1,1,1,1,141.1,2024-01-11 21:30:00
1047,sess_01047,Social Media,Desktop,1,1,1,1,1,1,150.73,2024-01-11 21:45:00
1048,sess_01048,Organic Search,Mobile,1,1,1,1,1,1,167.45,2024-01-11 22:00:00
1049,sess_01049,Paid Ad,Tablet,1,1,1,1,1,1,119.19,2024-01-11 22:15:00
1050,sess_01050,Referral,Desktop,1,1,1,1,1,1,132.89,2024-01-11 22:30:00
1051,sess_01051,Social Media,Mobile,1,1,1,1,1,1,161.43,2024-01-11 22:45:00
1052,sess_01052,Organic Search,Tablet,1,1,1,1,1,1,202.46,2024-01-11 23:00:00
1053,sess_01053,Paid Ad,Desktop,1,1,1,1,1,1,146.55,2024-01-11 23:15:00
1054,sess_01054,Referral,Mobile,1,1,1,1,1,1,164.78,2024-01-11 23:30:00
1055,sess_01055,Social Media,Tablet,1,1,1,1,1,1,147.33,2024-01-11 23:45:00
1056,sess_01056,Organic Search,Desktop,1,1,1,1,1,1,198.56,2024-01-12 00:00:00
1057,sess_01057,Paid Ad,Mobile,1,1,1,1,1,1,106.32,2024-01-12 00:15:00
1058,sess_01058,Referral,Tablet,1,1,1,1,1,1,152.37,2024-01-12 00:30:00
1059,sess_01059,Social Media,Desktop,1,1,1,1,1,1,109.36,2024-01-12 00:45:00
1060,sess_01060,Organic Search,Mobile,1,1,1,1,1,1,87.34,2024-01-12 01:00:00
1061,sess_01061,Paid Ad,Tablet,1,1,1,1,1,1,157.44,2024-01-12 01:15:00
1062,sess_01062,Referral,Desktop,1,1,1,1,1,1,153.49,2024-01-12 01:30:00
1063,sess_01063,Social Media,Mobile,1,1,1,1,1,1,142.88,2024-01-12 01:45:00
1064,sess_01064,Organic Search,Tablet,1,1,1,1,1,1,147.35,2024-01-12 02:00:00
1065,sess_01065,Paid Ad,Desktop,1,1,1,1,1,1,227.46,2024-01-12 02:15:00
1066,sess_01066,Referral,Mobile,1,1,1,1,1,1,143.55,2024-01-12 02:30:00
1067,sess_01067,Social Media,Tablet,1,1,1,1,1,1,162.75,2024-01-12 02:45:00
1068,sess_01068,Organic Search,Desktop,1,1,1,1,1,1,133.77,2024-01-12 03:00:00
1069,sess_01069,Paid Ad,Mobile,1,1,1,1,1,1,157.38,2024-01-12 03:15:00
1070,sess_01070,Referral,Tablet,1,1,1,1,1,1,144.04,2024-01-12 03:30:00
1071,sess_01071,Social Media,Desktop,1,1,1,1,1,1,139.74,2024-01-12 03:45:00
1072,sess_01072,Organic Search,Mobile,1,1,1,1,1,1,195.47,2024-01-12 04:00:00
1073,sess_01073,Paid Ad,Tablet,1,1,1,1,1,1,179.43,2024-01-12 04:15:00
1074,sess_01074,Referral,Desktop,1,1,1,1,1,1,153.42,2024-01-12 04:30:00
1075,sess_01075,Social Media,Mobile,1,1,1,1,1,1,92.39,2024-01-12 04:45:00
1076,sess_01076,Organic Search,Tablet,1,1,1,1,1,1,140.97,2024-01-12 05:00:00
1077,sess_01077,Paid Ad,Desktop,1,1,1,1,1,1,217.58,2024-01-12 05:15:00
1078,sess_01078,Referral,Mobile,1,1,1,1,1,1,144.23,2024-01-12 05:30:00
1079,sess_01079,Social Media,Tablet,1,1,1,1,1,1,177.58,2024-01-12 05:45:00
1080,sess_01080,Organic Search,Desktop,1,1,1,1,1,1,186.05,2024-01-12 06:00:00
1081,sess_01081,Paid Ad,Mobile,1,1,1,1,1,1,155.47,2024-01-12 06:15:00
1082,sess_01082,Referral,Tablet,1,1,1,1,1,1,128.95,2024-01-12 06:30:00
1083,sess_01083,Social Media,Desktop,1,1,1,1,1,1,89.12,2024-01-12 06:45:00
1084,sess_01084,Organic Search,Mobile,1,1,1,1,1,1,167.1,2024-01-12 07:00:00
1085,sess_01085,Paid Ad,Tablet,1,1,1,1,1,1,129.63,2024-01-12 07:15:00
1086,sess_01086,Referral,Desktop,1,1,1,1,1,1,154.4,2024-01-12 07:30:00
1087,sess_01087,Social Media,Mobile,1,1,1,1,1,1,118.75,2024-01-12 07:45:00
1088,sess_01088,Organic Search,Tablet,1,1,1,1,1,1,143.37,2024-01-12 08:00:00
1089,sess_01089,Paid Ad,Desktop,1,1,1,1,1,1,150.84,2024-01-12 08:15:00
1090,sess_01090,Referral,Mobile,1,1,1,1,1,1,156.71,2024-01-12 08:30:00
1091,sess_01091,Social Media,Tablet,1,1,1,1,1,1,122.13,2024-01-12 08:45:00
1092,sess_01092,Organic Search,Desktop,1,1,1,1,1,1,179.92,2024-01-12 09:00:00
1093,sess_01093,Paid Ad,Mobile,1,1,1,1,1,1,135.08,2024-01-12 09:15:00
1094,sess_01094,Referral,Tablet,1,1,1,1,1,1,108.14,2024-01-12 09:30:00
1095,sess_01095,Social Media,Desktop,1,1,1,1,1,1,147.27,2024-01-12 09:45:00
1096,sess_01096,Organic Search,Mobile,1,1,1,1,1,1,150.86,2024-01-12 10:00:00
1097,sess_01097,Paid Ad,Tablet,1,1,1,1,1,1,154.01,2024-01-12 10:15:00
1098,sess_01098,Referral,Desktop,1,1,1,1,1,1,184.05,2024-01-12 10:30:00
1099,sess_01099,Social Media,Mobile,1,1,1,1,1,1,144.09,2024-01-12 10:45:00
1100,sess_01100,Organic Search,Tablet,1,1,1,1,1,1,147.01,2024-01-12 11:00:00
1101,sess_01101,Paid Ad,Desktop,1,1,1,1,1,1,122.42,2024-01-12 11:15:00
1102,sess_01102,Referral,Mobile,1,1,1,1,1,1,170.51,2024-01-12 11:30:00
1103,sess_01103,Social Media,Tablet,1,1,1,1,1,1,154.61,2024-01-12 11:45:00
1104,sess_01104,Organic Search,Desktop,1,1,1,1,1,1,139.5,2024-01-12 12:00:00
1105,sess_01105,Paid Ad,Mobile,1,1,1,1,1,1,102.38,2024-01-12 12:15:00
1106,sess_01106,Referral,Tablet,1,1,1,1,1,1,186.11,2024-01-12 12:30:00
1107,sess_01107,Social Media,Desktop,1,1,1,1,1,1,119.31,2024-01-12 12:45:00
1108,sess_01108,Organic Search,Mobile,1,1,1,1,1,1,135.22,2024-01-12 13:00:00
1109,sess_01109,Paid Ad,Tablet,1,1,1,1,1,1,158.96,2024-01-12 13:15:00
1110,sess_01110,Referral,Desktop,1,1,1,1,1,1,120.09,2024-01-12 13:30:00
1111,sess_01111,Social Media,Mobile,1,1,1,1,1,1,112.66,2024-01-12 13:45:00
1112,sess_01112,Organic Search,Tablet,1,1,1,1,1,1,96.9,2024-01-12 14:00:00
1113,sess_01113,Paid Ad,Desktop,1,1,1,1,1,1,168.02,2024-01-12 14:15:00
1114,sess_01114,Referral,Mobile,1,1,1,1,1,1,136.37,2024-01-12 14:30:00
1115,sess_01115,Social Media,Tablet,1,1,1,1,1,1,223.18,2024-01-12 14:45:00
1116,sess_01116,Organic Search,Desktop,1,1,1,1,1,1,125.14,2024-01-12 15:00:00
1117,sess_01117,Paid Ad,Mobile,1,1,1,1,1,1,126.96,2024-01-12 15:15:00
1118,sess_01118,Referral,Tablet,1,1,1,1,1,1,135.87,2024-01-12 15:30:00
1119,sess_01119,Social Media,Desktop,1,1,1,1,1,1,156.08,2024-01-12 15:45:00
1120,sess_01120,Organic Search,Mobile,1,1,1,1,1,1,138.24,2024-01-12 16:00:00
1121,sess_01121,Paid Ad,Tablet,1,1,1,1,1,1,165.31,2024-01-12 16:15:00
1122,sess_01122,Referral,Desktop,1,1,1,1,1,1,125.54,2024-01-12 16:30:00
1123,sess_01123,Social Media,Mobile,1,1,1,1,1,1,115.46,2024-01-12 16:45:00
1124,sess_01124,Organic Search,Tablet,1,1,1,1,1,1,105.04,2024-01-12 17:00:00
1125,sess_01125,Paid Ad,Desktop,1,1,1,1,1,1,94.41,2024-01-12 17:15:00
1126,sess_01126,Referral,Mobile,1,1,1,1,1,1,137.05,2024-01-12 17:30:00
1127,sess_01127,Social Media,Tablet,1,1,1,1,1,1,142.48,2024-01-12 17:45:00
1128,sess_01128,Organic Search,Desktop,1,1,1,1,1,1,134.21,2024-01-12 18:00:00
1129,sess_01129,Paid Ad,Mobile,1,1,1,1,1,1,181.09,2024-01-12 18:15:00
1130,sess_01130,Referral,Tablet,1,1,1,1,1,1,180.7,2024-01-12 18:30:00
1131,sess_01131,Social Media,Desktop,1,1,1,1,1,1,141.63,2024-01-12 18:45:00
1132,sess_01132,Organic Search,Mobile,1,1,1,1,1,1,105.15,2024-01-12 19:00:00
1133,sess_01133,Paid Ad,Tablet,1,1,1,1,1,1,135.83,2024-01-12 19:15:00
1134,sess_01134,Referral,Desktop,1,1,1,1,1,1,135.0,2024-01-12 19:30:00
1135,sess_01135,Social Media,Mobile,1,1,1,1,1,1,133.57,2024-01-12 19:45:00
1136,sess_01136,Organic Search,Tablet,1,1,1,1,1,1,132.56,2024-01-12 20:00:00
1137,sess_01137,Paid Ad,Desktop,1,1,1,1,1,1,133.66,2024-01-12 20:15:00
1138,sess_01138,Referral,Mobile,1,1,1,1,1,1,140.34,2024-01-12 20:30:00
1139,sess_01139,Social Media,Tablet,1,1,1,1,1,1,134.11,2024-01-12 20:45:00
1140,sess_01140,Organic Search,Desktop,1,1,1,1,1,1,155.21,2024-01-12 21:00:00
1141,sess_01141,Paid Ad,Mobile,1,1,1,1,1,1,159.01,2024-01-12 21:15:00
1142,sess_01142,Referral,Tablet,1,1,1,1,1,1,127.23,2024-01-12 21:30:00
1143,sess_01143,Social Media,Desktop,1,1,1,1,1,1,181.78,2024-01-12 21:45:00
1144,sess_01144,Organic Search,Mobile,1,1,1,1,1,1,125.5,2024-01-12 22:00:00
1145,sess_01145,Paid Ad,Tablet,1,1,1,1,1,1,109.55,2024-01-12 22:15:00
1146,sess_01146,Referral,Desktop,1,1,1,1,1,1,159.52,2024-01-12 22:30:00
1147,sess_01147,Social Media,Mobile,1,1,1,1,1,1,129.56,2024-01-12 22:45:00
1148,sess_01148,Organic Search,Tablet,1,1,1,1,1,1,158.03,2024-01-12 23:00:00
1149,sess_01149,Paid Ad,Desktop,1,1,1,1,1,1,89.91,2024-01-12 23:15:00
1150,sess_01150,Referral,Mobile,1,1,1,1,1,1,184.81,2024-01-12 23:30:00
1151,sess_01151,Social Media,Tablet,1,1,1,1,1,1,166.81,2024-01-12 23:45:00
1152,sess_01152,Organic Search,Desktop,1,1,1,1,1,1,112.49,2024-01-13 00:00:00
1153,sess_01153,Paid Ad,Mobile,1,1,1,1,1,1,113.03,2024-01-13 00:15:00
1154,sess_01154,Referral,Tablet,1,1,1,1,1,1,191.81,2024-01-13 00:30:00
1155,sess_01155,Social Media,Desktop,1,1,1,1,1,1,131.57,2024-01-13 00:45:00
1156,sess_01156,Organic Search,Mobile,1,1,1,1,1,1,129.15,2024-01-13 01:00:00
1157,sess_01157,Paid Ad,Tablet,1,1,1,1,1,1,93.35,2024-01-13 01:15:00
1158,sess_01158,Referral,Desktop,1,1,1,1,1,1,141.23,2024-01-13 01:30:00
1159,sess_01159,Social Media,Mobile,1,1,1,1,1,1,144.31,2024-01-13 01:45:00
1160,sess_01160,Organic Search,Tablet,1,1,1,1,1,1,167.89,2024-01-13 02:00:00
1161,sess_01161,Paid Ad,Desktop,1,1,1,1,1,1,115.02,2024-01-13 02:15:00
1162,sess_01162,Referral,Mobile,1,1,1,1,1,1,111.99,2024-01-13 02:30:00
1163,sess_01163,Social Media,Tablet,1,1,1,1,1,1,161.27,2024-01-13 02:45:00
1164,sess_01164,Organic Search,Desktop,1,1,1,1,1,1,175.17,2024-01-13 03:00:00
1165,sess_01165,Paid Ad,Mobile,1,1,1,1,1,1,110.72,2024-01-13 03:15:00
1166,sess_01166,Referral,Tablet,1,1,1,1,1,1,177.04,2024-01-13 03:30:00
1167,sess_01167,Social Media,Desktop,1,1,1,1,1,1,150.94,2024-01-13 03:45:00
1168,sess_01168,Organic Search,Mobile,1,1,1,1,1,1,177.3,2024-01-13 04:00:00
1169,sess_01169,Paid Ad,Tablet,1,1,1,1,1,1,148.24,2024-01-13 04:15:00
1170,sess_01170,Referral,Desktop,1,1,1,1,1,1,86.94,2024-01-13 04:30:00
1171,sess_01171,Social Media,Mobile,1,1,1,1,1,1,146.2,2024-01-13 04:45:00
1172,sess_01172,Organic Search,Tablet,1,1,1,1,1,1,176.5,2024-01-13 05:00:00
1173,sess_01173,Paid Ad,Desktop,1,1,1,1,1,1,127.66,2024-01-13 05:15:00
1174,sess_01174,Referral,Mobile,1,1,1,1,1,1,140.3,2024-01-13 05:30:00
1175,sess_01175,Social Media,Tablet,1,1,1,1,1,1,145.6,2024-01-13 05:45:00
1176,sess_01176,Organic Search,Desktop,1,1,1,1,1,1,77.51,2024-01-13 06:00:00
1177,sess_01177,Paid Ad,Mobile,1,1,1,1,1,1,191.78,2024-01-13 06:15:00
1178,sess_01178,Referral,Tablet,1,1,1,1,1,1,127.47,2024-01-13 06:30:00
1179,sess_01179,Social Media,Desktop,1,1,1,1,1,1,162.64,2024-01-13 06:45:00
1180,sess_01180,Organic Search,Mobile,1,1,1,1,1,1,147.83,2024-01-13 07:00:00
1181,sess_01181,Paid Ad,Tablet,1,1,1,1,1,1,181.44,2024-01-13 07:15:00
1182,sess_01182,Referral,Desktop,1,1,1,1,1,1,160.15,2024-01-13 07:30:00
1183,sess_01183,Social Media,Mobile,1,1,1,1,1,1,144.13,2024-01-13 07:45:00
1184,sess_01184,Organic Search,Tablet,1,1,1,1,1,1,127.66,2024-01-13 08:00:00
1185,sess_01185,Paid Ad,Desktop,1,1,1,1,1,1,169.95,2024-01-13 08:15:00
1186,sess_01186,Referral,Mobile,1,1,1,1,1,1,103.16,2024-01-13 08:30:00
1187,sess_01187,Social Media,Tablet,1,1,1,1,1,1,166.15,2024-01-13 08:45:00
1188,sess_01188,Organic Search,Desktop,1,1,1,1,1,1,122.52,2024-01-13 09:00:00
1189,sess_01189,Paid Ad,Mobile,1,1,1,1,1,1,181.31,2024-01-13 09:15:00
1190,sess_01190,Referral,Tablet,1,1,1,1,1,1,154.03,2024-01-13 09:30:00
1191,sess_01191,Social Media,Desktop,1,1,1,1,1,1,166.1,2024-01-13 09:45:00
1192,sess_01192,Organic Search,Mobile,1,1,1,1,1,1,152.05,2024-01-13 10:00:00
1193,sess_01193,Paid Ad,Tablet,1,1,1,1,1,1,106.19,2024-01-13 10:15:00
1194,sess_01194,Referral,Desktop,1,1,1,1,1,1,128.48,2024-01-13 10:30:00
1195,sess_01195,Social Media,Mobile,1,1,1,1,1,1,166.81,2024-01-13 10:45:00
1196,sess_01196,Organic Search,Tablet,1,1,1,1,1,1,154.17,2024-01-13 11:00:00
1197,sess_01197,Paid Ad,Desktop,1,1,1,1,1,1,179.52,2024-01-13 11:15:00
1198,sess_01198,Referral,Mobile,1,1,1,1,1,1,160.08,2024-01-13 11:30:00
1199,sess_01199,Social Media,Tablet,1,1,1,1,1,1,125.83,2024-01-13 11:45:00
1200,sess_01200,Organic Search,Desktop,1,1,1,1,1,1,130.1,2024-01-13 12:00:00
1201,sess_01201,Paid Ad,Mobile,1,1,1,1,1,1,152.57,2024-01-13 12:15:00
1202,sess_01202,Referral,Tablet,1,1,1,1,1,1,92.15,2024-01-13 12:30:00
1203,sess_01203,Social Media,Desktop,1,1,1,1,1,1,191.84,2024-01-13 12:45:00
1204,sess_01204,Organic Search,Mobile,1,1,1,1,1,1,161.04,2024-01-13 13:00:00
1205,sess_01205,Paid Ad,Tablet,1,1,1,1,1,1,180.68,2024-01-13 13:15:00
1206,sess_01206,Referral,Desktop,1,1,1,1,1,1,110.48,2024-01-13 13:30:00
1207,sess_01207,Social Media,Mobile,1,1,1,1,1,1,181.11,2024-01-13 13:45:00
1208,sess_01208,Organic Search,Tablet,1,1,1,1,1,1,205.79,2024-01-13 14:00:00
1209,sess_01209,Paid Ad,Desktop,1,1,1,1,1,1,116.98,2024-01-13 14:15:00
1210,sess_01210,Referral,Mobile,1,1,1,1,1,1,169.29,2024-01-13 14:30:00
1211,sess_01211,Social Media,Tablet,1,1,1,1,1,1,150.03,2024-01-13 14:45:00
1212,sess_01212,Organic Search,Desktop,1,1,1,1,1,1,111.39,2024-01-13 15:00:00
1213,sess_01213,Paid Ad,Mobile,1,1,1,1,1,1,162.32,2024-01-13 15:15:00
1214,sess_01214,Referral,Tablet,1,1,1,1,1,1,170.84,2024-01-13 15:30:00
1215,sess_01215,Social Media,Desktop,1,1,1,1,1,1,134.97,2024-01-13 15:45:00
1216,sess_01216,Organic Search,Mobile,1,1,1,1,1,1,179.15,2024-01-13 16:00:00
1217,sess_01217,Paid Ad,Tablet,1,1,1,1,1,1,108.33,2024-01-13 16:15:00
1218,sess_01218,Referral,Desktop,1,1,1,1,1,1,112.63,2024-01-13 16:30:00
1219,sess_01219,Social Media,Mobile,1,1,1,1,1,1,153.41,2024-01-13 16:45:00
1220,sess_01220,Organic Search,Tablet,1,1,1,1,1,1,150.63,2024-01-13 17:00:00
1221,sess_01221,Paid Ad,Desktop,1,1,1,1,1,1,132.09,2024-01-13 17:15:00
1222,sess_01222,Referral,Mobile,1,1,1,1,1,1,170.24,2024-01-13 17:30:00
1223,sess_01223,Social Media,Tablet,1,1,1,1,1,1,163.27,2024-01-13 17:45:00
1224,sess_01224,Organic Search,Desktop,1,1,1,1,1,1,171.45,2024-01-13 18:00:00
1225,sess_01225,Paid Ad,Mobile,1,1,1,1,1,1,146.92,2024-01-13 18:15:00
1226,sess_01226,Referral,Tablet,1,1,1,1,1,1,165.06,2024-01-13 18:30:00
1227,sess_01227,Social Media,Desktop,1,1,1,1,1,1,138.86,2024-01-13 18:45:00
1228,sess_01228,Organic Search,Mobile,1,1,1,1,1,1,201.35,2024-01-13 19:00:00
1229,sess_01229,Paid Ad,Tablet,1,1,1,1,1,1,129.69,2024-01-13 19:15:00
1230,sess_01230,Referral,Desktop,1,1,1,1,1,1,202.63,2024-01-13 19:30:00
1231,sess_01231,Social Media,Mobile,1,1,1,1,1,1,150.87,2024-01-13 19:45:00
1232,sess_01232,Organic Search,Tablet,1,1,1,1,1,1,115.61,2024-01-13 20:00:00
1233,sess_01233,Paid Ad,Desktop,1,1,1,1,1,1,184.2,2024-01-13 20:15:00
1234,sess_01234,Referral,Mobile,1,1,1,1,1,1,153.15,2024-01-13 20:30:00
1235,sess_01235,Social Media,Tablet,1,1,1,1,1,1,171.28,2024-01-13 20:45:00
1236,sess_01236,Organic Search,Desktop,1,1,1,1,1,1,180.6,2024-01-13 21:00:00
1237,sess_01237,Paid Ad,Mobile,1,1,1,1,1,1,158.45,2024-01-13 21:15:00
1238,sess_01238,Referral,Tablet,1,1,1,1,1,1,135.19,2024-01-13 21:30:00
1239,sess_01239,Social Media,Desktop,1,1,1,1,1,1,174.39,2024-01-13 21:45:00
1240,sess_01240,Organic Search,Mobile,1,1,1,1,1,1,150.02,2024-01-13 22:00:00
1241,sess_01241,Paid Ad,Tablet,1,1,1,1,1,1,167.15,2024-01-13 22:15:00
1242,sess_01242,Referral,Desktop,1,1,1,1,1,1,96.16,2024-01-13 22:30:00
1243,sess_01243,Social Media,Mobile,1,1,1,1,1,1,161.17,2024-01-13 22:45:00
1244,sess_01244,Organic Search,Tablet,1,1,1,1,1,1,134.04,2024-01-13 23:00:00
1245,sess_01245,Paid Ad,Desktop,1,1,1,1,1,1,191.33,2024-01-13 23:15:00
1246,sess_01246,Referral,Mobile,1,1,1,1,1,1,165.58,2024-01-13 23:30:00
1247,sess_01247,Social Media,Tablet,1,1,1,1,1,1,156.0,2024-01-13 23:45:00
1248,sess_01248,Organic Search,Desktop,1,1,1,1,1,1,162.16,2024-01-14 00:00:00
1249,sess_01249,Paid Ad,Mobile,1,1,1,1,1,1,125.04,2024-01-14 00:15:00
1250,sess_01250,Referral,Tablet,1,1,1,1,1,1,190.58,2024-01-14 00:30:00
1251,sess_01251,Social Media,Desktop,1,1,1,1,1,1,199.78,2024-01-14 00:45:00
1252,sess_01252,Organic Search,Mobile,1,1,1,1,1,1,159.82,2024-01-14 01:00:00
1253,sess_01253,Paid Ad,Tablet,1,1,1,1,1,1,189.76,2024-01-14 01:15:00
1254,sess_01254,Referral,Desktop,1,1,1,1,1,1,135.77,2024-01-14 01:30:00
1255,sess_01255,Social Media,Mobile,1,1,1,1,1,1,130.07,2024-01-14 01:45:00
1256,sess_01256,Organic Search,Tablet,1,1,1,1,1,1,151.02,2024-01-14 02:00:00
1257,sess_01257,Paid Ad,Desktop,1,1,1,1,1,1,160.87,2024-01-14 02:15:00
1258,sess_01258,Referral,Mobile,1,1,1,1,1,1,140.15,2024-01-14 02:30:00
1259,sess_01259,Social Media,Tablet,1,1,1,1,1,1,163.44,2024-01-14 02:45:00
1260,sess_01260,Organic Search,Desktop,1,1,1,1,1,1,157.66,2024-01-14 03:00:00
1261,sess_01261,Paid Ad,Mobile,1,1,1,1,1,1,125.04,2024-01-14 03:15:00
1262,sess_01262,Referral,Tablet,1,1,1,1,1,1,162.97,2024-01-14 03:30:00
1263,sess_01263,Social Media,Desktop,1,1,1,1,1,1,171.59,2024-01-14 03:45:00
1264,sess_01264,Organic Search,Mobile,1,1,1,1,1,1,154.29,2024-01-14 04:00:00
1265,sess_01265,Paid Ad,Tablet,1,1,1,1,1,1,178.82,2024-01-14 04:15:00
1266,sess_01266,Referral,Desktop,1,1,1,1,1,1,119.56,2024-01-14 04:30:00
1267,sess_01267,Social Media,Mobile,1,1,1,1,1,1,161.7,2024-01-14 04:45:00
1268,sess_01268,Organic Search,Tablet,1,1,1,1,1,1,120.74,2024-01-14 05:00:00
1269,sess_01269,Paid Ad,Desktop,1,1,1,1,1,1,122.15,2024-01-14 05:15:00
1270,sess_01270,Referral,Mobile,1,1,1,1,1,1,134.23,2024-01-14 05:30:00
1271,sess_01271,Social Media,Tablet,1,1,1,1,1,1,126.45,2024-01-14 05:45:00
1272,sess_01272,Organic Search,Desktop,1,1,1,1,1,1,136.3,2024-01-14 06:00:00
1273,sess_01273,Paid Ad,Mobile,1,1,1,1,1,1,144.65,2024-01-14 06:15:00
1274,sess_01274,Referral,Tablet,1,1,1,1,1,1,170.93,2024-01-14 06:30:00
1275,sess_01275,Social Media,Desktop,1,1,1,1,1,1,141.97,2024-01-14 06:45:00
1276,sess_01276,Organic Search,Mobile,1,1,1,1,1,1,110.36,2024-01-14 07:00:00
1277,sess_01277,Paid Ad,Tablet,1,1,1,1,1,1,178.5,2024-01-14 07:15:00
1278,sess_01278,Referral,Desktop,1,1,1,1,1,1,129.07,2024-01-14 07:30:00
1279,sess_01279,Social Media,Mobile,1,1,1,1,1,1,148.53,2024-01-14 07:45:00
1280,sess_01280,Organic Search,Tablet,1,1,1,1,1,1,161.16,2024-01-14 08:00:00
1281,sess_01281,Paid Ad,Desktop,1,1,1,1,1,1,154.99,2024-01-14 08:15:00
1282,sess_01282,Referral,Mobile,1,1,1,1,1,1,177.35,2024-01-14 08:30:00
1283,sess_01283,Social Media,Tablet,1,1,1,1,1,1,161.98,2024-01-14 08:45:00
1284,sess_01284,Organic Search,Desktop,1,1,1,1,1,1,128.47,2024-01-14 09:00:00
1285,sess_01285,Paid Ad,Mobile,1,1,1,1,1,1,204.46,2024-01-14 09:15:00
1286,sess_01286,Referral,Tablet,1,1,1,1,1,1,154.86,2024-01-14 09:30:00
1287,sess_01287,Social Media,Desktop,1,1,1,1,1,1,146.32,2024-01-14 09:45:00
1288,sess_01288,Organic Search,Mobile,1,1,1,1,1,1,174.1,2024-01-14 10:00:00
1289,sess_01289,Paid Ad,Tablet,1,1,1,1,1,1,156.24,2024-01-14 10:15:00
1290,sess_01290,Referral,Desktop,1,1,1,1,1,1,159.98,2024-01-14 10:30:00
1291,sess_01291,Social Media,Mobile,1,1,1,1,1,1,212.3,2024-01-14 10:45:00
1292,sess_01292,Organic Search,Tablet,1,1,1,1,1,1,143.12,2024-01-14 11:00:00
1293,sess_01293,Paid Ad,Desktop,1,1,1,1,1,1,142.06,2024-01-14 11:15:00
1294,sess_01294,Referral,Mobile,1,1,1,1,1,1,152.91,2024-01-14 11:30:00
1295,sess_01295,Social Media,Tablet,1,1,1,1,1,1,176.79,2024-01-14 11:45:00
1296,sess_01296,Organic Search,Desktop,1,1,1,1,1,1,112.34,2024-01-14 12:00:00
1297,sess_01297,Paid Ad,Mobile,1,1,1,1,1,1,100.86,2024-01-14 12:15:00
1298,sess_01298,Referral,Tablet,1,1,1,1,1,1,135.32,2024-01-14 12:30:00
1299,sess_01299,Social Media,Desktop,1,1,1,1,1,1,109.15,2024-01-14 12:45:00
1300,sess_01300,Organic Search,Mobile,1,1,1,1,1,1,139.38,2024-01-14 13:00:00
1301,sess_01301,Paid Ad,Tablet,1,1,1,1,1,1,162.56,2024-01-14 13:15:00
1302,sess_01302,Referral,Desktop,1,1,1,1,1,1,127.73,2024-01-14 13:30:00
1303,sess_01303,Social Media,Mobile,1,1,1,1,1,1,114.33,2024-01-14 13:45:00
1304,sess_01304,Organic Search,Tablet,1,1,1,1,1,1,151.73,2024-01-14 14:00:00
1305,sess_01305,Paid Ad,Desktop,1,1,1,1,1,1,171.56,2024-01-14 14:15:00
1306,sess_01306,Referral,Mobile,1,1,1,1,1,1,107.63,2024-01-14 14:30:00
1307,sess_01307,Social Media,Tablet,1,1,1,1,1,1,170.51,2024-01-14 14:45:00
1308,sess_01308,Organic Search,Desktop,1,1,1,1,1,1,170.43,2024-01-14 15:00:00
1309,sess_01309,Paid Ad,Mobile,1,1,1,1,1,1,173.85,2024-01-14 15:15:00
1310,sess_01310,Referral,Tablet,1,1,1,1,1,1,180.46,2024-01-14 15:30:00
1311,sess_01311,Social Media,Desktop,1,1,1,1,1,1,205.05,2024-01-14 15:45:00
1312,sess_01312,Organic Search,Mobile,1,1,1,1,1,1,141.1,2024-01-14 16:00:00
1313,sess_01313,Paid Ad,Tablet,1,1,1,1,1,1,152.74,2024-01-14 16:15:00
1314,sess_01314,Referral,Desktop,1,1,1,1,1,1,139.59,2024-01-14 16:30:00
1315,sess_01315,Social Media,Mobile,1,1,1,1,1,1,150.05,2024-01-14 16:45:00
1316,sess_01316,Organic Search,Tablet,1,1,1,1,1,1,188.32,2024-01-14 17:00:00
1317,sess_01317,Paid Ad,Desktop,1,1,1,1,1,1,116.37,2024-01-14 17:15:00
1318,sess_01318,Referral,Mobile,1,1,1,1,1,1,128.47,2024-01-14 17:30:00
1319,sess_01319,Social Media,Tablet,1,1,1,1,1,1,184.43,2024-01-14 17:45:00
1320,sess_01320,Organic Search,Desktop,1,1,1,1,1,1,175.5,2024-01-14 18:00:00
1321,sess_01321,Paid Ad,Mobile,1,1,1,1,1,1,140.92,2024-01-14 18:15:00
1322,sess_01322,Referral,Tablet,1,1,1,1,1,1,171.36,2024-01-14 18:30:00
1323,sess_01323,Social Media,Desktop,1,1,1,1,1,1,158.53,2024-01-14 18:45:00
1324,sess_01324,Organic Search,Mobile,1,1,1,1,1,1,187.51,2024-01-14 19:00:00
1325,sess_01325,Paid Ad,Tablet,1,1,1,1,1,1,151.86,2024-01-14 19:15:00
1326,sess_01326,Referral,Desktop,1,1,1,1,1,1,175.64,2024-01-14 19:30:00
1327,sess_01327,Social Media,Mobile,1,1,1,1,1,1,216.05,2024-01-14 19:45:00
1328,sess_01328,Organic Search,Tablet,1,1,1,1,1,1,164.95,2024-01-14 20:00:00
1329,sess_01329,Paid Ad,Desktop,1,1,1,1,1,1,151.23,2024-01-14 20:15:00
1330,sess_01330,Referral,Mobile,1,1,1,1,1,1,168.06,2024-01-14 20:30:00
1331,sess_01331,Social Media,Tablet,1,1,1,1,1,1,140.87,2024-01-14 20:45:00
1332,sess_01332,Organic Search,Desktop,1,1,1,1,1,1,209.7,2024-01-14 21:00:00
1333,sess_01333,Paid Ad,Mobile,1,1,1,1,1,1,154.5,2024-01-14 21:15:00
1334,sess_01334,Referral,Tablet,1,1,1,1,1,1,143.18,2024-01-14 21:30:00
1335,sess_01335,Social Media,Desktop,1,1,1,1,1,1,129.11,2024-01-14 21:45:00
1336,sess_01336,Organic Search,Mobile,1,1,1,1,1,1,177.43,2024-01-14 22:00:00
1337,sess_01337,Paid Ad,Tablet,1,1,1,1,1,1,171.68,2024-01-14 22:15:00
1338,sess_01338,Referral,Desktop,1,1,1,1,1,1,137.57,2024-01-14 22:30:00
1339,sess_01339,Social Media,Mobile,1,1,1,1,1,1,164.41,2024-01-14 22:45:00
1340,sess_01340,Organic Search,Tablet,1,1,1,1,1,1,112.29,2024-01-14 23:00:00
1341,sess_01341,Paid Ad,Desktop,1,1,1,1,1,1,154.62,2024-01-14 23:15:00
1342,sess_01342,Referral,Mobile,1,1,1,1,1,1,161.32,2024-01-14 23:30:00
1343,sess_01343,Social Media,Tablet,1,1,1,1,1,1,192.68,2024-01-14 23:45:00
1344,sess_01344,Organic Search,Desktop,1,1,1,1,1,1,130.73,2024-01-15 00:00:00
1345,sess_01345,Paid Ad,Mobile,1,1,1,1,1,1,118.04,2024-01-15 00:15:00
1346,sess_01346,Referral,Tablet,1,1,1,1,1,1,127.61,2024-01-15 00:30:00
1347,sess_01347,Social Media,Desktop,1,1,1,1,1,1,116.59,2024-01-15 00:45:00
1348,sess_01348,Organic Search,Mobile,1,1,1,1,1,1,183.42,2024-01-15 01:00:00
1349,sess_01349,Paid Ad,Tablet,1,1,1,1,1,1,188.72,2024-01-15 01:15:00
1350,sess_01350,Referral,Desktop,1,1,1,1,1,1,158.01,2024-01-15 01:30:00
1351,sess_01351,Social Media,Mobile,1,1,1,1,1,1,180.53,2024-01-15 01:45:00
1352,sess_01352,Organic Search,Tablet,1,1,1,1,1,1,153.35,2024-01-15 02:00:00
1353,sess_01353,Paid Ad,Desktop,1,1,1,1,1,1,147.62,2024-01-15 02:15:00
1354,sess_01354,Referral,Mobile,1,1,1,1,1,1,141.67,2024-01-15 02:30:00
1355,sess_01355,Social Media,Tablet,1,1,1,1,1,1,142.24,2024-01-15 02:45:00
1356,sess_01356,Organic Search,Desktop,1,1,1,1,1,1,111.3,2024-01-15 03:00:00
1357,sess_01357,Paid Ad,Mobile,1,1,1,1,1,1,156.61,2024-01-15 03:15:00
1358,sess_01358,Referral,Tablet,1,1,1,1,1,1,148.99,2024-01-15 03:30:00
1359,sess_01359,Social Media,Desktop,1,1,1,1,1,1,168.63,2024-01-15 03:45:00
1360,sess_01360,Organic Search,Mobile,1,1,1,1,1,1,152.34,2024-01-15 04:00:00
1361,sess_01361,Paid Ad,Tablet,1,1,1,1,1,1,145.93,2024-01-15 04:15:00
1362,sess_01362,Referral,Desktop,1,1,1,1,1,1,128.22,2024-01-15 04:30:00
1363,sess_01363,Social Media,Mobile,1,1,1,1,1,1,151.8,2024-01-15 04:45:00
1364,sess_01364,Organic Search,Tablet,1,1,1,1,1,1,168.46,2024-01-15 05:00:00
1365,sess_01365,Paid Ad,Desktop,1,1,1,1,1,1,121.42,2024-01-15 05:15:00
1366,sess_01366,Referral,Mobile,1,1,1,1,1,1,152.19,2024-01-15 05:30:00
1367,sess_01367,Social Media,Tablet,1,1,1,1,1,1,155.83,2024-01-15 05:45:00
1368,sess_01368,Organic Search,Desktop,1,1,1,1,1,1,132.05,2024-01-15 06:00:00
1369,sess_01369,Paid Ad,Mobile,1,1,1,1,1,1,135.3,2024-01-15 06:15:00
1370,sess_01370,Referral,Tablet,1,1,1,1,1,1,155.77,2024-01-15 06:30:00
1371,sess_01371,Social Media,Desktop,1,1,1,1,1,1,121.66,2024-01-15 06:45:00
1372,sess_01372,Organic Search,Mobile,1,1,1,1,1,1,158.75,2024-01-15 07:00:00
1373,sess_01373,Paid Ad,Tablet,1,1,1,1,1,1,127.62,2024-01-15 07:15:00
1374,sess_01374,Referral,Desktop,1,1,1,1,1,1,176.57,2024-01-15 07:30:00
1375,sess_01375,Social Media,Mobile,1,1,1,1,1,1,208.45,2024-01-15 07:45:00
1376,sess_01376,Organic Search,Tablet,1,1,1,1,1,1,128.48,2024-01-15 08:00:00
1377,sess_01377,Paid Ad,Desktop,1,1,1,1,1,1,163.36,2024-01-15 08:15:00
1378,sess_01378,Referral,Mobile,1,1,1,1,1,1,131.83,2024-01-15 08:30:00
1379,sess_01379,Social Media,Tablet,1,1,1,1,1,1,176.02,2024-01-15 08:45:00
1380,sess_01380,Organic Search,Desktop,1,1,1,1,1,1,118.37,2024-01-15 09:00:00
1381,sess_01381,Paid Ad,Mobile,1,1,1,1,1,1,162.01,2024-01-15 09:15:00
1382,sess_01382,Referral,Tablet,1,1,1,1,1,1,128.18,2024-01-15 09:30:00
1383,sess_01383,Social Media,Desktop,1,1,1,1,1,1,144.83,2024-01-15 09:45:00
1384,sess_01384,Organic Search,Mobile,1,1,1,1,1,1,124.22,2024-01-15 10:00:00
1385,sess_01385,Paid Ad,Tablet,1,1,1,1,1,1,170.56,2024-01-15 10:15:00
1386,sess_01386,Referral,Desktop,1,1,1,1,1,1,129.08,2024-01-15 10:30:00
1387,sess_01387,Social Media,Mobile,1,1,1,1,1,1,163.8,2024-01-15 10:45:00
1388,sess_01388,Organic Search,Tablet,1,1,1,1,1,1,141.4,2024-01-15 11:00:00
1389,sess_01389,Paid Ad,Desktop,1,1,1,1,1,1,147.14,2024-01-15 11:15:00
1390,sess_01390,Referral,Mobile,1,1,1,1,1,1,153.69,2024-01-15 11:30:00
1391,sess_01391,Social Media,Tablet,1,1,1,1,1,1,130.95,2024-01-15 11:45:00
1392,sess_01392,Organic Search,Desktop,1,1,1,1,1,1,155.26,2024-01-15 12:00:00
1393,sess_01393,Paid Ad,Mobile,1,1,1,1,1,1,188.26,2024-01-15 12:15:00
1394,sess_01394,Referral,Tablet,1,1,1,1,1,1,130.55,2024-01-15 12:30:00
1395,sess_01395,Social Media,Desktop,1,1,1,1,1,1,179.3,2024-01-15 12:45:00
1396,sess_01396,Organic Search,Mobile,1,1,1,1,1,1,187.45,2024-01-15 13:00:00
1397,sess_01397,Paid Ad,Tablet,1,1,1,1,1,1,129.6,2024-01-15 13:15:00
1398,sess_01398,Referral,Desktop,1,1,1,1,1,1,113.62,2024-01-15 13:30:00
1399,sess_01399,Social Media,Mobile,1,1,1,1,1,1,157.55,2024-01-15 13:45:00
1400,sess_01400,Organic Search,Tablet,1,1,1,1,1,1,136.31,2024-01-15 14:00:00
1401,sess_01401,Paid Ad,Desktop,1,1,1,1,1,1,196.72,2024-01-15 14:15:00
1402,sess_01402,Referral,Mobile,1,1,1,1,1,1,150.87,2024-01-15 14:30:00
1403,sess_01403,Social Media,Tablet,1,1,1,1,1,1,129.95,2024-01-15 14:45:00
1404,sess_01404,Organic Search,Desktop,1,1,1,1,1,1,121.32,2024-01-15 15:00:00
1405,sess_01405,Paid Ad,Mobile,1,1,1,1,1,1,177.25,2024-01-15 15:15:00
1406,sess_01406,Referral,Tablet,1,1,1,1,1,1,135.72,2024-01-15 15:30:00
1407,sess_01407,Social Media,Desktop,1,1,1,1,1,1,151.1,2024-01-15 15:45:00
1408,sess_01408,Organic Search,Mobile,1,1,1,1,1,1,173.9,2024-01-15 16:00:00
1409,sess_01409,Paid Ad,Tablet,1,1,1,1,1,1,137.89,2024-01-15 16:15:00
1410,sess_01410,Referral,Desktop,1,1,1,1,1,1,148.85,2024-01-15 16:30:00
1411,sess_01411,Social Media,Mobile,1,1,1,1,1,1,149.59,2024-01-15 16:45:00
1412,sess_01412,Organic Search,Tablet,1,1,1,1,1,1,167.08,2024-01-15 17:00:00
1413,sess_01413,Paid Ad,Desktop,1,1,1,1,1,1,164.77,2024-01-15 17:15:00
1414,sess_01414,Referral,Mobile,1,1,1,1,1,1,144.5,2024-01-15 17:30:00
1415,sess_01415,Social Media,Tablet,1,1,1,1,1,1,151.59,2024-01-15 17:45:00
1416,sess_01416,Organic Search,Desktop,1,1,1,1,1,1,140.71,2024-01-15 18:00:00
1417,sess_01417,Paid Ad,Mobile,1,1,1,1,1,1,113.06,2024-01-15 18:15:00
1418,sess_01418,Referral,Tablet,1,1,1,1,1,1,156.44,2024-01-15 18:30:00
1419,sess_01419,Social Media,Desktop,1,1,1,1,1,1,197.3,2024-01-15 18:45:00
1420,sess_01420,Organic Search,Mobile,1,1,1,1,1,1,127.91,2024-01-15 19:00:00
1421,sess_01421,Paid Ad,Tablet,1,1,1,1,1,1,130.67,2024-01-15 19:15:00
1422,sess_01422,Referral,Desktop,1,1,1,1,1,1,128.23,2024-01-15 19:30:00
1423,sess_01423,Social Media,Mobile,1,1,1,1,1,1,168.11,2024-01-15 19:45:00
1424,sess_01424,Organic Search,Tablet,1,1,1,1,1,1,161.21,2024-01-15 20:00:00
1425,sess_01425,Paid Ad,Desktop,1,1,1,1,1,1,146.04,2024-01-15 20:15:00
1426,sess_01426,Referral,Mobile,1,1,1,1,1,1,127.05,2024-01-15 20:30:00
1427,sess_01427,Social Media,Tablet,1,1,1,1,1,1,152.31,2024-01-15 20:45:00
1428,sess_01428,Organic Search,Desktop,1,1,1,1,1,1,110.88,2024-01-15 21:00:00
1429,sess_01429,Paid Ad,Mobile,1,1,1,1,1,1,153.59,2024-01-15 21:15:00
1430,sess_01430,Referral,Tablet,1,1,1,1,1,1,171.79,2024-01-15 21:30:00
1431,sess_01431,Social Media,Desktop,1,1,1,1,1,1,118.72,2024-01-15 21:45:00
1432,sess_01432,Organic Search,Mobile,1,1,1,1,1,1,111.69,2024-01-15 22:00:00
1433,sess_01433,Paid Ad,Tablet,1,1,1,1,1,1,189.49,2024-01-15 22:15:00
1434,sess_01434,Referral,Desktop,1,1,1,1,1,1,134.71,2024-01-15 22:30:00
1435,sess_01435,Social Media,Mobile,1,1,1,1,1,1,178.4,2024-01-15 22:45:00
1436,sess_01436,Organic Search,Tablet,1,1,1,1,1,1,146.15,2024-01-15 23:00:00
1437,sess_01437,Paid Ad,Desktop,1,1,1,1,1,1,145.95,2024-01-15 23:15:00
1438,sess_01438,Referral,Mobile,1,1,1,1,1,1,160.96,2024-01-15 23:30:00
1439,sess_01439,Social Media,Tablet,1,1,1,1,1,1,127.9,2024-01-15 23:45:00
1440,sess_01440,Organic Search,Desktop,1,1,1,1,1,1,153.31,2024-01-16 00:00:00
1441,sess_01441,Paid Ad,Mobile,1,1,1,1,1,1,140.46,2024-01-16 00:15:00
1442,sess_01442,Referral,Tablet,1,1,1,1,1,1,116.99,2024-01-16 00:30:00
1443,sess_01443,Social Media,Desktop,1,1,1,1,1,1,158.44,2024-01-16 00:45:00
1444,sess_01444,Organic Search,Mobile,1,1,1,1,1,1,143.42,2024-01-16 01:00:00
1445,sess_01445,Paid Ad,Tablet,1,1,1,1,1,1,146.07,2024-01-16 01:15:00
1446,sess_01446,Referral,Desktop,1,1,1,1,1,1,119.75,2024-01-16 01:30:00
1447,sess_01447,Social Media,Mobile,1,1,1,1,1,1,189.79,2024-01-16 01:45:00
1448,sess_01448,Organic Search,Tablet,1,1,1,1,1,1,171.92,2024-01-16 02:00:00
1449,sess_01449,Paid Ad,Desktop,1,1,1,1,1,1,174.1,2024-01-16 02:15:00
1450,sess_01450,Referral,Mobile,1,1,1,1,1,1,142.36,2024-01-16 02:30:00
1451,sess_01451,Social Media,Tablet,1,1,1,1,1,1,106.77,2024-01-16 02:45:00
1452,sess_01452,Organic Search,Desktop,1,1,1,1,1,1,198.82,2024-01-16 03:00:00
1453,sess_01453,Paid Ad,Mobile,1,1,1,1,1,1,148.47,2024-01-16 03:15:00
1454,sess_01454,Referral,Tablet,1,1,1,1,1,1,131.28,2024-01-16 03:30:00
1455,sess_01455,Social Media,Desktop,1,1,1,1,1,1,160.42,2024-01-16 03:45:00
1456,sess_01456,Organic Search,Mobile,1,1,1,1,1,1,179.18,2024-01-16 04:00:00
1457,sess_01457,Paid Ad,Tablet,1,1,1,1,1,1,149.42,2024-01-16 04:15:00
1458,sess_01458,Referral,Desktop,1,1,1,1,1,1,181.96,2024-01-16 04:30:00
1459,sess_01459,Social Media,Mobile,1,1,1,1,1,1,177.07,2024-01-16 04:45:00
1460,sess_01460,Organic Search,Tablet,1,1,1,1,1,1,123.09,2024-01-16 05:00:00
1461,sess_01461,Paid Ad,Desktop,1,1,1,1,1,1,133.16,2024-01-16 05:15:00
1462,sess_01462,Referral,Mobile,1,1,1,1,1,1,173.94,2024-01-16 05:30:00
1463,sess_01463,Social Media,Tablet,1,1,1,1,1,1,82.18,2024-01-16 05:45:00
1464,sess_01464,Organic Search,Desktop,1,1,1,1,1,1,146.26,2024-01-16 06:00:00
1465,sess_01465,Paid Ad,Mobile,1,1,1,1,1,1,114.23,2024-01-16 06:15:00
1466,sess_01466,Referral,Tablet,1,1,1,1,1,1,138.09,2024-01-16 06:30:00
1467,sess_01467,Social Media,Desktop,1,1,1,1,1,1,142.53,2024-01-16 06:45:00
1468,sess_01468,Organic Search,Mobile,1,1,1,1,1,1,141.04,2024-01-16 07:00:00
1469,sess_01469,Paid Ad,Tablet,1,1,1,1,1,1,136.19,2024-01-16 07:15:00
1470,sess_01470,Referral,Desktop,1,1,1,1,1,1,122.57,2024-01-16 07:30:00
1471,sess_01471,Social Media,Mobile,1,1,1,1,1,1,207.3,2024-01-16 07:45:00
1472,sess_01472,Organic Search,Tablet,1,1,1,1,1,1,196.69,2024-01-16 08:00:00
1473,sess_01473,Paid Ad,Desktop,1,1,1,1,1,1,120.95,2024-01-16 08:15:00
1474,sess_01474,Referral,Mobile,1,1,1,1,1,1,189.55,2024-01-16 08:30:00
1475,sess_01475,Social Media,Tablet,1,1,1,1,1,1,140.01,2024-01-16 08:45:00
1476,sess_01476,Organic Search,Desktop,1,1,1,1,1,1,153.23,2024-01-16 09:00:00
1477,sess_01477,Paid Ad,Mobile,1,1,1,1,1,1,148.42,2024-01-16 09:15:00
1478,sess_01478,Referral,Tablet,1,1,1,1,1,1,133.51,2024-01-16 09:30:00
1479,sess_01479,Social Media,Desktop,1,1,1,1,1,1,174.6,2024-01-16 09:45:00
1480,sess_01480,Organic Search,Mobile,1,1,1,1,1,1,153.15,2024-01-16 10:00:00
1481,sess_01481,Paid Ad,Tablet,1,1,1,1,1,1,138.09,2024-01-16 10:15:00
1482,sess_01482,Referral,Desktop,1,1,1,1,1,1,117.39,2024-01-16 10:30:00
1483,sess_01483,Social Media,Mobile,1,1,1,1,1,1,127.66,2024-01-16 10:45:00
1484,sess_01484,Organic Search,Tablet,1,1,1,1,1,1,108.97,2024-01-16 11:00:00
1485,sess_01485,Paid Ad,Desktop,1,1,1,1,1,1,150.31,2024-01-16 11:15:00
1486,sess_01486,Referral,Mobile,1,1,1,1,1,1,120.08,2024-01-16 11:30:00
1487,sess_01487,Social Media,Tablet,1,1,1,1,1,1,143.36,2024-01-16 11:45:00
1488,sess_01488,Organic Search,Desktop,1,1,1,1,1,1,184.25,2024-01-16 12:00:00
1489,sess_01489,Paid Ad,Mobile,1,1,1,1,1,1,179.98,2024-01-16 12:15:00
1490,sess_01490,Referral,Tablet,1,1,1,1,1,1,149.19,2024-01-16 12:30:00
1491,sess_01491,Social Media,Desktop,1,1,1,1,1,1,147.82,2024-01-16 12:45:00
1492,sess_01492,Organic Search,Mobile,1,1,1,1,1,1,197.0,2024-01-16 13:00:00
1493,sess_01493,Paid Ad,Tablet,1,1,1,1,1,1,163.02,2024-01-16 13:15:00
1494,sess_01494,Referral,Desktop,1,1,1,1,1,1,141.8,2024-01-16 13:30:00
1495,sess_01495,Social Media,Mobile,1,1,1,1,1,1,114.35,2024-01-16 13:45:00
1496,sess_01496,Organic Search,Tablet,1,1,1,1,1,1,159.85,2024-01-16 14:00:00
1497,sess_01497,Paid Ad,Desktop,1,1,1,1,1,1,170.73,2024-01-16 14:15:00
1498,sess_01498,Referral,Mobile,1,1,1,1,1,1,134.21,2024-01-16 14:30:00
1499,sess_01499,Social Media,Tablet,1,1,1,1,1,1,157.28,2024-01-16 14:45:00
1500,sess_01500,Organic Search,Desktop,1,1,1,1,1,1,140.91,2024-01-16 15:00:00
1501,sess_01501,Paid Ad,Mobile,1,1,1,1,1,1,145.4,2024-01-16 15:15:00
1502,sess_01502,Referral,Tablet,1,1,1,1,1,1,87.8,2024-01-16 15:30:00
1503,sess_01503,Social Media,Desktop,1,1,1,1,1,1,144.46,2024-01-16 15:45:00
1504,sess_01504,Organic Search,Mobile,1,1,1,1,1,1,174.23,2024-01-16 16:00:00
1505,sess_01505,Paid Ad,Tablet,1,1,1,1,1,1,134.21,2024-01-16 16:15:00
1506,sess_01506,Referral,Desktop,1,1,1,1,1,1,151.31,2024-01-16 16:30:00
1507,sess_01507,Social Media,Mobile,1,1,1,1,1,1,131.1,2024-01-16 16:45:00
1508,sess_01508,Organic Search,Tablet,1,1,1,1,1,1,159.01,2024-01-16 17:00:00
1509,sess_01509,Paid Ad,Desktop,1,1,1,1,1,1,144.59,2024-01-16 17:15:00
1510,sess_01510,Referral,Mobile,1,1,1,1,1,1,126.52,2024-01-16 17:30:00
1511,sess_01511,Social Media,Tablet,1,1,1,1,1,1,183.31,2024-01-16 17:45:00
1512,sess_01512,Organic Search,Desktop,1,1,1,1,1,1,173.22,2024-01-16 18:00:00
1513,sess_01513,Paid Ad,Mobile,1,1,1,1,1,1,134.88,2024-01-16 18:15:00
1514,sess_01514,Referral,Tablet,1,1,1,1,1,1,162.44,2024-01-16 18:30:00
1515,sess_01515,Social Media,Desktop,1,1,1,1,1,1,163.44,2024-01-16 18:45:00
1516,sess_01516,Organic Search,Mobile,1,1,1,1,1,1,166.06,2024-01-16 19:00:00
1517,sess_01517,Paid Ad,Tablet,1,1,1,1,1,1,107.64,2024-01-16 19:15:00
1518,sess_01518,Referral,Desktop,1,1,1,1,1,1,175.17,2024-01-16 19:30:00
1519,sess_01519,Social Media,Mobile,1,1,1,1,1,1,135.76,2024-01-16 19:45:00
1520,sess_01520,Organic Search,Tablet,1,1,1,1,1,1,141.05,2024-01-16 20:00:00
1521,sess_01521,Paid Ad,Desktop,1,1,1,1,1,1,215.95,2024-01-16 20:15:00
1522,sess_01522,Referral,Mobile,1,1,1,1,1,1,157.55,2024-01-16 20:30:00
1523,sess_01523,Social Media,Tablet,1,1,1,1,1,1,140.34,2024-01-16 20:45:00
1524,sess_01524,Organic Search,Desktop,1,1,1,1,1,1,94.87,2024-01-16 21:00:00
1525,sess_01525,Paid Ad,Mobile,1,1,1,1,1,1,184.74,2024-01-16 21:15:00
1526,sess_01526,Referral,Tablet,1,1,1,1,1,1,116.37,2024-01-16 21:30:00
1527,sess_01527,Social Media,Desktop,1,1,1,1,1,1,124.91,2024-01-16 21:45:00
1528,sess_01528,Organic Search,Mobile,1,1,1,1,1,1,141.72,2024-01-16 22:00:00
1529,sess_01529,Paid Ad,Tablet,1,1,1,1,1,1,185.41,2024-01-16 22:15:00
1530,sess_01530,Referral,Desktop,1,1,1,1,1,1,169.33,2024-01-16 22:30:00
1531,sess_01531,Social Media,Mobile,1,1,1,1,1,1,146.05,2024-01-16 22:45:00
1532,sess_01532,Organic Search,Tablet,1,1,1,1,1,1,157.71,2024-01-16 23:00:00
1533,sess_01533,Paid Ad,Desktop,1,1,1,1,1,1,134.99,2024-01-16 23:15:00
1534,sess_01534,Referral,Mobile,1,1,1,1,1,1,153.49,2024-01-16 23:30:00
1535,sess_01535,Social Media,Tablet,1,1,1,1,1,1,151.83,2024-01-16 23:45:00
1536,sess_01536,Organic Search,Desktop,1,1,1,1,1,1,174.22,2024-01-17 00:00:00
1537,sess_01537,Paid Ad,Mobile,1,1,1,1,1,1,174.18,2024-01-17 00:15:00
1538,sess_01538,Referral,Tablet,1,1,1,1,1,1,162.35,2024-01-17 00:30:00
1539,sess_01539,Social Media,Desktop,1,1,1,1,1,1,140.94,2024-01-17 00:45:00
1540,sess_01540,Organic Search,Mobile,1,1,1,1,1,1,168.55,2024-01-17 01:00:00
1541,sess_01541,Paid Ad,Tablet,1,1,1,1,1,1,147.7,2024-01-17 01:15:00
1542,sess_01542,Referral,Desktop,1,1,1,1,1,1,122.95,2024-01-17 01:30:00
1543,sess_01543,Social Media,Mobile,1,1,1,1,1,1,139.92,2024-01-17 01:45:00
1544,sess_01544,Organic Search,Tablet,1,1,1,1,1,1,152.11,2024-01-17 02:00:00
1545,sess_01545,Paid Ad,Desktop,1,1,1,1,1,1,172.76,2024-01-17 02:15:00
1546,sess_01546,Referral,Mobile,1,1,1,1,1,1,145.41,2024-01-17 02:30:00
1547,sess_01547,Social Media,Tablet,1,1,1,1,1,1,119.77,2024-01-17 02:45:00
1548,sess_01548,Organic Search,Desktop,1,1,1,1,1,1,151.42,2024-01-17 03:00:00
1549,sess_01549,Paid Ad,Mobile,1,1,1,1,1,1,152.84,2024-01-17 03:15:00
1550,sess_01550,Referral,Tablet,1,1,1,1,1,1,154.65,2024-01-17 03:30:00
1551,sess_01551,Social Media,Desktop,1,1,1,1,1,1,173.0,2024-01-17 03:45:00
1552,sess_01552,Organic Search,Mobile,1,1,1,1,1,1,175.47,2024-01-17 04:00:00
1553,sess_01553,Paid Ad,Tablet,1,1,1,1,1,1,135.14,2024-01-17 04:15:00
1554,sess_01554,Referral,Desktop,1,1,1,1,1,1,134.6,2024-01-17 04:30:00
1555,sess_01555,Social Media,Mobile,1,1,1,1,1,1,124.0,2024-01-17 04:45:00
1556,sess_01556,Organic Search,Tablet,1,1,1,1,1,1,167.47,2024-01-17 05:00:00
1557,sess_01557,Paid Ad,Desktop,1,1,1,1,1,1,186.22,2024-01-17 05:15:00
1558,sess_01558,Referral,Mobile,1,1,1,1,1,1,142.12,2024-01-17 05:30:00
1559,sess_01559,Social Media,Tablet,1,1,1,1,1,1,143.96,2024-01-17 05:45:00
1560,sess_01560,Organic Search,Desktop,1,1,1,1,1,1,186.67,2024-01-17 06:00:00
1561,sess_01561,Paid Ad,Mobile,1,1,1,1,1,1,162.64,2024-01-17 06:15:00
1562,sess_01562,Referral,Tablet,1,1,1,1,1,1,160.91,2024-01-17 06:30:00
1563,sess_01563,Social Media,Desktop,1,1,1,1,1,1,120.23,2024-01-17 06:45:00
1564,sess_01564,Organic Search,Mobile,1,1,1,1,1,1,166.97,2024-01-17 07:00:00
1565,sess_01565,Paid Ad,Tablet,1,1,1,1,1,1,126.77,2024-01-17 07:15:00
1566,sess_01566,Referral,Desktop,1,1,1,1,1,1,121.65,2024-01-17 07:30:00
1567,sess_01567,Social Media,Mobile,1,1,1,1,1,1,141.33,2024-01-17 07:45:00
1568,sess_01568,Organic Search,Tablet,1,1,1,1,1,1,135.36,2024-01-17 08:00:00
1569,sess_01569,Paid Ad,Desktop,1,1,1,1,1,1,144.46,2024-01-17 08:15:00
1570,sess_01570,Referral,Mobile,1,1,1,1,1,1,113.98,2024-01-17 08:30:00
1571,sess_01571,Social Media,Tablet,1,1,1,1,1,1,173.97,2024-01-17 08:45:00
1572,sess_01572,Organic Search,Desktop,1,1,1,1,1,1,178.19,2024-01-17 09:00:00
1573,sess_01573,Paid Ad,Mobile,1,1,1,1,1,1,101.32,2024-01-17 09:15:00
1574,sess_01574,Referral,Tablet,1,1,1,1,1,1,174.46,2024-01-17 09:30:00
1575,sess_01575,Social Media,Desktop,1,1,1,1,1,1,129.74,2024-01-17 09:45:00
1576,sess_01576,Organic Search,Mobile,1,1,1,1,1,1,171.42,2024-01-17 10:00:00
1577,sess_01577,Paid Ad,Tablet,1,1,1,1,1,1,148.29,2024-01-17 10:15:00
1578,sess_01578,Referral,Desktop,1,1,1,1,1,1,150.72,2024-01-17 10:30:00
1579,sess_01579,Social Media,Mobile,1,1,1,1,1,1,145.37,2024-01-17 10:45:00
1580,sess_01580,Organic Search,Tablet,1,1,1,1,1,1,180.3,2024-01-17 11:00:00
1581,sess_01581,Paid Ad,Desktop,1,1,1,1,1,1,119.01,2024-01-17 11:15:00
1582,sess_01582,Referral,Mobile,1,1,1,1,1,1,165.2,2024-01-17 11:30:00
1583,sess_01583,Social Media,Tablet,1,1,1,1,1,1,177.53,2024-01-17 11:45:00
1584,sess_01584,Organic Search,Desktop,1,1,1,1,1,1,167.91,2024-01-17 12:00:00
1585,sess_01585,Paid Ad,Mobile,1,1,1,1,1,1,208.12,2024-01-17 12:15:00
1586,sess_01586,Referral,Tablet,1,1,1,1,1,1,136.78,2024-01-17 12:30:00
1587,sess_01587,Social Media,Desktop,1,1,1,1,1,1,173.93,2024-01-17 12:45:00
1588,sess_01588,Organic Search,Mobile,1,1,1,1,1,1,147.35,2024-01-17 13:00:00
1589,sess_01589,Paid Ad,Tablet,1,1,1,1,1,1,180.84,2024-01-17 13:15:00
1590,sess_01590,Referral,Desktop,1,1,1,1,1,1,149.81,2024-01-17 13:30:00
1591,sess_01591,Social Media,Mobile,1,1,1,1,1,1,140.3,2024-01-17 13:45:00
1592,sess_01592,Organic Search,Tablet,1,1,1,1,1,1,182.65,2024-01-17 14:00:00
1593,sess_01593,Paid Ad,Desktop,1,1,1,1,1,1,137.71,2024-01-17 14:15:00
1594,sess_01594,Referral,Mobile,1,1,1,1,1,1,114.68,2024-01-17 14:30:00
1595,sess_01595,Social Media,Tablet,1,1,1,1,1,1,137.08,2024-01-17 14:45:00
1596,sess_01596,Organic Search,Desktop,1,1,1,1,1,1,165.48,2024-01-17 15:00:00
1597,sess_01597,Paid Ad,Mobile,1,1,1,1,1,1,184.8,2024-01-17 15:15:00
1598,sess_01598,Referral,Tablet,1,1,1,1,1,1,152.78,2024-01-17 15:30:00
1599,sess_01599,Social Media,Desktop,1,1,1,1,1,1,182.95,2024-01-17 15:45:00
1600,sess_01600,Organic Search,Mobile,1,1,1,1,1,1,116.05,2024-01-17 16:00:00
1601,sess_01601,Paid Ad,Tablet,1,1,1,1,1,1,138.92,2024-01-17 16:15:00
1602,sess_01602,Referral,Desktop,1,1,1,1,1,1,142.79,2024-01-17 16:30:00
1603,sess_01603,Social Media,Mobile,1,1,1,1,1,1,147.14,2024-01-17 16:45:00
1604,sess_01604,Organic Search,Tablet,1,1,1,1,1,1,152.1,2024-01-17 17:00:00
1605,sess_01605,Paid Ad,Desktop,1,1,1,1,1,1,167.27,2024-01-17 17:15:00
1606,sess_01606,Referral,Mobile,1,1,1,1,1,1,138.88,2024-01-17 17:30:00
1607,sess_01607,Social Media,Tablet,1,1,1,1,1,1,153.48,2024-01-17 17:45:00
1608,sess_01608,Organic Search,Desktop,1,1,1,1,1,1,148.87,2024-01-17 18:00:00
1609,sess_01609,Paid Ad,Mobile,1,1,1,1,1,1,126.85,2024-01-17 18:15:00
1610,sess_01610,Referral,Tablet,1,1,1,1,1,1,147.16,2024-01-17 18:30:00
1611,sess_01611,Social Media,Desktop,1,1,1,1,1,1,146.41,2024-01-17 18:45:00
1612,sess_01612,Organic Search,Mobile,1,1,1,1,1,1,145.87,2024-01-17 19:00:00
1613,sess_01613,Paid Ad,Tablet,1,1,1,1,1,1,150.79,2024-01-17 19:15:00
1614,sess_01614,Referral,Desktop,1,1,1,1,1,1,151.89,2024-01-17 19:30:00
1615,sess_01615,Social Media,Mobile,1,1,1,1,1,1,139.19,2024-01-17 19:45:00
1616,sess_01616,Organic Search,Tablet,1,1,1,1,1,1,181.82,2024-01-17 20:00:00
1617,sess_01617,Paid Ad,Desktop,1,1,1,1,1,1,120.76,2024-01-17 20:15:00
1618,sess_01618,Referral,Mobile,1,1,1,1,1,1,131.98,2024-01-17 20:30:00
1619,sess_01619,Social Media,Tablet,1,1,1,1,1,1,219.5,2024-01-17 20:45:00
1620,sess_01620,Organic Search,Desktop,1,1,1,1,1,1,124.05,2024-01-17 21:00:00
1621,sess_01621,Paid Ad,Mobile,1,1,1,1,1,1,116.16,2024-01-17 21:15:00
1622,sess_01622,Referral,Tablet,1,1,1,1,1,1,168.36,2024-01-17 21:30:00
1623,sess_01623,Social Media,Desktop,1,1,1,1,1,1,98.07,2024-01-17 21:45:00
1624,sess_01624,Organic Search,Mobile,1,1,1,1,1,1,144.12,2024-01-17 22:00:00
1625,sess_01625,Paid Ad,Tablet,1,1,1,1,1,1,203.65,2024-01-17 22:15:00
1626,sess_01626,Referral,Desktop,1,1,1,1,1,1,111.38,2024-01-17 22:30:00
1627,sess_01627,Social Media,Mobile,1,1,1,1,1,1,100.45,2024-01-17 22:45:00
1628,sess_01628,Organic Search,Tablet,1,1,1,1,1,1,112.52,2024-01-17 23:00:00
1629,sess_01629,Paid Ad,Desktop,1,1,1,1,1,1,172.46,2024-01-17 23:15:00
1630,sess_01630,Referral,Mobile,1,1,1,1,1,1,178.12,2024-01-17 23:30:00
1631,sess_01631,Social Media,Tablet,1,1,1,1,1,1,137.19,2024-01-17 23:45:00
1632,sess_01632,Organic Search,Desktop,1,1,1,1,1,1,167.08,2024-01-18 00:00:00
1633,sess_01633,Paid Ad,Mobile,1,1,1,1,1,1,184.76,2024-01-18 00:15:00
1634,sess_01634,Referral,Tablet,1,1,1,1,1,1,194.68,2024-01-18 00:30:00
1635,sess_01635,Social Media,Desktop,1,1,1,1,1,1,143.84,2024-01-18 00:45:00
1636,sess_01636,Organic Search,Mobile,1,1,1,1,1,1,92.46,2024-01-18 01:00:00
1637,sess_01637,Paid Ad,Tablet,1,1,1,1,1,1,129.48,2024-01-18 01:15:00
1638,sess_01638,Referral,Desktop,1,1,1,1,1,1,139.33,2024-01-18 01:30:00
1639,sess_01639,Social Media,Mobile,1,1,1,1,1,1,143.53,2024-01-18 01:45:00
1640,sess_01640,Organic Search,Tablet,1,1,1,1,1,1,145.3,2024-01-18 02:00:00
1641,sess_01641,Paid Ad,Desktop,1,1,1,1,1,1,177.97,2024-01-18 02:15:00
1642,sess_01642,Referral,Mobile,1,1,1,1,1,1,181.86,2024-01-18 02:30:00
1643,sess_01643,Social Media,Tablet,1,1,1,1,1,1,145.71,2024-01-18 02:45:00
1644,sess_01644,Organic Search,Desktop,1,1,1,1,1,1,177.46,2024-01-18 03:00:00
1645,sess_01645,Paid Ad,Mobile,1,1,1,1,1,1,158.94,2024-01-18 03:15:00
1646,sess_01646,Referral,Tablet,1,1,1,1,1,1,151.61,2024-01-18 03:30:00
1647,sess_01647,Social Media,Desktop,1,1,1,1,1,1,172.66,2024-01-18 03:45:00
1648,sess_01648,Organic Search,Mobile,1,1,1,1,1,1,151.81,2024-01-18 04:00:00
1649,sess_01649,Paid Ad,Tablet,1,1,1,1,1,1,201.45,2024-01-18 04:15:00
1650,sess_01650,Referral,Desktop,1,1,1,1,1,1,114.04,2024-01-18 04:30:00
1651,sess_01651,Social Media,Mobile,1,1,1,1,1,1,137.12,2024-01-18 04:45:00
1652,sess_01652,Organic Search,Tablet,1,1,1,1,1,1,146.84,2024-01-18 05:00:00
1653,sess_01653,Paid Ad,Desktop,1,1,1,1,1,1,160.99,2024-01-18 05:15:00
1654,sess_01654,Referral,Mobile,1,1,1,1,1,1,181.7,2024-01-18 05:30:00
1655,sess_01655,Social Media,Tablet,1,1,1,1,1,1,149.39,2024-01-18 05:45:00
1656,sess_01656,Organic Search,Desktop,1,1,1,1,1,1,114.44,2024-01-18 06:00:00
1657,sess_01657,Paid Ad,Mobile,1,1,1,1,1,1,171.06,2024-01-18 06:15:00
1658,sess_01658,Referral,Tablet,1,1,1,1,1,1,168.87,2024-01-18 06:30:00
1659,sess_01659,Social Media,Desktop,1,1,1,1,1,1,101.45,2024-01-18 06:45:00
1660,sess_01660,Organic Search,Mobile,1,1,1,1,1,1,149.9,2024-01-18 07:00:00
1661,sess_01661,Paid Ad,Tablet,1,1,1,1,1,1,110.25,2024-01-18 07:15:00
1662,sess_01662,Referral,Desktop,1,1,1,1,1,1,133.38,2024-01-18 07:30:00
1663,sess_01663,Social Media,Mobile,1,1,1,1,1,1,127.43,2024-01-18 07:45:00
1664,sess_01664,Organic Search,Tablet,1,1,1,1,1,1,170.23,2024-01-18 08:00:00
1665,sess_01665,Paid Ad,Desktop,1,1,1,1,1,1,152.92,2024-01-18 08:15:00
1666,sess_01666,Referral,Mobile,1,1,1,1,1,1,117.86,2024-01-18 08:30:00
1667,sess_01667,Social Media,Tablet,1,1,1,1,1,1,172.0,2024-01-18 08:45:00
1668,sess_01668,Organic Search,Desktop,1,1,1,1,1,1,114.15,2024-01-18 09:00:00
1669,sess_01669,Paid Ad,Mobile,1,1,1,1,1,1,158.25,2024-01-18 09:15:00
1670,sess_01670,Referral,Tablet,1,1,1,1,1,1,129.65,2024-01-18 09:30:00
1671,sess_01671,Social Media,Desktop,1,1,1,1,1,1,140.86,2024-01-18 09:45:00
1672,sess_01672,Organic Search,Mobile,1,1,1,1,1,1,162.61,2024-01-18 10:00:00
1673,sess_01673,Paid Ad,Tablet,1,1,1,1,1,1,163.04,2024-01-18 10:15:00
1674,sess_01674,Referral,Desktop,1,1,1,1,1,1,183.42,2024-01-18 10:30:00
1675,sess_01675,Social Media,Mobile,1,1,1,1,1,1,147.94,2024-01-18 10:45:00
1676,sess_01676,Organic Search,Tablet,1,1,1,1,1,1,157.66,2024-01-18 11:00:00
1677,sess_01677,Paid Ad,Desktop,1,1,1,1,1,1,139.06,2024-01-18 11:15:00
1678,sess_01678,Referral,Mobile,1,1,1,1,1,1,154.55,2024-01-18 11:30:00
1679,sess_01679,Social Media,Tablet,1,1,1,1,1,1,160.99,2024-01-18 11:45:00
1680,sess_01680,Organic Search,Desktop,1,1,1,1,1,1,147.54,2024-01-18 12:00:00
1681,sess_01681,Paid Ad,Mobile,1,1,1,1,1,1,104.91,2024-01-18 12:15:00
1682,sess_01682,Referral,Tablet,1,1,1,1,1,1,158.29,2024-01-18 12:30:00
1683,sess_01683,Social Media,Desktop,1,1,1,1,1,1,159.11,2024-01-18 12:45:00
1684,sess_01684,Organic Search,Mobile,1,1,1,1,1,1,133.0,2024-01-18 13:00:00
1685,sess_01685,Paid Ad,Tablet,1,1,1,1,1,1,117.89,2024-01-18 13:15:00
1686,sess_01686,Referral,Desktop,1,1,1,1,1,1,186.9,2024-01-18 13:30:00
1687,sess_01687,Social Media,Mobile,1,1,1,1,1,1,162.29,2024-01-18 13:45:00
1688,sess_01688,Organic Search,Tablet,1,1,1,1,1,1,144.27,2024-01-18 14:00:00
1689,sess_01689,Paid Ad,Desktop,1,1,1,1,1,1,121.57,2024-01-18 14:15:00
1690,sess_01690,Referral,Mobile,1,1,1,1,1,1,129.45,2024-01-18 14:30:00
1691,sess_01691,Social Media,Tablet,1,1,1,1,1,1,182.56,2024-01-18 14:45:00
1692,sess_01692,Organic Search,Desktop,1,1,1,1,1,1,153.44,2024-01-18 15:00:00
1693,sess_01693,Paid Ad,Mobile,1,1,1,1,1,1,136.24,2024-01-18 15:15:00
1694,sess_01694,Referral,Tablet,1,1,1,1,1,1,162.74,2024-01-18 15:30:00
1695,sess_01695,Social Media,Desktop,1,1,1,1,1,1,129.64,2024-01-18 15:45:00
1696,sess_01696,Organic Search,Mobile,1,1,1,1,1,1,187.52,2024-01-18 16:00:00
1697,sess_01697,Paid Ad,Tablet,1,1,1,1,1,1,183.82,2024-01-18 16:15:00
1698,sess_01698,Referral,Desktop,1,1,1,1,1,1,138.34,2024-01-18 16:30:00
1699,sess_01699,Social Media,Mobile,1,1,1,1,1,1,134.28,2024-01-18 16:45:00
1700,sess_01700,Organic Search,Tablet,1,1,1,1,1,1,84.55,2024-01-18 17:00:00
1701,sess_01701,Paid Ad,Desktop,1,1,1,1,1,1,112.96,2024-01-18 17:15:00
1702,sess_01702,Referral,Mobile,1,1,1,1,1,1,116.51,2024-01-18 17:30:00
1703,sess_01703,Social Media,Tablet,1,1,1,1,1,1,153.38,2024-01-18 17:45:00
1704,sess_01704,Organic Search,Desktop,1,1,1,1,1,1,141.84,2024-01-18 18:00:00
1705,sess_01705,Paid Ad,Mobile,1,1,1,1,1,1,116.37,2024-01-18 18:15:00
1706,sess_01706,Referral,Tablet,1,1,1,1,1,1,142.97,2024-01-18 18:30:00
1707,sess_01707,Social Media,Desktop,1,1,1,1,1,1,162.63,2024-01-18 18:45:00
1708,sess_01708,Organic Search,Mobile,1,1,1,1,1,1,163.2,2024-01-18 19:00:00
1709,sess_01709,Paid Ad,Tablet,1,1,1,1,1,1,102.51,2024-01-18 19:15:00
1710,sess_01710,Referral,Desktop,1,1,1,1,1,1,146.79,2024-01-18 19:30:00
1711,sess_01711,Social Media,Mobile,1,1,1,1,1,1,115.42,2024-01-18 19:45:00
1712,sess_01712,Organic Search,Tablet,1,1,1,1,1,1,172.54,2024-01-18 20:00:00
1713,sess_01713,Paid Ad,Desktop,1,1,1,1,1,1,169.6,2024-01-18 20:15:00
1714,sess_01714,Referral,Mobile,1,1,1,1,1,1,127.55,2024-01-18 20:30:00
1715,sess_01715,Social Media,Tablet,1,1,1,1,1,1,130.85,2024-01-18 20:45:00
1716,sess_01716,Organic Search,Desktop,1,1,1,1,1,1,138.47,2024-01-18 21:00:00
1717,sess_01717,Paid Ad,Mobile,1,1,1,1,1,1,93.68,2024-01-18 21:15:00
1718,sess_01718,Referral,Tablet,1,1,1,1,1,1,158.4,2024-01-18 21:30:00
1719,sess_01719,Social Media,Desktop,1,1,1,1,1,1,143.18,2024-01-18 21:45:00
1720,sess_01720,Organic Search,Mobile,1,1,1,1,1,1,174.25,2024-01-18 22:00:00
1721,sess_01721,Paid Ad,Tablet,1,1,1,1,1,1,122.54,2024-01-18 22:15:00
1722,sess_01722,Referral,Desktop,1,1,1,1,1,1,134.52,2024-01-18 22:30:00
1723,sess_01723,Social Media,Mobile,1,1,1,1,1,1,112.34,2024-01-18 22:45:00
1724,sess_01724,Organic Search,Tablet,1,1,1,1,1,1,124.89,2024-01-18 23:00:00
1725,sess_01725,Paid Ad,Desktop,1,1,1,1,1,1,120.45,2024-01-18 23:15:00
1726,sess_01726,Referral,Mobile,1,1,1,1,1,1,174.9,2024-01-18 23:30:00
1727,sess_01727,Social Media,Tablet,1,1,1,1,1,1,132.54,2024-01-18 23:45:00
1728,sess_01728,Organic Search,Desktop,1,1,1,1,1,1,153.1,2024-01-19 00:00:00
1729,sess_01729,Paid Ad,Mobile,1,1,1,1,1,1,140.48,2024-01-19 00:15:00
1730,sess_01730,Referral,Tablet,1,1,1,1,1,1,118.26,2024-01-19 00:30:00
1731,sess_01731,Social Media,Desktop,1,1,1,1,1,1,145.79,2024-01-19 00:45:00
1732,sess_01732,Organic Search,Mobile,1,1,1,1,1,1,164.98,2024-01-19 01:00:00
1733,sess_01733,Paid Ad,Tablet,1,1,1,1,1,1,119.81,2024-01-19 01:15:00
1734,sess_01734,Referral,Desktop,1,1,1,1,1,1,170.23,2024-01-19 01:30:00
1735,sess_01735,Social Media,Mobile,1,1,1,1,1,1,128.76,2024-01-19 01:45:00
1736,sess_01736,Organic Search,Tablet,1,1,1,1,1,1,137.93,2024-01-19 02:00:00
1737,sess_01737,Paid Ad,Desktop,1,1,1,1,1,1,163.27,2024-01-19 02:15:00
1738,sess_01738,Referral,Mobile,1,1,1,1,1,1,133.41,2024-01-19 02:30:00
1739,sess_01739,Social Media,Tablet,1,1,1,1,1,1,150.94,2024-01-19 02:45:00
1740,sess_01740,Organic Search,Desktop,1,1,1,1,1,1,142.13,2024-01-19 03:00:00
1741,sess_01741,Paid Ad,Mobile,1,1,1,1,1,1,153.23,2024-01-19 03:15:00
1742,sess_01742,Referral,Tablet,1,1,1,1,1,1,90.48,2024-01-19 03:30:00
1743,sess_01743,Social Media,Desktop,1,1,1,1,1,1,104.26,2024-01-19 03:45:00
1744,sess_01744,Organic Search,Mobile,1,1,1,1,1,1,165.4,2024-01-19 04:00:00
1745,sess_01745,Paid Ad,Tablet,1,1,1,1,1,1,175.93,2024-01-19 04:15:00
1746,sess_01746,Referral,Desktop,1,1,1,1,1,1,127.24,2024-01-19 04:30:00
1747,sess_01747,Social Media,Mobile,1,1,1,1,1,1,143.9,2024-01-19 04:45:00
1748,sess_01748,Organic Search,Tablet,1,1,1,1,1,1,157.37,2024-01-19 05:00:00
1749,sess_01749,Paid Ad,Desktop,1,1,1,1,1,1,167.33,2024-01-19 05:15:00
1750,sess_01750,Referral,Mobile,1,1,1,1,1,1,99.31,2024-01-19 05:30:00
1751,sess_01751,Social Media,Tablet,1,1,1,1,1,1,127.85,2024-01-19 05:45:00
1752,sess_01752,Organic Search,Desktop,1,1,1,1,1,1,141.69,2024-01-19 06:00:00
1753,sess_01753,Paid Ad,Mobile,1,1,1,1,1,1,167.58,2024-01-19 06:15:00
1754,sess_01754,Referral,Tablet,1,1,1,1,1,1,212.46,2024-01-19 06:30:00
1755,sess_01755,Social Media,Desktop,1,1,1,1,1,1,144.3,2024-01-19 06:45:00
1756,sess_01756,Organic Search,Mobile,1,1,1,1,1,1,114.83,2024-01-19 07:00:00
1757,sess_01757,Paid Ad,Tablet,1,1,1,1,1,1,160.06,2024-01-19 07:15:00
1758,sess_01758,Referral,Desktop,1,1,1,1,1,1,183.02,2024-01-19 07:30:00
1759,sess_01759,Social Media,Mobile,1,1,1,1,1,1,152.7,2024-01-19 07:45:00
1760,sess_01760,Organic Search,Tablet,1,1,1,1,1,1,127.33,2024-01-19 08:00:00
1761,sess_01761,Paid Ad,Desktop,1,1,1,1,1,1,173.95,2024-01-19 08:15:00
1762,sess_01762,Referral,Mobile,1,1,1,1,1,1,166.59,2024-01-19 08:30:00
1763,sess_01763,Social Media,Tablet,1,1,1,1,1,1,124.35,2024-01-19 08:45:00
1764,sess_01764,Organic Search,Desktop,1,1,1,1,1,1,159.54,2024-01-19 09:00:00
1765,sess_01765,Paid Ad,Mobile,1,1,1,1,1,1,174.93,2024-01-19 09:15:00
1766,sess_01766,Referral,Tablet,1,1,1,1,1,1,179.55,2024-01-19 09:30:00
1767,sess_01767,Social Media,Desktop,1,1,1,1,1,1,148.34,2024-01-19 09:45:00
1768,sess_01768,Organic Search,Mobile,1,1,1,1,1,1,141.05,2024-01-19 10:00:00
1769,sess_01769,Paid Ad,Tablet,1,1,1,1,1,1,180.68,2024-01-19 10:15:00
1770,sess_01770,Referral,Desktop,1,1,1,1,1,1,119.75,2024-01-19 10:30:00
1771,sess_01771,Social Media,Mobile,1,1,1,1,1,1,160.96,2024-01-19 10:45:00
1772,sess_01772,Organic Search,Tablet,1,1,1,1,1,1,115.75,2024-01-19 11:00:00
1773,sess_01773,Paid Ad,Desktop,1,1,1,1,1,1,176.63,2024-01-19 11:15:00
1774,sess_01774,Referral,Mobile,1,1,1,1,1,1,143.55,2024-01-19 11:30:00
1775,sess_01775,Social Media,Tablet,1,1,1,1,1,1,181.71,2024-01-19 11:45:00
1776,sess_01776,Organic Search,Desktop,1,1,1,1,1,1,162.29,2024-01-19 12:00:00
1777,sess_01777,Paid Ad,Mobile,1,1,1,1,1,1,119.42,2024-01-19 12:15:00
1778,sess_01778,Referral,Tablet,1,1,1,1,1,1,185.62,2024-01-19 12:30:00
1779,sess_01779,Social Media,Desktop,1,1,1,1,1,1,188.78,2024-01-19 12:45:00
1780,sess_01780,Organic Search,Mobile,1,1,1,1,1,1,172.06,2024-01-19 13:00:00
1781,sess_01781,Paid Ad,Tablet,1,1,1,1,1,1,130.96,2024-01-19 13:15:00
1782,sess_01782,Referral,Desktop,1,1,1,1,1,1,142.35,2024-01-19 13:30:00
1783,sess_01783,Social Media,Mobile,1,1,1,1,1,1,153.64,2024-01-19 13:45:00
1784,sess_01784,Organic Search,Tablet,1,1,1,1,1,1,132.41,2024-01-19 14:00:00
1785,sess_01785,Paid Ad,Desktop,1,1,1,1,1,1,192.31,2024-01-19 14:15:00
1786,sess_01786,Referral,Mobile,1,1,1,1,1,1,153.61,2024-01-19 14:30:00
1787,sess_01787,Social Media,Tablet,1,1,1,1,1,1,82.42,2024-01-19 14:45:00
1788,sess_01788,Organic Search,Desktop,1,1,1,1,1,1,158.48,2024-01-19 15:00:00
1789,sess_01789,Paid Ad,Mobile,1,1,1,1,1,1,141.3,2024-01-19 15:15:00
1790,sess_01790,Referral,Tablet,1,1,1,1,1,1,148.13,2024-01-19 15:30:00
1791,sess_01791,Social Media,Desktop,1,1,1,1,1,1,140.78,2024-01-19 15:45:00
1792,sess_01792,Organic Search,Mobile,1,1,1,1,1,1,170.18,2024-01-19 16:00:00
1793,sess_01793,Paid Ad,Tablet,1,1,1,1,1,1,177.99,2024-01-19 16:15:00
1794,sess_01794,Referral,Desktop,1,1,1,1,1,1,157.08,2024-01-19 16:30:00
1795,sess_01795,Social Media,Mobile,1,1,1,1,1,1,141.52,2024-01-19 16:45:00
1796,sess_01796,Organic Search,Tablet,1,1,1,1,1,1,148.97,2024-01-19 17:00:00
1797,sess_01797,Paid Ad,Desktop,1,1,1,1,1,1,150.49,2024-01-19 17:15:00
1798,sess_01798,Referral,Mobile,1,1,1,1,1,1,129.94,2024-01-19 17:30:00
1799,sess_01799,Social Media,Tablet,1,1,1,1,1,1,164.47,2024-01-19 17:45:00
1800,sess_01800,Organic Search,Desktop,1,1,1,1,1,1,161.5,2024-01-19 18:00:00
1801,sess_01801,Paid Ad,Mobile,1,1,1,1,1,1,188.51,2024-01-19 18:15:00
1802,sess_01802,Referral,Tablet,1,1,1,1,1,1,181.38,2024-01-19 18:30:00
1803,sess_01803,Social Media,Desktop,1,1,1,1,1,1,132.86,2024-01-19 18:45:00
1804,sess_01804,Organic Search,Mobile,1,1,1,1,1,1,170.51,2024-01-19 19:00:00
1805,sess_01805,Paid Ad,Tablet,1,1,1,1,1,1,126.23,2024-01-19 19:15:00
1806,sess_01806,Referral,Desktop,1,1,1,1,1,1,167.4,2024-01-19 19:30:00
1807,sess_01807,Social Media,Mobile,1,1,1,1,1,1,137.08,2024-01-19 19:45:00
1808,sess_01808,Organic Search,Tablet,1,1,1,1,1,1,124.42,2024-01-19 20:00:00
1809,sess_01809,Paid Ad,Desktop,1,1,1,1,1,1,157.0,2024-01-19 20:15:00
1810,sess_01810,Referral,Mobile,1,1,1,1,1,1,83.14,2024-01-19 20:30:00
1811,sess_01811,Social Media,Tablet,1,1,1,1,1,1,106.23,2024-01-19 20:45:00
1812,sess_01812,Organic Search,Desktop,1,1,1,1,1,1,145.56,2024-01-19 21:00:00
1813,sess_01813,Paid Ad,Mobile,1,1,1,1,1,1,152.06,2024-01-19 21:15:00
1814,sess_01814,Referral,Tablet,1,1,1,1,1,1,140.77,2024-01-19 21:30:00
1815,sess_01815,Social Media,Desktop,1,1,1,1,1,1,110.51,2024-01-19 21:45:00
1816,sess_01816,Organic Search,Mobile,1,1,1,1,1,1,129.55,2024-01-19 22:00:00
1817,sess_01817,Paid Ad,Tablet,1,1,1,1,1,1,159.78,2024-01-19 22:15:00
1818,sess_01818,Referral,Desktop,1,1,1,1,1,1,164.54,2024-01-19 22:30:00
1819,sess_01819,Social Media,Mobile,1,1,1,1,1,1,149.59,2024-01-19 22:45:00
1820,sess_01820,Organic Search,Tablet,1,1,1,1,1,1,178.92,2024-01-19 23:00:00
1821,sess_01821,Paid Ad,Desktop,1,1,1,1,1,1,159.93,2024-01-19 23:15:00
1822,sess_01822,Referral,Mobile,1,1,1,1,1,1,131.31,2024-01-19 23:30:00
1823,sess_01823,Social Media,Tablet,1,1,1,1,1,1,142.99,2024-01-19 23:45:00
1824,sess_01824,Organic Search,Desktop,1,1,1,1,1,1,114.93,2024-01-20 00:00:00
1825,sess_01825,Paid Ad,Mobile,1,1,1,1,1,1,147.3,2024-01-20 00:15:00
1826,sess_01826,Referral,Tablet,1,1,1,1,1,1,177.8,2024-01-20 00:30:00
1827,sess_01827,Social Media,Desktop,1,1,1,1,1,1,167.13,2024-01-20 00:45:00
1828,sess_01828,Organic Search,Mobile,1,1,1,1,1,1,185.05,2024-01-20 01:00:00
1829,sess_01829,Paid Ad,Tablet,1,1,1,1,1,1,142.43,2024-01-20 01:15:00
1830,sess_01830,Referral,Desktop,1,1,1,1,1,1,183.65,2024-01-20 01:30:00
1831,sess_01831,Social Media,Mobile,1,1,1,1,1,1,145.17,2024-01-20 01:45:00
1832,sess_01832,Organic Search,Tablet,1,1,1,1,1,1,186.79,2024-01-20 02:00:00
1833,sess_01833,Paid Ad,Desktop,1,1,1,1,1,1,149.45,2024-01-20 02:15:00
1834,sess_01834,Referral,Mobile,1,1,1,1,1,1,167.68,2024-01-20 02:30:00
1835,sess_01835,Social Media,Tablet,1,1,1,1,1,1,186.88,2024-01-20 02:45:00
1836,sess_01836,Organic Search,Desktop,1,1,1,1,1,1,145.16,2024-01-20 03:00:00
1837,sess_01837,Paid Ad,Mobile,1,1,1,1,1,1,155.46,2024-01-20 03:15:00
1838,sess_01838,Referral,Tablet,1,1,1,1,1,1,182.22,2024-01-20 03:30:00
1839,sess_01839,Social Media,Desktop,1,1,1,1,1,1,146.67,2024-01-20 03:45:00
1840,sess_01840,Organic Search,Mobile,1,1,1,1,1,1,116.98,2024-01-20 04:00:00
1841,sess_01841,Paid Ad,Tablet,1,1,1,1,1,1,203.58,2024-01-20 04:15:00
1842,sess_01842,Referral,Desktop,1,1,1,1,1,1,138.26,2024-01-20 04:30:00
1843,sess_01843,Social Media,Mobile,1,1,1,1,1,1,153.97,2024-01-20 04:45:00
1844,sess_01844,Organic Search,Tablet,1,1,1,1,1,1,178.9,2024-01-20 05:00:00
1845,sess_01845,Paid Ad,Desktop,1,1,1,1,1,1,134.79,2024-01-20 05:15:00
1846,sess_01846,Referral,Mobile,1,1,1,1,1,1,124.8,2024-01-20 05:30:00
1847,sess_01847,Social Media,Tablet,1,1,1,1,1,1,156.34,2024-01-20 05:45:00
1848,sess_01848,Organic Search,Desktop,1,1,1,1,1,1,105.17,2024-01-20 06:00:00
1849,sess_01849,Paid Ad,Mobile,1,1,1,1,1,1,142.8,2024-01-20 06:15:00
1850,sess_01850,Referral,Tablet,1,1,1,1,1,1,156.13,2024-01-20 06:30:00
1851,sess_01851,Social Media,Desktop,1,1,1,1,1,1,143.25,2024-01-20 06:45:00
1852,sess_01852,Organic Search,Mobile,1,1,1,1,1,1,111.41,2024-01-20 07:00:00
1853,sess_01853,Paid Ad,Tablet,1,1,1,1,1,1,189.85,2024-01-20 07:15:00
1854,sess_01854,Referral,Desktop,1,1,1,1,1,1,152.59,2024-01-20 07:30:00
1855,sess_01855,Social Media,Mobile,1,1,1,1,1,1,185.78,2024-01-20 07:45:00
1856,sess_01856,Organic Search,Tablet,1,1,1,1,1,1,143.5,2024-01-20 08:00:00
1857,sess_01857,Paid Ad,Desktop,1,1,1,1,1,1,128.0,2024-01-20 08:15:00
1858,sess_01858,Referral,Mobile,1,1,1,1,1,1,156.73,2024-01-20 08:30:00
1859,sess_01859,Social Media,Tablet,1,1,1,1,1,1,144.61,2024-01-20 08:45:00
1860,sess_01860,Organic Search,Desktop,1,1,1,1,1,1,120.56,2024-01-20 09:00:00
1861,sess_01861,Paid Ad,Mobile,1,1,1,1,1,1,186.74,2024-01-20 09:15:00
1862,sess_01862,Referral,Tablet,1,1,1,1,1,1,134.44,2024-01-20 09:30:00
1863,sess_01863,Social Media,Desktop,1,1,1,1,1,1,103.99,2024-01-20 09:45:00
1864,sess_01864,Organic Search,Mobile,1,1,1,1,1,1,183.2,2024-01-20 10:00:00
1865,sess_01865,Paid Ad,Tablet,1,1,1,1,1,1,137.39,2024-01-20 10:15:00
1866,sess_01866,Referral,Desktop,1,1,1,1,1,1,134.8,2024-01-20 10:30:00
1867,sess_01867,Social Media,Mobile,1,1,1,1,1,1,105.87,2024-01-20 10:45:00
1868,sess_01868,Organic Search,Tablet,1,1,1,1,1,1,193.52,2024-01-20 11:00:00
1869,sess_01869,Paid Ad,Desktop,1,1,1,1,1,1,117.76,2024-01-20 11:15:00
1870,sess_01870,Referral,Mobile,1,1,1,1,1,1,151.46,2024-01-20 11:30:00
1871,sess_01871,Social Media,Tablet,1,1,1,1,1,1,172.82,2024-01-20 11:45:00
1872,sess_01872,Organic Search,Desktop,1,1,1,1,1,1,160.54,2024-01-20 12:00:00
1873,sess_01873,Paid Ad,Mobile,1,1,1,1,1,1,148.51,2024-01-20 12:15:00
1874,sess_01874,Referral,Tablet,1,1,1,1,1,1,107.46,2024-01-20 12:30:00
1875,sess_01875,Social Media,Desktop,1,1,1,1,1,1,129.76,2024-01-20 12:45:00
1876,sess_01876,Organic Search,Mobile,1,1,1,1,1,1,154.7,2024-01-20 13:00:00
1877,sess_01877,Paid Ad,Tablet,1,1,1,1,1,1,130.32,2024-01-20 13:15:00
1878,sess_01878,Referral,Desktop,1,1,1,1,1,1,155.08,2024-01-20 13:30:00
1879,sess_01879,Social Media,Mobile,1,1,1,1,1,1,167.04,2024-01-20 13:45:00
1880,sess_01880,Organic Search,Tablet,1,1,1,1,1,1,174.06,2024-01-20 14:00:00
1881,sess_01881,Paid Ad,Desktop,1,1,1,1,1,1,119.35,2024-01-20 14:15:00
1882,sess_01882,Referral,Mobile,1,1,1,1,1,1,204.92,2024-01-20 14:30:00
1883,sess_01883,Social Media,Tablet,1,1,1,1,1,1,169.19,2024-01-20 14:45:00
1884,sess_01884,Organic Search,Desktop,1,1,1,1,1,1,149.96,2024-01-20 15:00:00
1885,sess_01885,Paid Ad,Mobile,1,1,1,1,1,1,177.24,2024-01-20 15:15:00
1886,sess_01886,Referral,Tablet,1,1,1,1,1,1,209.14,2024-01-20 15:30:00
1887,sess_01887,Social Media,Desktop,1,1,1,1,1,1,114.03,2024-01-20 15:45:00
1888,sess_01888,Organic Search,Mobile,1,1,1,1,1,1,144.37,2024-01-20 16:00:00
1889,sess_01889,Paid Ad,Tablet,1,1,1,1,1,1,90.54,2024-01-20 16:15:00
1890,sess_01890,Referral,Desktop,1,1,1,1,1,1,154.82,2024-01-20 16:30:00
1891,sess_01891,Social Media,Mobile,1,1,1,1,1,1,159.13,2024-01-20 16:45:00
1892,sess_01892,Organic Search,Tablet,1,1,1,1,1,1,149.02,2024-01-20 17:00:00
1893,sess_01893,Paid Ad,Desktop,1,1,1,1,1,1,133.64,2024-01-20 17:15:00
1894,sess_01894,Referral,Mobile,1,1,1,1,1,1,98.76,2024-01-20 17:30:00
1895,sess_01895,Social Media,Tablet,1,1,1,1,1,1,159.34,2024-01-20 17:45:00
1896,sess_01896,Organic Search,Desktop,1,1,1,1,1,1,186.39,2024-01-20 18:00:00
1897,sess_01897,Paid Ad,Mobile,1,1,1,1,1,1,135.22,2024-01-20 18:15:00
1898,sess_01898,Referral,Tablet,1,1,1,1,1,1,161.0,2024-01-20 18:30:00
1899,sess_01899,Social Media,Desktop,1,1,1,1,1,1,110.8,2024-01-20 18:45:00
1900,sess_01900,Organic Search,Mobile,1,1,1,1,1,1,161.43,2024-01-20 19:00:00
1901,sess_01901,Paid Ad,Tablet,1,1,1,1,1,1,140.17,2024-01-20 19:15:00
1902,sess_01902,Referral,Desktop,1,1,1,1,1,1,130.94,2024-01-20 19:30:00
1903,sess_01903,Social Media,Mobile,1,1,1,1,1,1,130.99,2024-01-20 19:45:00
1904,sess_01904,Organic Search,Tablet,1,1,1,1,1,1,140.16,2024-01-20 20:00:00
1905,sess_01905,Paid Ad,Desktop,1,1,1,1,1,1,159.56,2024-01-20 20:15:00
1906,sess_01906,Referral,Mobile,1,1,1,1,1,1,117.2,2024-01-20 20:30:00
1907,sess_01907,Social Media,Tablet,1,1,1,1,1,1,140.07,2024-01-20 20:45:00
1908,sess_01908,Organic Search,Desktop,1,1,1,1,1,1,148.96,2024-01-20 21:00:00
1909,sess_01909,Paid Ad,Mobile,1,1,1,1,1,1,122.52,2024-01-20 21:15:00
1910,sess_01910,Referral,Tablet,1,1,1,1,1,1,194.92,2024-01-20 21:30:00
1911,sess_01911,Social Media,Desktop,1,1,1,1,1,1,128.66,2024-01-20 21:45:00
1912,sess_01912,Organic Search,Mobile,1,1,1,1,1,1,133.26,2024-01-20 22:00:00
1913,sess_01913,Paid Ad,Tablet,1,1,1,1,1,1,125.54,2024-01-20 22:15:00
1914,sess_01914,Referral,Desktop,1,1,1,1,1,1,194.96,2024-01-20 22:30:00
1915,sess_01915,Social Media,Mobile,1,1,1,1,1,1,163.82,2024-01-20 22:45:00
1916,sess_01916,Organic Search,Tablet,1,1,1,1,1,1,126.59,2024-01-20 23:00:00
1917,sess_01917,Paid Ad,Desktop,1,1,1,1,1,1,177.66,2024-01-20 23:15:00
1918,sess_01918,Referral,Mobile,1,1,1,1,1,1,155.02,2024-01-20 23:30:00
1919,sess_01919,Social Media,Tablet,1,1,1,1,1,1,156.43,2024-01-20 23:45:00
1920,sess_01920,Organic Search,Desktop,1,1,1,1,1,1,141.39,2024-01-21 00:00:00
1921,sess_01921,Paid Ad,Mobile,1,1,1,1,1,1,131.26,2024-01-21 00:15:00
1922,sess_01922,Referral,Tablet,1,1,1,1,1,1,158.44,2024-01-21 00:30:00
1923,sess_01923,Social Media,Desktop,1,1,1,1,1,1,136.37,2024-01-21 00:45:00
1924,sess_01924,Organic Search,Mobile,1,1,1,1,1,1,195.42,2024-01-21 01:00:00
1925,sess_01925,Paid Ad,Tablet,1,1,1,1,1,1,118.27,2024-01-21 01:15:00
1926,sess_01926,Referral,Desktop,1,1,1,1,1,1,188.4,2024-01-21 01:30:00
1927,sess_01927,Social Media,Mobile,1,1,1,1,1,1,147.22,2024-01-21 01:45:00
1928,sess_01928,Organic Search,Tablet,1,1,1,1,1,1,157.48,2024-01-21 02:00:00
1929,sess_01929,Paid Ad,Desktop,1,1,1,1,1,1,170.83,2024-01-21 02:15:00
1930,sess_01930,Referral,Mobile,1,1,1,1,1,1,134.24,2024-01-21 02:30:00
1931,sess_01931,Social Media,Tablet,1,1,1,1,1,1,171.61,2024-01-21 02:45:00
1932,sess_01932,Organic Search,Desktop,1,1,1,1,1,1,82.31,2024-01-21 03:00:00
1933,sess_01933,Paid Ad,Mobile,1,1,1,1,1,1,132.0,2024-01-21 03:15:00
1934,sess_01934,Referral,Tablet,1,1,1,1,1,1,126.9,2024-01-21 03:30:00
1935,sess_01935,Social Media,Desktop,1,1,1,1,1,1,118.66,2024-01-21 03:45:00
1936,sess_01936,Organic Search,Mobile,1,1,1,1,1,1,144.63,2024-01-21 04:00:00
1937,sess_01937,Paid Ad,Tablet,1,1,1,1,1,1,159.64,2024-01-21 04:15:00
1938,sess_01938,Referral,Desktop,1,1,1,1,1,1,167.57,2024-01-21 04:30:00
1939,sess_01939,Social Media,Mobile,1,1,1,1,1,1,156.02,2024-01-21 04:45:00
1940,sess_01940,Organic Search,Tablet,1,1,1,1,1,1,133.36,2024-01-21 05:00:00
1941,sess_01941,Paid Ad,Desktop,1,1,1,1,1,1,159.23,2024-01-21 05:15:00
1942,sess_01942,Referral,Mobile,1,1,1,1,1,1,153.11,2024-01-21 05:30:00
1943,sess_01943,Social Media,Tablet,1,1,1,1,1,1,173.4,2024-01-21 05:45:00
1944,sess_01944,Organic Search,Desktop,1,1,1,1,1,1,169.42,2024-01-21 06:00:00
1945,sess_01945,Paid Ad,Mobile,1,1,1,1,1,1,150.76,2024-01-21 06:15:00
1946,sess_01946,Referral,Tablet,1,1,1,1,1,1,127.57,2024-01-21 06:30:00
1947,sess_01947,Social Media,Desktop,1,1,1,1,1,1,133.68,2024-01-21 06:45:00
1948,sess_01948,Organic Search,Mobile,1,1,1,1,1,1,136.26,2024-01-21 07:00:00
1949,sess_01949,Paid Ad,Tablet,1,1,1,1,1,1,142.12,2024-01-21 07:15:00
1950,sess_01950,Referral,Desktop,1,1,1,1,1,1,156.7,2024-01-21 07:30:00
1951,sess_01951,Social Media,Mobile,1,1,1,1,1,1,167.88,2024-01-21 07:45:00
1952,sess_01952,Organic Search,Tablet,1,1,1,1,1,1,148.72,2024-01-21 08:00:00
1953,sess_01953,Paid Ad,Desktop,1,1,1,1,1,1,150.4,2024-01-21 08:15:00
1954,sess_01954,Referral,Mobile,1,1,1,1,1,1,153.58,2024-01-21 08:30:00
1955,sess_01955,Social Media,Tablet,1,1,1,1,1,1,137.1,2024-01-21 08:45:00
1956,sess_01956,Organic Search,Desktop,1,1,1,1,1,1,126.87,2024-01-21 09:00:00
1957,sess_01957,Paid Ad,Mobile,1,1,1,1,1,1,106.11,2024-01-21 09:15:00
1958,sess_01958,Referral,Tablet,1,1,1,1,1,1,132.62,2024-01-21 09:30:00
1959,sess_01959,Social Media,Desktop,1,1,1,1,1,1,161.83,2024-01-21 09:45:00
1960,sess_01960,Organic Search,Mobile,1,1,1,1,1,1,132.43,2024-01-21 10:00:00
1961,sess_01961,Paid Ad,Tablet,1,1,1,1,1,1,144.05,2024-01-21 10:15:00
1962,sess_01962,Referral,Desktop,1,1,1,1,1,1,161.66,2024-01-21 10:30:00
1963,sess_01963,Social Media,Mobile,1,1,1,1,1,1,163.02,2024-01-21 10:45:00
1964,sess_01964,Organic Search,Tablet,1,1,1,1,1,1,123.01,2024-01-21 11:00:00
1965,sess_01965,Paid Ad,Desktop,1,1,1,1,1,1,174.93,2024-01-21 11:15:00
1966,sess_01966,Referral,Mobile,1,1,1,1,1,1,178.18,2024-01-21 11:30:00
1967,sess_01967,Social Media,Tablet,1,1,1,1,1,1,121.75,2024-01-21 11:45:00
1968,sess_01968,Organic Search,Desktop,1,1,1,1,1,1,129.4,2024-01-21 12:00:00
1969,sess_01969,Paid Ad,Mobile,1,1,1,1,1,1,179.78,2024-01-21 12:15:00
1970,sess_01970,Referral,Tablet,1,1,1,1,1,1,146.33,2024-01-21 12:30:00
1971,sess_01971,Social Media,Desktop,1,1,1,1,1,1,94.51,2024-01-21 12:45:00
1972,sess_01972,Organic Search,Mobile,1,1,1,1,1,1,115.01,2024-01-21 13:00:00
1973,sess_01973,Paid Ad,Tablet,1,1,1,1,1,1,143.77,2024-01-21 13:15:00
1974,sess_01974,Referral,Desktop,1,1,1,1,1,1,120.92,2024-01-21 13:30:00
1975,sess_01975,Social Media,Mobile,1,1,1,1,1,1,139.66,2024-01-21 13:45:00
1976,sess_01976,Organic Search,Tablet,1,1,1,1,1,1,150.81,2024-01-21 14:00:00
1977,sess_01977,Paid Ad,Desktop,1,1,1,1,1,1,186.56,2024-01-21 14:15:00
1978,sess_01978,Referral,Mobile,1,1,1,1,1,1,142.74,2024-01-21 14:30:00
1979,sess_01979,Social Media,Tablet,1,1,1,1,1,1,176.81,2024-01-21 14:45:00
1980,sess_01980,Organic Search,Desktop,1,1,1,1,1,1,185.72,2024-01-21 15:00:00
1981,sess_01981,Paid Ad,Mobile,1,1,1,1,1,1,185.86,2024-01-21 15:15:00
1982,sess_01982,Referral,Tablet,1,1,1,1,1,1,157.12,2024-01-21 15:30:00
1983,sess_01983,Social Media,Desktop,1,1,1,1,1,1,100.92,2024-01-21 15:45:00
1984,sess_01984,Organic Search,Mobile,1,1,1,1,1,1,161.52,2024-01-21 16:00:00
1985,sess_01985,Paid Ad,Tablet,1,1,1,1,1,1,176.21,2024-01-21 16:15:00
1986,sess_01986,Referral,Desktop,1,1,1,1,1,1,147.97,2024-01-21 16:30:00
1987,sess_01987,Social Media,Mobile,1,1,1,1,1,1,193.61,2024-01-21 16:45:00
1988,sess_01988,Organic Search,Tablet,1,1,1,1,1,1,171.5,2024-01-21 17:00:00
1989,sess_01989,Paid Ad,Desktop,1,1,1,1,1,1,164.21,2024-01-21 17:15:00
1990,sess_01990,Referral,Mobile,1,1,1,1,1,1,177.16,2024-01-21 17:30:00
1991,sess_01991,Social Media,Tablet,1,1,1,1,1,1,158.33,2024-01-21 17:45:00
1992,sess_01992,Organic Search,Desktop,1,1,1,1,1,1,87.68,2024-01-21 18:00:00
1993,sess_01993,Paid Ad,Mobile,1,1,1,1,1,1,137.52,2024-01-21 18:15:00
1994,sess_01994,Referral,Tablet,1,1,1,1,1,1,179.93,2024-01-21 18:30:00
1995,sess_01995,Social Media,Desktop,1,1,1,1,1,1,129.81,2024-01-21 18:45:00
1996,sess_01996,Organic Search,Mobile,1,1,1,1,1,1,144.41,2024-01-21 19:00:00
1997,sess_01997,Paid Ad,Tablet,1,1,1,1,1,1,123.88,2024-01-21 19:15:00
1998,sess_01998,Referral,Desktop,1,1,1,1,1,1,194.6,2024-01-21 19:30:00
1999,sess_01999,Social Media,Mobile,1,1,1,1,1,1,192.04,2024-01-21 19:45:00
2000,sess_02000,Organic Search,Tablet,1,1,1,1,1,1,127.9,2024-01-21 20:00:00
2001,sess_02001,Paid Ad,Desktop,1,1,1,1,1,0,0.0,2024-01-21 20:15:00
2002,sess_02002,Referral,Mobile,1,1,1,1,1,0,0.0,2024-01-21 20:30:00
2003,sess_02003,Social Media,Tablet,1,1,1,1,1,0,0.0,2024-01-21 20:45:00
2004,sess_02004,Organic Search,Desktop,1,1,1,1,1,0,0.0,2024-01-21 21:00:00
2005,sess_02005,Paid Ad,Mobile,1,1,1,1,1,0,0.0,2024-01-21 21:15:00
2006,sess_02006,Referral,Tablet,1,1,1,1,1,0,0.0,2024-01-21 21:30:00
2007,sess_02007,Social Media,Desktop,1,1,1,1,1,0,0.0,2024-01-21 21:45:00
2008,sess_02008,Organic Search,Mobile,1,1,1,1,1,0,0.0,2024-01-21 22:00:00
2009,sess_02009,Paid Ad,Tablet,1,1,1,1,1,0,0.0,2024-01-21 22:15:00
2010,sess_02010,Referral,Desktop,1,1,1,1,1,0,0.0,2024-01-21 22:30:00
2011,sess_02011,Social Media,Mobile,1,1,1,1,1,0,0.0,2024-01-21 22:45:00
2012,sess_02012,Organic Search,Tablet,1,1,1,1,1,0,0.0,2024-01-21 23:00:00
2013,sess_02013,Paid Ad,Desktop,1,1,1,1,1,0,0.0,2024-01-21 23:15:00
2014,sess_02014,Referral,Mobile,1,1,1,1,1,0,0.0,2024-01-21 23:30:00
2015,sess_02015,Social Media,Tablet,1,1,1,1,1,0,0.0,2024-01-21 23:45:00
2016,sess_02016,Organic Search,Desktop,1,1,1,1,1,0,0.0,2024-01-22 00:00:00
2017,sess_02017,Paid Ad,Mobile,1,1,1,1,1,0,0.0,2024-01-22 00:15:00
2018,sess_02018,Referral,Tablet,1,1,1,1,1,0,0.0,2024-01-22 00:30:00
2019,sess_02019,Social Media,Desktop,1,1,1,1,1,0,0.0,2024-01-22 00:45:00
2020,sess_02020,Organic Search,Mobile,1,1,1,1,1,0,0.0,2024-01-22 01:00:00
2021,sess_02021,Paid Ad,Tablet,1,1,1,1,1,0,0.0,2024-01-22 01:15:00
2022,sess_02022,Referral,Desktop,1,1,1,1,1,0,0.0,2024-01-22 01:30:00
2023,sess_02023,Social Media,Mobile,1,1,1,1,1,0,0.0,2024-01-22 01:45:00
2024,sess_02024,Organic Search,Tablet,1,1,1,1,1,0,0.0,2024-01-22 02:00:00
2025,sess_02025,Paid Ad,Desktop,1,1,1,1,1,0,0.0,2024-01-22 02:15:00
2026,sess_02026,Referral,Mobile,1,1,1,1,1,0,0.0,2024-01-22 02:30:00
2027,sess_02027,Social Media,Tablet,1,1,1,1,1,0,0.0,2024-01-22 02:45:00
2028,sess_02028,Organic Search,Desktop,1,1,1,1,1,0,0.0,2024-01-22 03:00:00
2029,sess_02029,Paid Ad,Mobile,1,1,1,1,1,0,0.0,2024-01-22 03:15:00
2030,sess_02030,Referral,Tablet,1,1,1,1,1,0,0.0,2024-01-22 03:30:00
2031,sess_02031,Social Media,Desktop,1,1,1,1,1,0,0.0,2024-01-22 03:45:00
2032,sess_02032,Organic Search,Mobile,1,1,1,1,1,0,0.0,2024-01-22 04:00:00
2033,sess_02033,Paid Ad,Tablet,1,1,1,1,1,0,0.0,2024-01-22 04:15:00
2034,sess_02034,Referral,Desktop,1,1,1,1,1,0,0.0,2024-01-22 04:30:00
2035,sess_02035,Social Media,Mobile,1,1,1,1,1,0,0.0,2024-01-22 04:45:00
2036,sess_02036,Organic Search,Tablet,1,1,1,1,1,0,0.0,2024-01-22 05:00:00
2037,sess_02037,Paid Ad,Desktop,1,1,1,1,1,0,0.0,2024-01-22 05:15:00
2038,sess_02038,Referral,Mobile,1,1,1,1,1,0,0.0,2024-01-22 05:30:00
2039,sess_02039,Social Media,Tablet,1,1,1,1,1,0,0.0,2024-01-22 05:45:00
2040,sess_02040,Organic Search,Desktop,1,1,1,1,1,0,0.0,2024-01-22 06:00:00
2041,sess_02041,Paid Ad,Mobile,1,1,1,1,1,0,0.0,2024-01-22 06:15:00
2042,sess_02042,Referral,Tablet,1,1,1,1,1,0,0.0,2024-01-22 06:30:00
2043,sess_02043,Social Media,Desktop,1,1,1,1,1,0,0.0,2024-01-22 06:45:00
2044,sess_02044,Organic Search,Mobile,1,1,1,1,1,0,0.0,2024-01-22 07:00:00
2045,sess_02045,Paid Ad,Tablet,1,1,1,1,1,0,0.0,2024-01-22 07:15:00
2046,sess_02046,Referral,Desktop,1,1,1,1,1,0,0.0,2024-01-22 07:30:00
2047,sess_02047,Social Media,Mobile,1,1,1,1,1,0,0.0,2024-01-22 07:45:00
2048,sess_02048,Organic Search,Tablet,1,1,1,1,1,0,0.0,2024-01-22 08:00:00
2049,sess_02049,Paid Ad,Desktop,1,1,1,1,1,0,0.0,2024-01-22 08:15:00
2050,sess_02050,Referral,Mobile,1,1,1,1,1,0,0.0,2024-01-22 08:30:00
2051,sess_02051,Social Media,Tablet,1,1,1,1,1,0,0.0,2024-01-22 08:45:00
2052,sess_02052,Organic Search,Desktop,1,1,1,1,1,0,0.0,2024-01-22 09:00:00
2053,sess_02053,Paid Ad,Mobile,1,1,1,1,1,0,0.0,2024-01-22 09:15:00
2054,sess_02054,Referral,Tablet,1,1,1,1,1,0,0.0,2024-01-22 09:30:00
2055,sess_02055,Social Media,Desktop,1,1,1,1,1,0,0.0,2024-01-22 09:45:00
2056,sess_02056,Organic Search,Mobile,1,1,1,1,1,0,0.0,2024-01-22 10:00:00
2057,sess_02057,Paid Ad,Tablet,1,1,1,1,1,0,0.0,2024-01-22 10:15:00
2058,sess_02058,Referral,Desktop,1,1,1,1,1,0,0.0,2024-01-22 10:30:00
2059,sess_02059,Social Media,Mobile,1,1,1,1,1,0,0.0,2024-01-22 10:45:00
2060,sess_02060,Organic Search,Tablet,1,1,1,1,1,0,0.0,2024-01-22 11:00:00
2061,sess_02061,Paid Ad,Desktop,1,1,1,1,1,0,0.0,2024-01-22 11:15:00
2062,sess_02062,Referral,Mobile,1,1,1,1,1,0,0.0,2024-01-22 11:30:00
2063,sess_02063,Social Media,Tablet,1,1,1,1,1,0,0.0,2024-01-22 11:45:00
2064,sess_02064,Organic Search,Desktop,1,1,1,1,1,0,0.0,2024-01-22 12:00:00
2065,sess_02065,Paid Ad,Mobile,1,1,1,1,1,0,0.0,2024-01-22 12:15:00
2066,sess_02066,Referral,Tablet,1,1,1,1,1,0,0.0,2024-01-22 12:30:00
2067,sess_02067,Social Media,Desktop,1,1,1,1,1,0,0.0,2024-01-22 12:45:00
2068,sess_02068,Organic Search,Mobile,1,1,1,1,1,0,0.0,2024-01-22 13:00:00
2069,sess_02069,Paid Ad,Tablet,1,1,1,1,1,0,0.0,2024-01-22 13:15:00
2070,sess_02070,Referral,Desktop,1,1,1,1,1,0,0.0,2024-01-22 13:30:00
2071,sess_02071,Social Media,Mobile,1,1,1,1,1,0,0.0,2024-01-22 13:45:00
2072,sess_02072,Organic Search,Tablet,1,1,1,1,1,0,0.0,2024-01-22 14:00:00
2073,sess_02073,Paid Ad,Desktop,1,1,1,1,1,0,0.0,2024-01-22 14:15:00
2074,sess_02074,Referral,Mobile,1,1,1,1,1,0,0.0,2024-01-22 14:30:00
2075,sess_02075,Social Media,Tablet,1,1,1,1,1,0,0.0,2024-01-22 14:45:00
2076,sess_02076,Organic Search,Desktop,1,1,1,1,1,0,0.0,2024-01-22 15:00:00
2077,sess_02077,Paid Ad,Mobile,1,1,1,1,1,0,0.0,2024-01-22 15:15:00
2078,sess_02078,Referral,Tablet,1,1,1,1,1,0,0.0,2024-01-22 15:30:00
2079,sess_02079,Social Media,Desktop,1,1,1,1,1,0,0.0,2024-01-22 15:45:00
2080,sess_02080,Organic Search,Mobile,1,1,1,1,1,0,0.0,2024-01-22 16:00:00
2081,sess_02081,Paid Ad,Tablet,1,1,1,1,1,0,0.0,2024-01-22 16:15:00
2082,sess_02082,Referral,Desktop,1,1,1,1,1,0,0.0,2024-01-22 16:30:00
2083,sess_02083,Social Media,Mobile,1,1,1,1,1,0,0.0,2024-01-22 16:45:00
2084,sess_02084,Organic Search,Tablet,1,1,1,1,1,0,0.0,2024-01-22 17:00:00
2085,sess_02085,Paid Ad,Desktop,1,1,1,1,1,0,0.0,2024-01-22 17:15:00
2086,sess_02086,Referral,Mobile,1,1,1,1,1,0,0.0,2024-01-22 17:30:00
2087,sess_02087,Social Media,Tablet,1,1,1,1,1,0,0.0,2024-01-22 17:45:00
2088,sess_02088,Organic Search,Desktop,1,1,1,1,1,0,0.0,2024-01-22 18:00:00
2089,sess_02089,Paid Ad,Mobile,1,1,1,1,1,0,0.0,2024-01-22 18:15:00
2090,sess_02090,Referral,Tablet,1,1,1,1,1,0,0.0,2024-01-22 18:30:00
2091,sess_02091,Social Media,Desktop,1,1,1,1,1,0,0.0,2024-01-22 18:45:00
2092,sess_02092,Organic Search,Mobile,1,1,1,1,1,0,0.0,2024-01-22 19:00:00
2093,sess_02093,Paid Ad,Tablet,1,1,1,1,1,0,0.0,2024-01-22 19:15:00
2094,sess_02094,Referral,Desktop,1,1,1,1,1,0,0.0,2024-01-22 19:30:00
2095,sess_02095,Social Media,Mobile,1,1,1,1,1,0,0.0,2024-01-22 19:45:00
2096,sess_02096,Organic Search,Tablet,1,1,1,1,1,0,0.0,2024-01-22 20:00:00
2097,sess_02097,Paid Ad,Desktop,1,1,1,1,1,0,0.0,2024-01-22 20:15:00
2098,sess_02098,Referral,Mobile,1,1,1,1,1,0,0.0,2024-01-22 20:30:00
2099,sess_02099,Social Media,Tablet,1,1,1,1,1,0,0.0,2024-01-22 20:45:00
2100,sess_02100,Organic Search,Desktop,1,1,1,1,1,0,0.0,2024-01-22 21:00:00
2101,sess_02101,Paid Ad,Mobile,1,1,1,1,1,0,0.0,2024-01-22 21:15:00
2102,sess_02102,Referral,Tablet,1,1,1,1,1,0,0.0,2024-01-22 21:30:00
2103,sess_02103,Social Media,Desktop,1,1,1,1,1,0,0.0,2024-01-22 21:45:00
2104,sess_02104,Organic Search,Mobile,1,1,1,1,1,0,0.0,2024-01-22 22:00:00
2105,sess_02105,Paid Ad,Tablet,1,1,1,1,1,0,0.0,2024-01-22 22:15:00
2106,sess_02106,Referral,Desktop,1,1,1,1,1,0,0.0,2024-01-22 22:30:00
2107,sess_02107,Social Media,Mobile,1,1,1,1,1,0,0.0,2024-01-22 22:45:00
2108,sess_02108,Organic Search,Tablet,1,1,1,1,1,0,0.0,2024-01-22 23:00:00
2109,sess_02109,Paid Ad,Desktop,1,1,1,1,1,0,0.0,2024-01-22 23:15:00
2110,sess_02110,Referral,Mobile,1,1,1,1,1,0,0.0,2024-01-22 23:30:00
2111,sess_02111,Social Media,Tablet,1,1,1,1,1,0,0.0,2024-01-22 23:45:00
2112,sess_02112,Organic Search,Desktop,1,1,1,1,1,0,0.0,2024-01-23 00:00:00
2113,sess_02113,Paid Ad,Mobile,1,1,1,1,1,0,0.0,2024-01-23 00:15:00
2114,sess_02114,Referral,Tablet,1,1,1,1,1,0,0.0,2024-01-23 00:30:00
2115,sess_02115,Social Media,Desktop,1,1,1,1,1,0,0.0,2024-01-23 00:45:00
2116,sess_02116,Organic Search,Mobile,1,1,1,1,1,0,0.0,2024-01-23 01:00:00
2117,sess_02117,Paid Ad,Tablet,1,1,1,1,1,0,0.0,2024-01-23 01:15:00
2118,sess_02118,Referral,Desktop,1,1,1,1,1,0,0.0,2024-01-23 01:30:00
2119,sess_02119,Social Media,Mobile,1,1,1,1,1,0,0.0,2024-01-23 01:45:00
2120,sess_02120,Organic Search,Tablet,1,1,1,1,1,0,0.0,2024-01-23 02:00:00
2121,sess_02121,Paid Ad,Desktop,1,1,1,1,1,0,0.0,2024-01-23 02:15:00
2122,sess_02122,Referral,Mobile,1,1,1,1,1,0,0.0,2024-01-23 02:30:00
2123,sess_02123,Social Media,Tablet,1,1,1,1,1,0,0.0,2024-01-23 02:45:00
2124,sess_02124,Organic Search,Desktop,1,1,1,1,1,0,0.0,2024-01-23 03:00:00
2125,sess_02125,Paid Ad,Mobile,1,1,1,1,1,0,0.0,2024-01-23 03:15:00
2126,sess_02126,Referral,Tablet,1,1,1,1,1,0,0.0,2024-01-23 03:30:00
2127,sess_02127,Social Media,Desktop,1,1,1,1,1,0,0.0,2024-01-23 03:45:00
2128,sess_02128,Organic Search,Mobile,1,1,1,1,1,0,0.0,2024-01-23 04:00:00
2129,sess_02129,Paid Ad,Tablet,1,1,1,1,1,0,0.0,2024-01-23 04:15:00
2130,sess_02130,Referral,Desktop,1,1,1,1,1,0,0.0,2024-01-23 04:30:00
2131,sess_02131,Social Media,Mobile,1,1,1,1,1,0,0.0,2024-01-23 04:45:00
2132,sess_02132,Organic Search,Tablet,1,1,1,1,1,0,0.0,2024-01-23 05:00:00
2133,sess_02133,Paid Ad,Desktop,1,1,1,1,1,0,0.0,2024-01-23 05:15:00
2134,sess_02134,Referral,Mobile,1,1,1,1,1,0,0.0,2024-01-23 05:30:00
2135,sess_02135,Social Media,Tablet,1,1,1,1,1,0,0.0,2024-01-23 05:45:00
2136,sess_02136,Organic Search,Desktop,1,1,1,1,1,0,0.0,2024-01-23 06:00:00
2137,sess_02137,Paid Ad,Mobile,1,1,1,1,1,0,0.0,2024-01-23 06:15:00
2138,sess_02138,Referral,Tablet,1,1,1,1,1,0,0.0,2024-01-23 06:30:00
2139,sess_02139,Social Media,Desktop,1,1,1,1,1,0,0.0,2024-01-23 06:45:00
2140,sess_02140,Organic Search,Mobile,1,1,1,1,1,0,0.0,2024-01-23 07:00:00
2141,sess_02141,Paid Ad,Tablet,1,1,1,1,1,0,0.0,2024-01-23 07:15:00
2142,sess_02142,Referral,Desktop,1,1,1,1,1,0,0.0,2024-01-23 07:30:00
2143,sess_02143,Social Media,Mobile,1,1,1,1,1,0,0.0,2024-01-23 07:45:00
2144,sess_02144,Organic Search,Tablet,1,1,1,1,1,0,0.0,2024-01-23 08:00:00
2145,sess_02145,Paid Ad,Desktop,1,1,1,1,1,0,0.0,2024-01-23 08:15:00
2146,sess_02146,Referral,Mobile,1,1,1,1,1,0,0.0,2024-01-23 08:30:00
2147,sess_02147,Social Media,Tablet,1,1,1,1,1,0,0.0,2024-01-23 08:45:00
2148,sess_02148,Organic Search,Desktop,1,1,1,1,1,0,0.0,2024-01-23 09:00:00
2149,sess_02149,Paid Ad,Mobile,1,1,1,1,1,0,0.0,2024-01-23 09:15:00
2150,sess_02150,Referral,Tablet,1,1,1,1,1,0,0.0,2024-01-23 09:30:00
2151,sess_02151,Social Media,Desktop,1,1,1,1,1,0,0.0,2024-01-23 09:45:00
2152,sess_02152,Organic Search,Mobile,1,1,1,1,1,0,0.0,2024-01-23 10:00:00
2153,sess_02153,Paid Ad,Tablet,1,1,1,1,1,0,0.0,2024-01-23 10:15:00
2154,sess_02154,Referral,Desktop,1,1,1,1,1,0,0.0,2024-01-23 10:30:00
2155,sess_02155,Social Media,Mobile,1,1,1,1,1,0,0.0,2024-01-23 10:45:00
2156,sess_02156,Organic Search,Tablet,1,1,1,1,1,0,0.0,2024-01-23 11:00:00
2157,sess_02157,Paid Ad,Desktop,1,1,1,1,1,0,0.0,2024-01-23 11:15:00
2158,sess_02158,Referral,Mobile,1,1,1,1,1,0,0.0,2024-01-23 11:30:00
2159,sess_02159,Social Media,Tablet,1,1,1,1,1,0,0.0,2024-01-23 11:45:00
2160,sess_02160,Organic Search,Desktop,1,1,1,1,1,0,0.0,2024-01-23 12:00:00
2161,sess_02161,Paid Ad,Mobile,1,1,1,1,1,0,0.0,2024-01-23 12:15:00
2162,sess_02162,Referral,Tablet,1,1,1,1,1,0,0.0,2024-01-23 12:30:00
2163,sess_02163,Social Media,Desktop,1,1,1,1,1,0,0.0,2024-01-23 12:45:00
2164,sess_02164,Organic Search,Mobile,1,1,1,1,1,0,0.0,2024-01-23 13:00:00
2165,sess_02165,Paid Ad,Tablet,1,1,1,1,1,0,0.0,2024-01-23 13:15:00
2166,sess_02166,Referral,Desktop,1,1,1,1,1,0,0.0,2024-01-23 13:30:00
2167,sess_02167,Social Media,Mobile,1,1,1,1,1,0,0.0,2024-01-23 13:45:00
2168,sess_02168,Organic Search,Tablet,1,1,1,1,1,0,0.0,2024-01-23 14:00:00
2169,sess_02169,Paid Ad,Desktop,1,1,1,1,1,0,0.0,2024-01-23 14:15:00
2170,sess_02170,Referral,Mobile,1,1,1,1,1,0,0.0,2024-01-23 14:30:00
2171,sess_02171,Social Media,Tablet,1,1,1,1,1,0,0.0,2024-01-23 14:45:00
2172,sess_02172,Organic Search,Desktop,1,1,1,1,1,0,0.0,2024-01-23 15:00:00
2173,sess_02173,Paid Ad,Mobile,1,1,1,1,1,0,0.0,2024-01-23 15:15:00
2174,sess_02174,Referral,Tablet,1,1,1,1,1,0,0.0,2024-01-23 15:30:00
2175,sess_02175,Social Media,Desktop,1,1,1,1,1,0,0.0,2024-01-23 15:45:00
2176,sess_02176,Organic Search,Mobile,1,1,1,1,1,0,0.0,2024-01-23 16:00:00
2177,sess_02177,Paid Ad,Tablet,1,1,1,1,1,0,0.0,2024-01-23 16:15:00
2178,sess_02178,Referral,Desktop,1,1,1,1,1,0,0.0,2024-01-23 16:30:00
2179,sess_02179,Social Media,Mobile,1,1,1,1,1,0,0.0,2024-01-23 16:45:00
2180,sess_02180,Organic Search,Tablet,1,1,1,1,1,0,0.0,2024-01-23 17:00:00
2181,sess_02181,Paid Ad,Desktop,1,1,1,1,1,0,0.0,2024-01-23 17:15:00
2182,sess_02182,Referral,Mobile,1,1,1,1,1,0,0.0,2024-01-23 17:30:00
2183,sess_02183,Social Media,Tablet,1,1,1,1,1,0,0.0,2024-01-23 17:45:00
2184,sess_02184,Organic Search,Desktop,1,1,1,1,1,0,0.0,2024-01-23 18:00:00
2185,sess_02185,Paid Ad,Mobile,1,1,1,1,1,0,0.0,2024-01-23 18:15:00
2186,sess_02186,Referral,Tablet,1,1,1,1,1,0,0.0,2024-01-23 18:30:00
2187,sess_02187,Social Media,Desktop,1,1,1,1,1,0,0.0,2024-01-23 18:45:00
2188,sess_02188,Organic Search,Mobile,1,1,1,1,1,0,0.0,2024-01-23 19:00:00
2189,sess_02189,Paid Ad,Tablet,1,1,1,1,1,0,0.0,2024-01-23 19:15:00
2190,sess_02190,Referral,Desktop,1,1,1,1,1,0,0.0,2024-01-23 19:30:00
2191,sess_02191,Social Media,Mobile,1,1,1,1,1,0,0.0,2024-01-23 19:45:00
2192,sess_02192,Organic Search,Tablet,1,1,1,1,1,0,0.0,2024-01-23 20:00:00
2193,sess_02193,Paid Ad,Desktop,1,1,1,1,1,0,0.0,2024-01-23 20:15:00
2194,sess_02194,Referral,Mobile,1,1,1,1,1,0,0.0,2024-01-23 20:30:00
2195,sess_02195,Social Media,Tablet,1,1,1,1,1,0,0.0,2024-01-23 20:45:00
2196,sess_02196,Organic Search,Desktop,1,1,1,1,1,0,0.0,2024-01-23 21:00:00
2197,sess_02197,Paid Ad,Mobile,1,1,1,1,1,0,0.0,2024-01-23 21:15:00
2198,sess_02198,Referral,Tablet,1,1,1,1,1,0,0.0,2024-01-23 21:30:00
2199,sess_02199,Social Media,Desktop,1,1,1,1,1,0,0.0,2024-01-23 21:45:00
2200,sess_02200,Organic Search,Mobile,1,1,1,1,1,0,0.0,2024-01-23 22:00:00
2201,sess_02201,Paid Ad,Tablet,1,1,1,1,1,0,0.0,2024-01-23 22:15:00
2202,sess_02202,Referral,Desktop,1,1,1,1,1,0,0.0,2024-01-23 22:30:00
2203,sess_02203,Social Media,Mobile,1,1,1,1,1,0,0.0,2024-01-23 22:45:00
2204,sess_02204,Organic Search,Tablet,1,1,1,1,1,0,0.0,2024-01-23 23:00:00
2205,sess_02205,Paid Ad,Desktop,1,1,1,1,1,0,0.0,2024-01-23 23:15:00
2206,sess_02206,Referral,Mobile,1,1,1,1,1,0,0.0,2024-01-23 23:30:00
2207,sess_02207,Social Media,Tablet,1,1,1,1,1,0,0.0,2024-01-23 23:45:00
2208,sess_02208,Organic Search,Desktop,1,1,1,1,1,0,0.0,2024-01-24 00:00:00
2209,sess_02209,Paid Ad,Mobile,1,1,1,1,1,0,0.0,2024-01-24 00:15:00
2210,sess_02210,Referral,Tablet,1,1,1,1,1,0,0.0,2024-01-24 00:30:00
2211,sess_02211,Social Media,Desktop,1,1,1,1,1,0,0.0,2024-01-24 00:45:00
2212,sess_02212,Organic Search,Mobile,1,1,1,1,1,0,0.0,2024-01-24 01:00:00
2213,sess_02213,Paid Ad,Tablet,1,1,1,1,1,0,0.0,2024-01-24 01:15:00
2214,sess_02214,Referral,Desktop,1,1,1,1,1,0,0.0,2024-01-24 01:30:00
2215,sess_02215,Social Media,Mobile,1,1,1,1,1,0,0.0,2024-01-24 01:45:00
2216,sess_02216,Organic Search,Tablet,1,1,1,1,1,0,0.0,2024-01-24 02:00:00
2217,sess_02217,Paid Ad,Desktop,1,1,1,1,1,0,0.0,2024-01-24 02:15:00
2218,sess_02218,Referral,Mobile,1,1,1,1,1,0,0.0,2024-01-24 02:30:00
2219,sess_02219,Social Media,Tablet,1,1,1,1,1,0,0.0,2024-01-24 02:45:00
2220,sess_02220,Organic Search,Desktop,1,1,1,1,1,0,0.0,2024-01-24 03:00:00
2221,sess_02221,Paid Ad,Mobile,1,1,1,1,1,0,0.0,2024-01-24 03:15:00
2222,sess_02222,Referral,Tablet,1,1,1,1,1,0,0.0,2024-01-24 03:30:00
2223,sess_02223,Social Media,Desktop,1,1,1,1,1,0,0.0,2024-01-24 03:45:00
2224,sess_02224,Organic Search,Mobile,1,1,1,1,1,0,0.0,2024-01-24 04:00:00
2225,sess_02225,Paid Ad,Tablet,1,1,1,1,1,0,0.0,2024-01-24 04:15:00
2226,sess_02226,Referral,Desktop,1,1,1,1,1,0,0.0,2024-01-24 04:30:00
2227,sess_02227,Social Media,Mobile,1,1,1,1,1,0,0.0,2024-01-24 04:45:00
2228,sess_02228,Organic Search,Tablet,1,1,1,1,1,0,0.0,2024-01-24 05:00:00
2229,sess_02229,Paid Ad,Desktop,1,1,1,1,1,0,0.0,2024-01-24 05:15:00
2230,sess_02230,Referral,Mobile,1,1,1,1,1,0,0.0,2024-01-24 05:30:00
2231,sess_02231,Social Media,Tablet,1,1,1,1,1,0,0.0,2024-01-24 05:45:00
2232,sess_02232,Organic Search,Desktop,1,1,1,1,1,0,0.0,2024-01-24 06:00:00
2233,sess_02233,Paid Ad,Mobile,1,1,1,1,1,0,0.0,2024-01-24 06:15:00
2234,sess_02234,Referral,Tablet,1,1,1,1,1,0,0.0,2024-01-24 06:30:00
2235,sess_02235,Social Media,Desktop,1,1,1,1,1,0,0.0,2024-01-24 06:45:00
2236,sess_02236,Organic Search,Mobile,1,1,1,1,1,0,0.0,2024-01-24 07:00:00
2237,sess_02237,Paid Ad,Tablet,1,1,1,1,1,0,0.0,2024-01-24 07:15:00
2238,sess_02238,Referral,Desktop,1,1,1,1,1,0,0.0,2024-01-24 07:30:00
2239,sess_02239,Social Media,Mobile,1,1,1,1,1,0,0.0,2024-01-24 07:45:00
2240,sess_02240,Organic Search,Tablet,1,1,1,1,1,0,0.0,2024-01-24 08:00:00
2241,sess_02241,Paid Ad,Desktop,1,1,1,1,1,0,0.0,2024-01-24 08:15:00
2242,sess_02242,Referral,Mobile,1,1,1,1,1,0,0.0,2024-01-24 08:30:00
2243,sess_02243,Social Media,Tablet,1,1,1,1,1,0,0.0,2024-01-24 08:45:00
2244,sess_02244,Organic Search,Desktop,1,1,1,1,1,0,0.0,2024-01-24 09:00:00
2245,sess_02245,Paid Ad,Mobile,1,1,1,1,1,0,0.0,2024-01-24 09:15:00
2246,sess_02246,Referral,Tablet,1,1,1,1,1,0,0.0,2024-01-24 09:30:00
2247,sess_02247,Social Media,Desktop,1,1,1,1,1,0,0.0,2024-01-24 09:45:00
2248,sess_02248,Organic Search,Mobile,1,1,1,1,1,0,0.0,2024-01-24 10:00:00
2249,sess_02249,Paid Ad,Tablet,1,1,1,1,1,0,0.0,2024-01-24 10:15:00
2250,sess_02250,Referral,Desktop,1,1,1,1,1,0,0.0,2024-01-24 10:30:00
2251,sess_02251,Social Media,Mobile,1,1,1,1,1,0,0.0,2024-01-24 10:45:00
2252,sess_02252,Organic Search,Tablet,1,1,1,1,1,0,0.0,2024-01-24 11:00:00
2253,sess_02253,Paid Ad,Desktop,1,1,1,1,1,0,0.0,2024-01-24 11:15:00
2254,sess_02254,Referral,Mobile,1,1,1,1,1,0,0.0,2024-01-24 11:30:00
2255,sess_02255,Social Media,Tablet,1,1,1,1,1,0,0.0,2024-01-24 11:45:00
2256,sess_02256,Organic Search,Desktop,1,1,1,1,1,0,0.0,2024-01-24 12:00:00
2257,sess_02257,Paid Ad,Mobile,1,1,1,1,1,0,0.0,2024-01-24 12:15:00
2258,sess_02258,Referral,Tablet,1,1,1,1,1,0,0.0,2024-01-24 12:30:00
2259,sess_02259,Social Media,Desktop,1,1,1,1,1,0,0.0,2024-01-24 12:45:00
2260,sess_02260,Organic Search,Mobile,1,1,1,1,1,0,0.0,2024-01-24 13:00:00
2261,sess_02261,Paid Ad,Tablet,1,1,1,1,1,0,0.0,2024-01-24 13:15:00
2262,sess_02262,Referral,Desktop,1,1,1,1,1,0,0.0,2024-01-24 13:30:00
2263,sess_02263,Social Media,Mobile,1,1,1,1,1,0,0.0,2024-01-24 13:45:00
2264,sess_02264,Organic Search,Tablet,1,1,1,1,1,0,0.0,2024-01-24 14:00:00
2265,sess_02265,Paid Ad,Desktop,1,1,1,1,1,0,0.0,2024-01-24 14:15:00
2266,sess_02266,Referral,Mobile,1,1,1,1,1,0,0.0,2024-01-24 14:30:00
2267,sess_02267,Social Media,Tablet,1,1,1,1,1,0,0.0,2024-01-24 14:45:00
2268,sess_02268,Organic Search,Desktop,1,1,1,1,1,0,0.0,2024-01-24 15:00:00
2269,sess_02269,Paid Ad,Mobile,1,1,1,1,1,0,0.0,2024-01-24 15:15:00
2270,sess_02270,Referral,Tablet,1,1,1,1,1,0,0.0,2024-01-24 15:30:00
2271,sess_02271,Social Media,Desktop,1,1,1,1,1,0,0.0,2024-01-24 15:45:00
2272,sess_02272,Organic Search,Mobile,1,1,1,1,1,0,0.0,2024-01-24 16:00:00
2273,sess_02273,Paid Ad,Tablet,1,1,1,1,1,0,0.0,2024-01-24 16:15:00
2274,sess_02274,Referral,Desktop,1,1,1,1,1,0,0.0,2024-01-24 16:30:00
2275,sess_02275,Social Media,Mobile,1,1,1,1,1,0,0.0,2024-01-24 16:45:00
2276,sess_02276,Organic Search,Tablet,1,1,1,1,1,0,0.0,2024-01-24 17:00:00
2277,sess_02277,Paid Ad,Desktop,1,1,1,1,1,0,0.0,2024-01-24 17:15:00
2278,sess_02278,Referral,Mobile,1,1,1,1,1,0,0.0,2024-01-24 17:30:00
2279,sess_02279,Social Media,Tablet,1,1,1,1,1,0,0.0,2024-01-24 17:45:00
2280,sess_02280,Organic Search,Desktop,1,1,1,1,1,0,0.0,2024-01-24 18:00:00
2281,sess_02281,Paid Ad,Mobile,1,1,1,1,1,0,0.0,2024-01-24 18:15:00
2282,sess_02282,Referral,Tablet,1,1,1,1,1,0,0.0,2024-01-24 18:30:00
2283,sess_02283,Social Media,Desktop,1,1,1,1,1,0,0.0,2024-01-24 18:45:00
2284,sess_02284,Organic Search,Mobile,1,1,1,1,1,0,0.0,2024-01-24 19:00:00
2285,sess_02285,Paid Ad,Tablet,1,1,1,1,1,0,0.0,2024-01-24 19:15:00
2286,sess_02286,Referral,Desktop,1,1,1,1,1,0,0.0,2024-01-24 19:30:00
2287,sess_02287,Social Media,Mobile,1,1,1,1,1,0,0.0,2024-01-24 19:45:00
2288,sess_02288,Organic Search,Tablet,1,1,1,1,1,0,0.0,2024-01-24 20:00:00
2289,sess_02289,Paid Ad,Desktop,1,1,1,1,1,0,0.0,2024-01-24 20:15:00
2290,sess_02290,Referral,Mobile,1,1,1,1,1,0,0.0,2024-01-24 20:30:00
2291,sess_02291,Social Media,Tablet,1,1,1,1,1,0,0.0,2024-01-24 20:45:00
2292,sess_02292,Organic Search,Desktop,1,1,1,1,1,0,0.0,2024-01-24 21:00:00
2293,sess_02293,Paid Ad,Mobile,1,1,1,1,1,0,0.0,2024-01-24 21:15:00
2294,sess_02294,Referral,Tablet,1,1,1,1,1,0,0.0,2024-01-24 21:30:00
2295,sess_02295,Social Media,Desktop,1,1,1,1,1,0,0.0,2024-01-24 21:45:00
2296,sess_02296,Organic Search,Mobile,1,1,1,1,1,0,0.0,2024-01-24 22:00:00
2297,sess_02297,Paid Ad,Tablet,1,1,1,1,1,0,0.0,2024-01-24 22:15:00
2298,sess_02298,Referral,Desktop,1,1,1,1,1,0,0.0,2024-01-24 22:30:00
2299,sess_02299,Social Media,Mobile,1,1,1,1,1,0,0.0,2024-01-24 22:45:00
2300,sess_02300,Organic Search,Tablet,1,1,1,1,1,0,0.0,2024-01-24 23:00:00
2301,sess_02301,Paid Ad,Desktop,1,1,1,1,1,0,0.0,2024-01-24 23:15:00
2302,sess_02302,Referral,Mobile,1,1,1,1,1,0,0.0,2024-01-24 23:30:00
2303,sess_02303,Social Media,Tablet,1,1,1,1,1,0,0.0,2024-01-24 23:45:00
2304,sess_02304,Organic Search,Desktop,1,1,1,1,1,0,0.0,2024-01-25 00:00:00
2305,sess_02305,Paid Ad,Mobile,1,1,1,1,1,0,0.0,2024-01-25 00:15:00
2306,sess_02306,Referral,Tablet,1,1,1,1,1,0,0.0,2024-01-25 00:30:00
2307,sess_02307,Social Media,Desktop,1,1,1,1,1,0,0.0,2024-01-25 00:45:00
2308,sess_02308,Organic Search,Mobile,1,1,1,1,1,0,0.0,2024-01-25 01:00:00
2309,sess_02309,Paid Ad,Tablet,1,1,1,1,1,0,0.0,2024-01-25 01:15:00
2310,sess_02310,Referral,Desktop,1,1,1,1,1,0,0.0,2024-01-25 01:30:00
2311,sess_02311,Social Media,Mobile,1,1,1,1,1,0,0.0,2024-01-25 01:45:00
2312,sess_02312,Organic Search,Tablet,1,1,1,1,1,0,0.0,2024-01-25 02:00:00
2313,sess_02313,Paid Ad,Desktop,1,1,1,1,1,0,0.0,2024-01-25 02:15:00
2314,sess_02314,Referral,Mobile,1,1,1,1,1,0,0.0,2024-01-25 02:30:00
2315,sess_02315,Social Media,Tablet,1,1,1,1,1,0,0.0,2024-01-25 02:45:00
2316,sess_02316,Organic Search,Desktop,1,1,1,1,1,0,0.0,2024-01-25 03:00:00
2317,sess_02317,Paid Ad,Mobile,1,1,1,1,1,0,0.0,2024-01-25 03:15:00
2318,sess_02318,Referral,Tablet,1,1,1,1,1,0,0.0,2024-01-25 03:30:00
2319,sess_02319,Social Media,Desktop,1,1,1,1,1,0,0.0,2024-01-25 03:45:00
2320,sess_02320,Organic Search,Mobile,1,1,1,1,1,0,0.0,2024-01-25 04:00:00
2321,sess_02321,Paid Ad,Tablet,1,1,1,1,1,0,0.0,2024-01-25 04:15:00
2322,sess_02322,Referral,Desktop,1,1,1,1,1,0,0.0,2024-01-25 04:30:00
2323,sess_02323,Social Media,Mobile,1,1,1,1,1,0,0.0,2024-01-25 04:45:00
2324,sess_02324,Organic Search,Tablet,1,1,1,1,1,0,0.0,2024-01-25 05:00:00
2325,sess_02325,Paid Ad,Desktop,1,1,1,1,1,0,0.0,2024-01-25 05:15:00
2326,sess_02326,Referral,Mobile,1,1,1,1,1,0,0.0,2024-01-25 05:30:00
2327,sess_02327,Social Media,Tablet,1,1,1,1,1,0,0.0,2024-01-25 05:45:00
2328,sess_02328,Organic Search,Desktop,1,1,1,1,1,0,0.0,2024-01-25 06:00:00
2329,sess_02329,Paid Ad,Mobile,1,1,1,1,1,0,0.0,2024-01-25 06:15:00
2330,sess_02330,Referral,Tablet,1,1,1,1,1,0,0.0,2024-01-25 06:30:00
2331,sess_02331,Social Media,Desktop,1,1,1,1,1,0,0.0,2024-01-25 06:45:00
2332,sess_02332,Organic Search,Mobile,1,1,1,1,1,0,0.0,2024-01-25 07:00:00
2333,sess_02333,Paid Ad,Tablet,1,1,1,1,1,0,0.0,2024-01-25 07:15:00
2334,sess_02334,Referral,Desktop,1,1,1,1,1,0,0.0,2024-01-25 07:30:00
2335,sess_02335,Social Media,Mobile,1,1,1,1,1,0,0.0,2024-01-25 07:45:00
2336,sess_02336,Organic Search,Tablet,1,1,1,1,1,0,0.0,2024-01-25 08:00:00
2337,sess_02337,Paid Ad,Desktop,1,1,1,1,1,0,0.0,2024-01-25 08:15:00
2338,sess_02338,Referral,Mobile,1,1,1,1,1,0,0.0,2024-01-25 08:30:00
2339,sess_02339,Social Media,Tablet,1,1,1,1,1,0,0.0,2024-01-25 08:45:00
2340,sess_02340,Organic Search,Desktop,1,1,1,1,1,0,0.0,2024-01-25 09:00:00
2341,sess_02341,Paid Ad,Mobile,1,1,1,1,1,0,0.0,2024-01-25 09:15:00
2342,sess_02342,Referral,Tablet,1,1,1,1,1,0,0.0,2024-01-25 09:30:00
2343,sess_02343,Social Media,Desktop,1,1,1,1,1,0,0.0,2024-01-25 09:45:00
2344,sess_02344,Organic Search,Mobile,1,1,1,1,1,0,0.0,2024-01-25 10:00:00
2345,sess_02345,Paid Ad,Tablet,1,1,1,1,1,0,0.0,2024-01-25 10:15:00
2346,sess_02346,Referral,Desktop,1,1,1,1,1,0,0.0,2024-01-25 10:30:00
2347,sess_02347,Social Media,Mobile,1,1,1,1,1,0,0.0,2024-01-25 10:45:00
2348,sess_02348,Organic Search,Tablet,1,1,1,1,1,0,0.0,2024-01-25 11:00:00
2349,sess_02349,Paid Ad,Desktop,1,1,1,1,1,0,0.0,2024-01-25 11:15:00
2350,sess_02350,Referral,Mobile,1,1,1,1,1,0,0.0,2024-01-25 11:30:00
2351,sess_02351,Social Media,Tablet,1,1,1,1,1,0,0.0,2024-01-25 11:45:00
2352,sess_02352,Organic Search,Desktop,1,1,1,1,1,0,0.0,2024-01-25 12:00:00
2353,sess_02353,Paid Ad,Mobile,1,1,1,1,1,0,0.0,2024-01-25 12:15:00
2354,sess_02354,Referral,Tablet,1,1,1,1,1,0,0.0,2024-01-25 12:30:00
2355,sess_02355,Social Media,Desktop,1,1,1,1,1,0,0.0,2024-01-25 12:45:00
2356,sess_02356,Organic Search,Mobile,1,1,1,1,1,0,0.0,2024-01-25 13:00:00
2357,sess_02357,Paid Ad,Tablet,1,1,1,1,1,0,0.0,2024-01-25 13:15:00
2358,sess_02358,Referral,Desktop,1,1,1,1,1,0,0.0,2024-01-25 13:30:00
2359,sess_02359,Social Media,Mobile,1,1,1,1,1,0,0.0,2024-01-25 13:45:00
2360,sess_02360,Organic Search,Tablet,1,1,1,1,1,0,0.0,2024-01-25 14:00:00
2361,sess_02361,Paid Ad,Desktop,1,1,1,1,1,0,0.0,2024-01-25 14:15:00
2362,sess_02362,Referral,Mobile,1,1,1,1,1,0,0.0,2024-01-25 14:30:00
2363,sess_02363,Social Media,Tablet,1,1,1,1,1,0,0.0,2024-01-25 14:45:00
2364,sess_02364,Organic Search,Desktop,1,1,1,1,1,0,0.0,2024-01-25 15:00:00
2365,sess_02365,Paid Ad,Mobile,1,1,1,1,1,0,0.0,2024-01-25 15:15:00
2366,sess_02366,Referral,Tablet,1,1,1,1,1,0,0.0,2024-01-25 15:30:00
2367,sess_02367,Social Media,Desktop,1,1,1,1,1,0,0.0,2024-01-25 15:45:00
2368,sess_02368,Organic Search,Mobile,1,1,1,1,1,0,0.0,2024-01-25 16:00:00
2369,sess_02369,Paid Ad,Tablet,1,1,1,1,1,0,0.0,2024-01-25 16:15:00
2370,sess_02370,Referral,Desktop,1,1,1,1,1,0,0.0,2024-01-25 16:30:00
2371,sess_02371,Social Media,Mobile,1,1,1,1,1,0,0.0,2024-01-25 16:45:00
2372,sess_02372,Organic Search,Tablet,1,1,1,1,1,0,0.0,2024-01-25 17:00:00
2373,sess_02373,Paid Ad,Desktop,1,1,1,1,1,0,0.0,2024-01-25 17:15:00
2374,sess_02374,Referral,Mobile,1,1,1,1,1,0,0.0,2024-01-25 17:30:00
2375,sess_02375,Social Media,Tablet,1,1,1,1,1,0,0.0,2024-01-25 17:45:00
2376,sess_02376,Organic Search,Desktop,1,1,1,1,1,0,0.0,2024-01-25 18:00:00
2377,sess_02377,Paid Ad,Mobile,1,1,1,1,1,0,0.0,2024-01-25 18:15:00
2378,sess_02378,Referral,Tablet,1,1,1,1,1,0,0.0,2024-01-25 18:30:00
2379,sess_02379,Social Media,Desktop,1,1,1,1,1,0,0.0,2024-01-25 18:45:00
2380,sess_02380,Organic Search,Mobile,1,1,1,1,1,0,0.0,2024-01-25 19:00:00
2381,sess_02381,Paid Ad,Tablet,1,1,1,1,1,0,0.0,2024-01-25 19:15:00
2382,sess_02382,Referral,Desktop,1,1,1,1,1,0,0.0,2024-01-25 19:30:00
2383,sess_02383,Social Media,Mobile,1,1,1,1,1,0,0.0,2024-01-25 19:45:00
2384,sess_02384,Organic Search,Tablet,1,1,1,1,1,0,0.0,2024-01-25 20:00:00
2385,sess_02385,Paid Ad,Desktop,1,1,1,1,1,0,0.0,2024-01-25 20:15:00
2386,sess_02386,Referral,Mobile,1,1,1,1,1,0,0.0,2024-01-25 20:30:00
2387,sess_02387,Social Media,Tablet,1,1,1,1,1,0,0.0,2024-01-25 20:45:00
2388,sess_02388,Organic Search,Desktop,1,1,1,1,1,0,0.0,2024-01-25 21:00:00
2389,sess_02389,Paid Ad,Mobile,1,1,1,1,1,0,0.0,2024-01-25 21:15:00
2390,sess_02390,Referral,Tablet,1,1,1,1,1,0,0.0,2024-01-25 21:30:00
2391,sess_02391,Social Media,Desktop,1,1,1,1,1,0,0.0,2024-01-25 21:45:00
2392,sess_02392,Organic Search,Mobile,1,1,1,1,1,0,0.0,2024-01-25 22:00:00
2393,sess_02393,Paid Ad,Tablet,1,1,1,1,1,0,0.0,2024-01-25 22:15:00
2394,sess_02394,Referral,Desktop,1,1,1,1,1,0,0.0,2024-01-25 22:30:00
2395,sess_02395,Social Media,Mobile,1,1,1,1,1,0,0.0,2024-01-25 22:45:00
2396,sess_02396,Organic Search,Tablet,1,1,1,1,1,0,0.0,2024-01-25 23:00:00
2397,sess_02397,Paid Ad,Desktop,1,1,1,1,1,0,0.0,2024-01-25 23:15:00
2398,sess_02398,Referral,Mobile,1,1,1,1,1,0,0.0,2024-01-25 23:30:00
2399,sess_02399,Social Media,Tablet,1,1,1,1,1,0,0.0,2024-01-25 23:45:00
2400,sess_02400,Organic Search,Desktop,1,1,1,1,1,0,0.0,2024-01-26 00:00:00
2401,sess_02401,Paid Ad,Mobile,1,1,1,1,1,0,0.0,2024-01-26 00:15:00
2402,sess_02402,Referral,Tablet,1,1,1,1,1,0,0.0,2024-01-26 00:30:00
2403,sess_02403,Social Media,Desktop,1,1,1,1,1,0,0.0,2024-01-26 00:45:00
2404,sess_02404,Organic Search,Mobile,1,1,1,1,1,0,0.0,2024-01-26 01:00:00
2405,sess_02405,Paid Ad,Tablet,1,1,1,1,1,0,0.0,2024-01-26 01:15:00
2406,sess_02406,Referral,Desktop,1,1,1,1,1,0,0.0,2024-01-26 01:30:00
2407,sess_02407,Social Media,Mobile,1,1,1,1,1,0,0.0,2024-01-26 01:45:00
2408,sess_02408,Organic Search,Tablet,1,1,1,1,1,0,0.0,2024-01-26 02:00:00
2409,sess_02409,Paid Ad,Desktop,1,1,1,1,1,0,0.0,2024-01-26 02:15:00
2410,sess_02410,Referral,Mobile,1,1,1,1,1,0,0.0,2024-01-26 02:30:00
2411,sess_02411,Social Media,Tablet,1,1,1,1,1,0,0.0,2024-01-26 02:45:00
2412,sess_02412,Organic Search,Desktop,1,1,1,1,1,0,0.0,2024-01-26 03:00:00
2413,sess_02413,Paid Ad,Mobile,1,1,1,1,1,0,0.0,2024-01-26 03:15:00
2414,sess_02414,Referral,Tablet,1,1,1,1,1,0,0.0,2024-01-26 03:30:00
2415,sess_02415,Social Media,Desktop,1,1,1,1,1,0,0.0,2024-01-26 03:45:00
2416,sess_02416,Organic Search,Mobile,1,1,1,1,1,0,0.0,2024-01-26 04:00:00
2417,sess_02417,Paid Ad,Tablet,1,1,1,1,1,0,0.0,2024-01-26 04:15:00
2418,sess_02418,Referral,Desktop,1,1,1,1,1,0,0.0,2024-01-26 04:30:00
2419,sess_02419,Social Media,Mobile,1,1,1,1,1,0,0.0,2024-01-26 04:45:00
2420,sess_02420,Organic Search,Tablet,1,1,1,1,1,0,0.0,2024-01-26 05:00:00
2421,sess_02421,Paid Ad,Desktop,1,1,1,1,1,0,0.0,2024-01-26 05:15:00
2422,sess_02422,Referral,Mobile,1,1,1,1,1,0,0.0,2024-01-26 05:30:00
2423,sess_02423,Social Media,Tablet,1,1,1,1,1,0,0.0,2024-01-26 05:45:00
2424,sess_02424,Organic Search,Desktop,1,1,1,1,1,0,0.0,2024-01-26 06:00:00
2425,sess_02425,Paid Ad,Mobile,1,1,1,1,1,0,0.0,2024-01-26 06:15:00
2426,sess_02426,Referral,Tablet,1,1,1,1,1,0,0.0,2024-01-26 06:30:00
2427,sess_02427,Social Media,Desktop,1,1,1,1,1,0,0.0,2024-01-26 06:45:00
2428,sess_02428,Organic Search,Mobile,1,1,1,1,1,0,0.0,2024-01-26 07:00:00
2429,sess_02429,Paid Ad,Tablet,1,1,1,1,1,0,0.0,2024-01-26 07:15:00
2430,sess_02430,Referral,Desktop,1,1,1,1,1,0,0.0,2024-01-26 07:30:00
2431,sess_02431,Social Media,Mobile,1,1,1,1,1,0,0.0,2024-01-26 07:45:00
2432,sess_02432,Organic Search,Tablet,1,1,1,1,1,0,0.0,2024-01-26 08:00:00
2433,sess_02433,Paid Ad,Desktop,1,1,1,1,1,0,0.0,2024-01-26 08:15:00
2434,sess_02434,Referral,Mobile,1,1,1,1,1,0,0.0,2024-01-26 08:30:00
2435,sess_02435,Social Media,Tablet,1,1,1,1,1,0,0.0,2024-01-26 08:45:00
2436,sess_02436,Organic Search,Desktop,1,1,1,1,1,0,0.0,2024-01-26 09:00:00
2437,sess_02437,Paid Ad,Mobile,1,1,1,1,1,0,0.0,2024-01-26 09:15:00
2438,sess_02438,Referral,Tablet,1,1,1,1,1,0,0.0,2024-01-26 09:30:00
2439,sess_02439,Social Media,Desktop,1,1,1,1,1,0,0.0,2024-01-26 09:45:00
2440,sess_02440,Organic Search,Mobile,1,1,1,1,1,0,0.0,2024-01-26 10:00:00
2441,sess_02441,Paid Ad,Tablet,1,1,1,1,1,0,0.0,2024-01-26 10:15:00
2442,sess_02442,Referral,Desktop,1,1,1,1,1,0,0.0,2024-01-26 10:30:00
2443,sess_02443,Social Media,Mobile,1,1,1,1,1,0,0.0,2024-01-26 10:45:00
2444,sess_02444,Organic Search,Tablet,1,1,1,1,1,0,0.0,2024-01-26 11:00:00
2445,sess_02445,Paid Ad,Desktop,1,1,1,1,1,0,0.0,2024-01-26 11:15:00
2446,sess_02446,Referral,Mobile,1,1,1,1,1,0,0.0,2024-01-26 11:30:00
2447,sess_02447,Social Media,Tablet,1,1,1,1,1,0,0.0,2024-01-26 11:45:00
2448,sess_02448,Organic Search,Desktop,1,1,1,1,1,0,0.0,2024-01-26 12:00:00
2449,sess_02449,Paid Ad,Mobile,1,1,1,1,1,0,0.0,2024-01-26 12:15:00
2450,sess_02450,Referral,Tablet,1,1,1,1,1,0,0.0,2024-01-26 12:30:00
2451,sess_02451,Social Media,Desktop,1,1,1,1,1,0,0.0,2024-01-26 12:45:00
2452,sess_02452,Organic Search,Mobile,1,1,1,1,1,0,0.0,2024-01-26 13:00:00
2453,sess_02453,Paid Ad,Tablet,1,1,1,1,1,0,0.0,2024-01-26 13:15:00
2454,sess_02454,Referral,Desktop,1,1,1,1,1,0,0.0,2024-01-26 13:30:00
2455,sess_02455,Social Media,Mobile,1,1,1,1,1,0,0.0,2024-01-26 13:45:00
2456,sess_02456,Organic Search,Tablet,1,1,1,1,1,0,0.0,2024-01-26 14:00:00
2457,sess_02457,Paid Ad,Desktop,1,1,1,1,1,0,0.0,2024-01-26 14:15:00
2458,sess_02458,Referral,Mobile,1,1,1,1,1,0,0.0,2024-01-26 14:30:00
2459,sess_02459,Social Media,Tablet,1,1,1,1,1,0,0.0,2024-01-26 14:45:00
2460,sess_02460,Organic Search,Desktop,1,1,1,1,1,0,0.0,2024-01-26 15:00:00
2461,sess_02461,Paid Ad,Mobile,1,1,1,1,1,0,0.0,2024-01-26 15:15:00
2462,sess_02462,Referral,Tablet,1,1,1,1,1,0,0.0,2024-01-26 15:30:00
2463,sess_02463,Social Media,Desktop,1,1,1,1,1,0,0.0,2024-01-26 15:45:00
2464,sess_02464,Organic Search,Mobile,1,1,1,1,1,0,0.0,2024-01-26 16:00:00
2465,sess_02465,Paid Ad,Tablet,1,1,1,1,1,0,0.0,2024-01-26 16:15:00
2466,sess_02466,Referral,Desktop,1,1,1,1,1,0,0.0,2024-01-26 16:30:00
2467,sess_02467,Social Media,Mobile,1,1,1,1,1,0,0.0,2024-01-26 16:45:00
2468,sess_02468,Organic Search,Tablet,1,1,1,1,1,0,0.0,2024-01-26 17:00:00
2469,sess_02469,Paid Ad,Desktop,1,1,1,1,1,0,0.0,2024-01-26 17:15:00
2470,sess_02470,Referral,Mobile,1,1,1,1,1,0,0.0,2024-01-26 17:30:00
2471,sess_02471,Social Media,Tablet,1,1,1,1,1,0,0.0,2024-01-26 17:45:00
2472,sess_02472,Organic Search,Desktop,1,1,1,1,1,0,0.0,2024-01-26 18:00:00
2473,sess_02473,Paid Ad,Mobile,1,1,1,1,1,0,0.0,2024-01-26 18:15:00
2474,sess_02474,Referral,Tablet,1,1,1,1,1,0,0.0,2024-01-26 18:30:00
2475,sess_02475,Social Media,Desktop,1,1,1,1,1,0,0.0,2024-01-26 18:45:00
2476,sess_02476,Organic Search,Mobile,1,1,1,1,1,0,0.0,2024-01-26 19:00:00
2477,sess_02477,Paid Ad,Tablet,1,1,1,1,1,0,0.0,2024-01-26 19:15:00
2478,sess_02478,Referral,Desktop,1,1,1,1,1,0,0.0,2024-01-26 19:30:00
2479,sess_02479,Social Media,Mobile,1,1,1,1,1,0,0.0,2024-01-26 19:45:00
2480,sess_02480,Organic Search,Tablet,1,1,1,1,1,0,0.0,2024-01-26 20:00:00
2481,sess_02481,Paid Ad,Desktop,1,1,1,1,1,0,0.0,2024-01-26 20:15:00
2482,sess_02482,Referral,Mobile,1,1,1,1,1,0,0.0,2024-01-26 20:30:00
2483,sess_02483,Social Media,Tablet,1,1,1,1,1,0,0.0,2024-01-26 20:45:00
2484,sess_02484,Organic Search,Desktop,1,1,1,1,1,0,0.0,2024-01-26 21:00:00
2485,sess_02485,Paid Ad,Mobile,1,1,1,1,1,0,0.0,2024-01-26 21:15:00
2486,sess_02486,Referral,Tablet,1,1,1,1,1,0,0.0,2024-01-26 21:30:00
2487,sess_02487,Social Media,Desktop,1,1,1,1,1,0,0.0,2024-01-26 21:45:00
2488,sess_02488,Organic Search,Mobile,1,1,1,1,1,0,0.0,2024-01-26 22:00:00
2489,sess_02489,Paid Ad,Tablet,1,1,1,1,1,0,0.0,2024-01-26 22:15:00
2490,sess_02490,Referral,Desktop,1,1,1,1,1,0,0.0,2024-01-26 22:30:00
2491,sess_02491,Social Media,Mobile,1,1,1,1,1,0,0.0,2024-01-26 22:45:00
2492,sess_02492,Organic Search,Tablet,1,1,1,1,1,0,0.0,2024-01-26 23:00:00
2493,sess_02493,Paid Ad,Desktop,1,1,1,1,1,0,0.0,2024-01-26 23:15:00
2494,sess_02494,Referral,Mobile,1,1,1,1,1,0,0.0,2024-01-26 23:30:00
2495,sess_02495,Social Media,Tablet,1,1,1,1,1,0,0.0,2024-01-26 23:45:00
2496,sess_02496,Organic Search,Desktop,1,1,1,1,1,0,0.0,2024-01-27 00:00:00
2497,sess_02497,Paid Ad,Mobile,1,1,1,1,1,0,0.0,2024-01-27 00:15:00
2498,sess_02498,Referral,Tablet,1,1,1,1,1,0,0.0,2024-01-27 00:30:00
2499,sess_02499,Social Media,Desktop,1,1,1,1,1,0,0.0,2024-01-27 00:45:00
2500,sess_02500,Organic Search,Mobile,1,1,1,1,1,0,0.0,2024-01-27 01:00:00
2501,sess_02501,Paid Ad,Tablet,1,1,1,1,1,0,0.0,2024-01-27 01:15:00
2502,sess_02502,Referral,Desktop,1,1,1,1,1,0,0.0,2024-01-27 01:30:00
2503,sess_02503,Social Media,Mobile,1,1,1,1,1,0,0.0,2024-01-27 01:45:00
2504,sess_02504,Organic Search,Tablet,1,1,1,1,1,0,0.0,2024-01-27 02:00:00
2505,sess_02505,Paid Ad,Desktop,1,1,1,1,1,0,0.0,2024-01-27 02:15:00
2506,sess_02506,Referral,Mobile,1,1,1,1,1,0,0.0,2024-01-27 02:30:00
2507,sess_02507,Social Media,Tablet,1,1,1,1,1,0,0.0,2024-01-27 02:45:00
2508,sess_02508,Organic Search,Desktop,1,1,1,1,1,0,0.0,2024-01-27 03:00:00
2509,sess_02509,Paid Ad,Mobile,1,1,1,1,1,0,0.0,2024-01-27 03:15:00
2510,sess_02510,Referral,Tablet,1,1,1,1,1,0,0.0,2024-01-27 03:30:00
2511,sess_02511,Social Media,Desktop,1,1,1,1,1,0,0.0,2024-01-27 03:45:00
2512,sess_02512,Organic Search,Mobile,1,1,1,1,1,0,0.0,2024-01-27 04:00:00
2513,sess_02513,Paid Ad,Tablet,1,1,1,1,1,0,0.0,2024-01-27 04:15:00
2514,sess_02514,Referral,Desktop,1,1,1,1,1,0,0.0,2024-01-27 04:30:00
2515,sess_02515,Social Media,Mobile,1,1,1,1,1,0,0.0,2024-01-27 04:45:00
2516,sess_02516,Organic Search,Tablet,1,1,1,1,1,0,0.0,2024-01-27 05:00:00
2517,sess_02517,Paid Ad,Desktop,1,1,1,1,1,0,0.0,2024-01-27 05:15:00
2518,sess_02518,Referral,Mobile,1,1,1,1,1,0,0.0,2024-01-27 05:30:00
2519,sess_02519,Social Media,Tablet,1,1,1,1,1,0,0.0,2024-01-27 05:45:00
2520,sess_02520,Organic Search,Desktop,1,1,1,1,1,0,0.0,2024-01-27 06:00:00
2521,sess_02521,Paid Ad,Mobile,1,1,1,1,1,0,0.0,2024-01-27 06:15:00
2522,sess_02522,Referral,Tablet,1,1,1,1,1,0,0.0,2024-01-27 06:30:00
2523,sess_02523,Social Media,Desktop,1,1,1,1,1,0,0.0,2024-01-27 06:45:00
2524,sess_02524,Organic Search,Mobile,1,1,1,1,1,0,0.0,2024-01-27 07:00:00
2525,sess_02525,Paid Ad,Tablet,1,1,1,1,1,0,0.0,2024-01-27 07:15:00
2526,sess_02526,Referral,Desktop,1,1,1,1,1,0,0.0,2024-01-27 07:30:00
2527,sess_02527,Social Media,Mobile,1,1,1,1,1,0,0.0,2024-01-27 07:45:00
2528,sess_02528,Organic Search,Tablet,1,1,1,1,1,0,0.0,2024-01-27 08:00:00
2529,sess_02529,Paid Ad,Desktop,1,1,1,1,1,0,0.0,2024-01-27 08:15:00
2530,sess_02530,Referral,Mobile,1,1,1,1,1,0,0.0,2024-01-27 08:30:00
2531,sess_02531,Social Media,Tablet,1,1,1,1,1,0,0.0,2024-01-27 08:45:00
2532,sess_02532,Organic Search,Desktop,1,1,1,1,1,0,0.0,2024-01-27 09:00:00
2533,sess_02533,Paid Ad,Mobile,1,1,1,1,1,0,0.0,2024-01-27 09:15:00
2534,sess_02534,Referral,Tablet,1,1,1,1,1,0,0.0,2024-01-27 09:30:00
2535,sess_02535,Social Media,Desktop,1,1,1,1,1,0,0.0,2024-01-27 09:45:00
2536,sess_02536,Organic Search,Mobile,1,1,1,1,1,0,0.0,2024-01-27 10:00:00
2537,sess_02537,Paid Ad,Tablet,1,1,1,1,1,0,0.0,2024-01-27 10:15:00
2538,sess_02538,Referral,Desktop,1,1,1,1,1,0,0.0,2024-01-27 10:30:00
2539,sess_02539,Social Media,Mobile,1,1,1,1,1,0,0.0,2024-01-27 10:45:00
2540,sess_02540,Organic Search,Tablet,1,1,1,1,1,0,0.0,2024-01-27 11:00:00
2541,sess_02541,Paid Ad,Desktop,1,1,1,1,1,0,0.0,2024-01-27 11:15:00
2542,sess_02542,Referral,Mobile,1,1,1,1,1,0,0.0,2024-01-27 11:30:00
2543,sess_02543,Social Media,Tablet,1,1,1,1,1,0,0.0,2024-01-27 11:45:00
2544,sess_02544,Organic Search,Desktop,1,1,1,1,1,0,0.0,2024-01-27 12:00:00
2545,sess_02545,Paid Ad,Mobile,1,1,1,1,1,0,0.0,2024-01-27 12:15:00
2546,sess_02546,Referral,Tablet,1,1,1,1,1,0,0.0,2024-01-27 12:30:00
2547,sess_02547,Social Media,Desktop,1,1,1,1,1,0,0.0,2024-01-27 12:45:00
2548,sess_02548,Organic Search,Mobile,1,1,1,1,1,0,0.0,2024-01-27 13:00:00
2549,sess_02549,Paid Ad,Tablet,1,1,1,1,1,0,0.0,2024-01-27 13:15:00
2550,sess_02550,Referral,Desktop,1,1,1,1,1,0,0.0,2024-01-27 13:30:00
2551,sess_02551,Social Media,Mobile,1,1,1,1,1,0,0.0,2024-01-27 13:45:00
2552,sess_02552,Organic Search,Tablet,1,1,1,1,1,0,0.0,2024-01-27 14:00:00
2553,sess_02553,Paid Ad,Desktop,1,1,1,1,1,0,0.0,2024-01-27 14:15:00
2554,sess_02554,Referral,Mobile,1,1,1,1,1,0,0.0,2024-01-27 14:30:00
2555,sess_02555,Social Media,Tablet,1,1,1,1,1,0,0.0,2024-01-27 14:45:00
2556,sess_02556,Organic Search,Desktop,1,1,1,1,1,0,0.0,2024-01-27 15:00:00
2557,sess_02557,Paid Ad,Mobile,1,1,1,1,1,0,0.0,2024-01-27 15:15:00
2558,sess_02558,Referral,Tablet,1,1,1,1,1,0,0.0,2024-01-27 15:30:00
2559,sess_02559,Social Media,Desktop,1,1,1,1,1,0,0.0,2024-01-27 15:45:00
2560,sess_02560,Organic Search,Mobile,1,1,1,1,1,0,0.0,2024-01-27 16:00:00
2561,sess_02561,Paid Ad,Tablet,1,1,1,1,1,0,0.0,2024-01-27 16:15:00
2562,sess_02562,Referral,Desktop,1,1,1,1,1,0,0.0,2024-01-27 16:30:00
2563,sess_02563,Social Media,Mobile,1,1,1,1,1,0,0.0,2024-01-27 16:45:00
2564,sess_02564,Organic Search,Tablet,1,1,1,1,1,0,0.0,2024-01-27 17:00:00
2565,sess_02565,Paid Ad,Desktop,1,1,1,1,1,0,0.0,2024-01-27 17:15:00
2566,sess_02566,Referral,Mobile,1,1,1,1,1,0,0.0,2024-01-27 17:30:00
2567,sess_02567,Social Media,Tablet,1,1,1,1,1,0,0.0,2024-01-27 17:45:00
2568,sess_02568,Organic Search,Desktop,1,1,1,1,1,0,0.0,2024-01-27 18:00:00
2569,sess_02569,Paid Ad,Mobile,1,1,1,1,1,0,0.0,2024-01-27 18:15:00
2570,sess_02570,Referral,Tablet,1,1,1,1,1,0,0.0,2024-01-27 18:30:00
2571,sess_02571,Social Media,Desktop,1,1,1,1,1,0,0.0,2024-01-27 18:45:00
2572,sess_02572,Organic Search,Mobile,1,1,1,1,1,0,0.0,2024-01-27 19:00:00
2573,sess_02573,Paid Ad,Tablet,1,1,1,1,1,0,0.0,2024-01-27 19:15:00
2574,sess_02574,Referral,Desktop,1,1,1,1,1,0,0.0,2024-01-27 19:30:00
2575,sess_02575,Social Media,Mobile,1,1,1,1,1,0,0.0,2024-01-27 19:45:00
2576,sess_02576,Organic Search,Tablet,1,1,1,1,1,0,0.0,2024-01-27 20:00:00
2577,sess_02577,Paid Ad,Desktop,1,1,1,1,1,0,0.0,2024-01-27 20:15:00
2578,sess_02578,Referral,Mobile,1,1,1,1,1,0,0.0,2024-01-27 20:30:00
2579,sess_02579,Social Media,Tablet,1,1,1,1,1,0,0.0,2024-01-27 20:45:00
2580,sess_02580,Organic Search,Desktop,1,1,1,1,1,0,0.0,2024-01-27 21:00:00
2581,sess_02581,Paid Ad,Mobile,1,1,1,1,1,0,0.0,2024-01-27 21:15:00
2582,sess_02582,Referral,Tablet,1,1,1,1,1,0,0.0,2024-01-27 21:30:00
2583,sess_02583,Social Media,Desktop,1,1,1,1,1,0,0.0,2024-01-27 21:45:00
2584,sess_02584,Organic Search,Mobile,1,1,1,1,1,0,0.0,2024-01-27 22:00:00
2585,sess_02585,Paid Ad,Tablet,1,1,1,1,1,0,0.0,2024-01-27 22:15:00
2586,sess_02586,Referral,Desktop,1,1,1,1,1,0,0.0,2024-01-27 22:30:00
2587,sess_02587,Social Media,Mobile,1,1,1,1,1,0,0.0,2024-01-27 22:45:00
2588,sess_02588,Organic Search,Tablet,1,1,1,1,1,0,0.0,2024-01-27 23:00:00
2589,sess_02589,Paid Ad,Desktop,1,1,1,1,1,0,0.0,2024-01-27 23:15:00
2590,sess_02590,Referral,Mobile,1,1,1,1,1,0,0.0,2024-01-27 23:30:00
2591,sess_02591,Social Media,Tablet,1,1,1,1,1,0,0.0,2024-01-27 23:45:00
2592,sess_02592,Organic Search,Desktop,1,1,1,1,1,0,0.0,2024-01-28 00:00:00
2593,sess_02593,Paid Ad,Mobile,1,1,1,1,1,0,0.0,2024-01-28 00:15:00
2594,sess_02594,Referral,Tablet,1,1,1,1,1,0,0.0,2024-01-28 00:30:00
2595,sess_02595,Social Media,Desktop,1,1,1,1,1,0,0.0,2024-01-28 00:45:00
2596,sess_02596,Organic Search,Mobile,1,1,1,1,1,0,0.0,2024-01-28 01:00:00
2597,sess_02597,Paid Ad,Tablet,1,1,1,1,1,0,0.0,2024-01-28 01:15:00
2598,sess_02598,Referral,Desktop,1,1,1,1,1,0,0.0,2024-01-28 01:30:00
2599,sess_02599,Social Media,Mobile,1,1,1,1,1,0,0.0,2024-01-28 01:45:00
2600,sess_02600,Organic Search,Tablet,1,1,1,1,1,0,0.0,2024-01-28 02:00:00
2601,sess_02601,Paid Ad,Desktop,1,1,1,1,1,0,0.0,2024-01-28 02:15:00
2602,sess_02602,Referral,Mobile,1,1,1,1,1,0,0.0,2024-01-28 02:30:00
2603,sess_02603,Social Media,Tablet,1,1,1,1,1,0,0.0,2024-01-28 02:45:00
2604,sess_02604,Organic Search,Desktop,1,1,1,1,1,0,0.0,2024-01-28 03:00:00
2605,sess_02605,Paid Ad,Mobile,1,1,1,1,1,0,0.0,2024-01-28 03:15:00
2606,sess_02606,Referral,Tablet,1,1,1,1,1,0,0.0,2024-01-28 03:30:00
2607,sess_02607,Social Media,Desktop,1,1,1,1,1,0,0.0,2024-01-28 03:45:00
2608,sess_02608,Organic Search,Mobile,1,1,1,1,1,0,0.0,2024-01-28 04:00:00
2609,sess_02609,Paid Ad,Tablet,1,1,1,1,1,0,0.0,2024-01-28 04:15:00
2610,sess_02610,Referral,Desktop,1,1,1,1,1,0,0.0,2024-01-28 04:30:00
2611,sess_02611,Social Media,Mobile,1,1,1,1,1,0,0.0,2024-01-28 04:45:00
2612,sess_02612,Organic Search,Tablet,1,1,1,1,1,0,0.0,2024-01-28 05:00:00
2613,sess_02613,Paid Ad,Desktop,1,1,1,1,1,0,0.0,2024-01-28 05:15:00
2614,sess_02614,Referral,Mobile,1,1,1,1,1,0,0.0,2024-01-28 05:30:00
2615,sess_02615,Social Media,Tablet,1,1,1,1,1,0,0.0,2024-01-28 05:45:00
2616,sess_02616,Organic Search,Desktop,1,1,1,1,1,0,0.0,2024-01-28 06:00:00
2617,sess_02617,Paid Ad,Mobile,1,1,1,1,1,0,0.0,2024-01-28 06:15:00
2618,sess_02618,Referral,Tablet,1,1,1,1,1,0,0.0,2024-01-28 06:30:00
2619,sess_02619,Social Media,Desktop,1,1,1,1,1,0,0.0,2024-01-28 06:45:00
2620,sess_02620,Organic Search,Mobile,1,1,1,1,1,0,0.0,2024-01-28 07:00:00
2621,sess_02621,Paid Ad,Tablet,1,1,1,1,1,0,0.0,2024-01-28 07:15:00
2622,sess_02622,Referral,Desktop,1,1,1,1,1,0,0.0,2024-01-28 07:30:00
2623,sess_02623,Social Media,Mobile,1,1,1,1,1,0,0.0,2024-01-28 07:45:00
2624,sess_02624,Organic Search,Tablet,1,1,1,1,1,0,0.0,2024-01-28 08:00:00
2625,sess_02625,Paid Ad,Desktop,1,1,1,1,1,0,0.0,2024-01-28 08:15:00
2626,sess_02626,Referral,Mobile,1,1,1,1,1,0,0.0,2024-01-28 08:30:00
2627,sess_02627,Social Media,Tablet,1,1,1,1,1,0,0.0,2024-01-28 08:45:00
2628,sess_02628,Organic Search,Desktop,1,1,1,1,1,0,0.0,2024-01-28 09:00:00
2629,sess_02629,Paid Ad,Mobile,1,1,1,1,1,0,0.0,2024-01-28 09:15:00
2630,sess_02630,Referral,Tablet,1,1,1,1,1,0,0.0,2024-01-28 09:30:00
2631,sess_02631,Social Media,Desktop,1,1,1,1,1,0,0.0,2024-01-28 09:45:00
2632,sess_02632,Organic Search,Mobile,1,1,1,1,1,0,0.0,2024-01-28 10:00:00
2633,sess_02633,Paid Ad,Tablet,1,1,1,1,1,0,0.0,2024-01-28 10:15:00
2634,sess_02634,Referral,Desktop,1,1,1,1,1,0,0.0,2024-01-28 10:30:00
2635,sess_02635,Social Media,Mobile,1,1,1,1,1,0,0.0,2024-01-28 10:45:00
2636,sess_02636,Organic Search,Tablet,1,1,1,1,1,0,0.0,2024-01-28 11:00:00
2637,sess_02637,Paid Ad,Desktop,1,1,1,1,1,0,0.0,2024-01-28 11:15:00
2638,sess_02638,Referral,Mobile,1,1,1,1,1,0,0.0,2024-01-28 11:30:00
2639,sess_02639,Social Media,Tablet,1,1,1,1,1,0,0.0,2024-01-28 11:45:00
2640,sess_02640,Organic Search,Desktop,1,1,1,1,1,0,0.0,2024-01-28 12:00:00
2641,sess_02641,Paid Ad,Mobile,1,1,1,1,1,0,0.0,2024-01-28 12:15:00
2642,sess_02642,Referral,Tablet,1,1,1,1,1,0,0.0,2024-01-28 12:30:00
2643,sess_02643,Social Media,Desktop,1,1,1,1,1,0,0.0,2024-01-28 12:45:00
2644,sess_02644,Organic Search,Mobile,1,1,1,1,1,0,0.0,2024-01-28 13:00:00
2645,sess_02645,Paid Ad,Tablet,1,1,1,1,1,0,0.0,2024-01-28 13:15:00
2646,sess_02646,Referral,Desktop,1,1,1,1,1,0,0.0,2024-01-28 13:30:00
2647,sess_02647,Social Media,Mobile,1,1,1,1,1,0,0.0,2024-01-28 13:45:00
2648,sess_02648,Organic Search,Tablet,1,1,1,1,1,0,0.0,2024-01-28 14:00:00
2649,sess_02649,Paid Ad,Desktop,1,1,1,1,1,0,0.0,2024-01-28 14:15:00
2650,sess_02650,Referral,Mobile,1,1,1,1,1,0,0.0,2024-01-28 14:30:00
2651,sess_02651,Social Media,Tablet,1,1,1,1,1,0,0.0,2024-01-28 14:45:00
2652,sess_02652,Organic Search,Desktop,1,1,1,1,1,0,0.0,2024-01-28 15:00:00
2653,sess_02653,Paid Ad,Mobile,1,1,1,1,1,0,0.0,2024-01-28 15:15:00
2654,sess_02654,Referral,Tablet,1,1,1,1,1,0,0.0,2024-01-28 15:30:00
2655,sess_02655,Social Media,Desktop,1,1,1,1,1,0,0.0,2024-01-28 15:45:00
2656,sess_02656,Organic Search,Mobile,1,1,1,1,1,0,0.0,2024-01-28 16:00:00
2657,sess_02657,Paid Ad,Tablet,1,1,1,1,1,0,0.0,2024-01-28 16:15:00
2658,sess_02658,Referral,Desktop,1,1,1,1,1,0,0.0,2024-01-28 16:30:00
2659,sess_02659,Social Media,Mobile,1,1,1,1,1,0,0.0,2024-01-28 16:45:00
2660,sess_02660,Organic Search,Tablet,1,1,1,1,1,0,0.0,2024-01-28 17:00:00
2661,sess_02661,Paid Ad,Desktop,1,1,1,1,1,0,0.0,2024-01-28 17:15:00
2662,sess_02662,Referral,Mobile,1,1,1,1,1,0,0.0,2024-01-28 17:30:00
2663,sess_02663,Social Media,Tablet,1,1,1,1,1,0,0.0,2024-01-28 17:45:00
2664,sess_02664,Organic Search,Desktop,1,1,1,1,1,0,0.0,2024-01-28 18:00:00
2665,sess_02665,Paid Ad,Mobile,1,1,1,1,1,0,0.0,2024-01-28 18:15:00
2666,sess_02666,Referral,Tablet,1,1,1,1,1,0,0.0,2024-01-28 18:30:00
2667,sess_02667,Social Media,Desktop,1,1,1,1,1,0,0.0,2024-01-28 18:45:00
2668,sess_02668,Organic Search,Mobile,1,1,1,1,1,0,0.0,2024-01-28 19:00:00
2669,sess_02669,Paid Ad,Tablet,1,1,1,1,1,0,0.0,2024-01-28 19:15:00
2670,sess_02670,Referral,Desktop,1,1,1,1,1,0,0.0,2024-01-28 19:30:00
2671,sess_02671,Social Media,Mobile,1,1,1,1,1,0,0.0,2024-01-28 19:45:00
2672,sess_02672,Organic Search,Tablet,1,1,1,1,1,0,0.0,2024-01-28 20:00:00
2673,sess_02673,Paid Ad,Desktop,1,1,1,1,1,0,0.0,2024-01-28 20:15:00
2674,sess_02674,Referral,Mobile,1,1,1,1,1,0,0.0,2024-01-28 20:30:00
2675,sess_02675,Social Media,Tablet,1,1,1,1,1,0,0.0,2024-01-28 20:45:00
2676,sess_02676,Organic Search,Desktop,1,1,1,1,1,0,0.0,2024-01-28 21:00:00
2677,sess_02677,Paid Ad,Mobile,1,1,1,1,1,0,0.0,2024-01-28 21:15:00
2678,sess_02678,Referral,Tablet,1,1,1,1,1,0,0.0,2024-01-28 21:30:00
2679,sess_02679,Social Media,Desktop,1,1,1,1,1,0,0.0,2024-01-28 21:45:00
2680,sess_02680,Organic Search,Mobile,1,1,1,1,1,0,0.0,2024-01-28 22:00:00
2681,sess_02681,Paid Ad,Tablet,1,1,1,1,1,0,0.0,2024-01-28 22:15:00
2682,sess_02682,Referral,Desktop,1,1,1,1,1,0,0.0,2024-01-28 22:30:00
2683,sess_02683,Social Media,Mobile,1,1,1,1,1,0,0.0,2024-01-28 22:45:00
2684,sess_02684,Organic Search,Tablet,1,1,1,1,1,0,0.0,2024-01-28 23:00:00
2685,sess_02685,Paid Ad,Desktop,1,1,1,1,1,0,0.0,2024-01-28 23:15:00
2686,sess_02686,Referral,Mobile,1,1,1,1,1,0,0.0,2024-01-28 23:30:00
2687,sess_02687,Social Media,Tablet,1,1,1,1,1,0,0.0,2024-01-28 23:45:00
2688,sess_02688,Organic Search,Desktop,1,1,1,1,1,0,0.0,2024-01-29 00:00:00
2689,sess_02689,Paid Ad,Mobile,1,1,1,1,1,0,0.0,2024-01-29 00:15:00
2690,sess_02690,Referral,Tablet,1,1,1,1,1,0,0.0,2024-01-29 00:30:00
2691,sess_02691,Social Media,Desktop,1,1,1,1,1,0,0.0,2024-01-29 00:45:00
2692,sess_02692,Organic Search,Mobile,1,1,1,1,1,0,0.0,2024-01-29 01:00:00
2693,sess_02693,Paid Ad,Tablet,1,1,1,1,1,0,0.0,2024-01-29 01:15:00
2694,sess_02694,Referral,Desktop,1,1,1,1,1,0,0.0,2024-01-29 01:30:00
2695,sess_02695,Social Media,Mobile,1,1,1,1,1,0,0.0,2024-01-29 01:45:00
2696,sess_02696,Organic Search,Tablet,1,1,1,1,1,0,0.0,2024-01-29 02:00:00
2697,sess_02697,Paid Ad,Desktop,1,1,1,1,1,0,0.0,2024-01-29 02:15:00
2698,sess_02698,Referral,Mobile,1,1,1,1,1,0,0.0,2024-01-29 02:30:00
2699,sess_02699,Social Media,Tablet,1,1,1,1,1,0,0.0,2024-01-29 02:45:00
2700,sess_02700,Organic Search,Desktop,1,1,1,1,1,0,0.0,2024-01-29 03:00:00
2701,sess_02701,Paid Ad,Mobile,1,1,1,1,1,0,0.0,2024-01-29 03:15:00
2702,sess_02702,Referral,Tablet,1,1,1,1,1,0,0.0,2024-01-29 03:30:00
2703,sess_02703,Social Media,Desktop,1,1,1,1,1,0,0.0,2024-01-29 03:45:00
2704,sess_02704,Organic Search,Mobile,1,1,1,1,1,0,0.0,2024-01-29 04:00:00
2705,sess_02705,Paid Ad,Tablet,1,1,1,1,1,0,0.0,2024-01-29 04:15:00
2706,sess_02706,Referral,Desktop,1,1,1,1,1,0,0.0,2024-01-29 04:30:00
2707,sess_02707,Social Media,Mobile,1,1,1,1,1,0,0.0,2024-01-29 04:45:00
2708,sess_02708,Organic Search,Tablet,1,1,1,1,1,0,0.0,2024-01-29 05:00:00
2709,sess_02709,Paid Ad,Desktop,1,1,1,1,1,0,0.0,2024-01-29 05:15:00
2710,sess_02710,Referral,Mobile,1,1,1,1,1,0,0.0,2024-01-29 05:30:00
2711,sess_02711,Social Media,Tablet,1,1,1,1,1,0,0.0,2024-01-29 05:45:00
2712,sess_02712,Organic Search,Desktop,1,1,1,1,1,0,0.0,2024-01-29 06:00:00
2713,sess_02713,Paid Ad,Mobile,1,1,1,1,1,0,0.0,2024-01-29 06:15:00
2714,sess_02714,Referral,Tablet,1,1,1,1,1,0,0.0,2024-01-29 06:30:00
2715,sess_02715,Social Media,Desktop,1,1,1,1,1,0,0.0,2024-01-29 06:45:00
2716,sess_02716,Organic Search,Mobile,1,1,1,1,1,0,0.0,2024-01-29 07:00:00
2717,sess_02717,Paid Ad,Tablet,1,1,1,1,1,0,0.0,2024-01-29 07:15:00
2718,sess_02718,Referral,Desktop,1,1,1,1,1,0,0.0,2024-01-29 07:30:00
2719,sess_02719,Social Media,Mobile,1,1,1,1,1,0,0.0,2024-01-29 07:45:00
2720,sess_02720,Organic Search,Tablet,1,1,1,1,1,0,0.0,2024-01-29 08:00:00
2721,sess_02721,Paid Ad,Desktop,1,1,1,1,1,0,0.0,2024-01-29 08:15:00
2722,sess_02722,Referral,Mobile,1,1,1,1,1,0,0.0,2024-01-29 08:30:00
2723,sess_02723,Social Media,Tablet,1,1,1,1,1,0,0.0,2024-01-29 08:45:00
2724,sess_02724,Organic Search,Desktop,1,1,1,1,1,0,0.0,2024-01-29 09:00:00
2725,sess_02725,Paid Ad,Mobile,1,1,1,1,1,0,0.0,2024-01-29 09:15:00
2726,sess_02726,Referral,Tablet,1,1,1,1,1,0,0.0,2024-01-29 09:30:00
2727,sess_02727,Social Media,Desktop,1,1,1,1,1,0,0.0,2024-01-29 09:45:00
2728,sess_02728,Organic Search,Mobile,1,1,1,1,1,0,0.0,2024-01-29 10:00:00
2729,sess_02729,Paid Ad,Tablet,1,1,1,1,1,0,0.0,2024-01-29 10:15:00
2730,sess_02730,Referral,Desktop,1,1,1,1,1,0,0.0,2024-01-29 10:30:00
2731,sess_02731,Social Media,Mobile,1,1,1,1,1,0,0.0,2024-01-29 10:45:00
2732,sess_02732,Organic Search,Tablet,1,1,1,1,1,0,0.0,2024-01-29 11:00:00
2733,sess_02733,Paid Ad,Desktop,1,1,1,1,1,0,0.0,2024-01-29 11:15:00
2734,sess_02734,Referral,Mobile,1,1,1,1,1,0,0.0,2024-01-29 11:30:00
2735,sess_02735,Social Media,Tablet,1,1,1,1,1,0,0.0,2024-01-29 11:45:00
2736,sess_02736,Organic Search,Desktop,1,1,1,1,1,0,0.0,2024-01-29 12:00:00
2737,sess_02737,Paid Ad,Mobile,1,1,1,1,1,0,0.0,2024-01-29 12:15:00
2738,sess_02738,Referral,Tablet,1,1,1,1,1,0,0.0,2024-01-29 12:30:00
2739,sess_02739,Social Media,Desktop,1,1,1,1,1,0,0.0,2024-01-29 12:45:00
2740,sess_02740,Organic Search,Mobile,1,1,1,1,1,0,0.0,2024-01-29 13:00:00
2741,sess_02741,Paid Ad,Tablet,1,1,1,1,1,0,0.0,2024-01-29 13:15:00
2742,sess_02742,Referral,Desktop,1,1,1,1,1,0,0.0,2024-01-29 13:30:00
2743,sess_02743,Social Media,Mobile,1,1,1,1,1,0,0.0,2024-01-29 13:45:00
2744,sess_02744,Organic Search,Tablet,1,1,1,1,1,0,0.0,2024-01-29 14:00:00
2745,sess_02745,Paid Ad,Desktop,1,1,1,1,1,0,0.0,2024-01-29 14:15:00
2746,sess_02746,Referral,Mobile,1,1,1,1,1,0,0.0,2024-01-29 14:30:00
2747,sess_02747,Social Media,Tablet,1,1,1,1,1,0,0.0,2024-01-29 14:45:00
2748,sess_02748,Organic Search,Desktop,1,1,1,1,1,0,0.0,2024-01-29 15:00:00
2749,sess_02749,Paid Ad,Mobile,1,1,1,1,1,0,0.0,2024-01-29 15:15:00
2750,sess_02750,Referral,Tablet,1,1,1,1,1,0,0.0,2024-01-29 15:30:00
2751,sess_02751,Social Media,Desktop,1,1,1,1,1,0,0.0,2024-01-29 15:45:00
2752,sess_02752,Organic Search,Mobile,1,1,1,1,1,0,0.0,2024-01-29 16:00:00
2753,sess_02753,Paid Ad,Tablet,1,1,1,1,1,0,0.0,2024-01-29 16:15:00
2754,sess_02754,Referral,Desktop,1,1,1,1,1,0,0.0,2024-01-29 16:30:00
2755,sess_02755,Social Media,Mobile,1,1,1,1,1,0,0.0,2024-01-29 16:45:00
2756,sess_02756,Organic Search,Tablet,1,1,1,1,1,0,0.0,2024-01-29 17:00:00
2757,sess_02757,Paid Ad,Desktop,1,1,1,1,1,0,0.0,2024-01-29 17:15:00
2758,sess_02758,Referral,Mobile,1,1,1,1,1,0,0.0,2024-01-29 17:30:00
2759,sess_02759,Social Media,Tablet,1,1,1,1,1,0,0.0,2024-01-29 17:45:00
2760,sess_02760,Organic Search,Desktop,1,1,1,1,1,0,0.0,2024-01-29 18:00:00
2761,sess_02761,Paid Ad,Mobile,1,1,1,1,1,0,0.0,2024-01-29 18:15:00
2762,sess_02762,Referral,Tablet,1,1,1,1,1,0,0.0,2024-01-29 18:30:00
2763,sess_02763,Social Media,Desktop,1,1,1,1,1,0,0.0,2024-01-29 18:45:00
2764,sess_02764,Organic Search,Mobile,1,1,1,1,1,0,0.0,2024-01-29 19:00:00
2765,sess_02765,Paid Ad,Tablet,1,1,1,1,1,0,0.0,2024-01-29 19:15:00
2766,sess_02766,Referral,Desktop,1,1,1,1,1,0,0.0,2024-01-29 19:30:00
2767,sess_02767,Social Media,Mobile,1,1,1,1,1,0,0.0,2024-01-29 19:45:00
2768,sess_02768,Organic Search,Tablet,1,1,1,1,1,0,0.0,2024-01-29 20:00:00
2769,sess_02769,Paid Ad,Desktop,1,1,1,1,1,0,0.0,2024-01-29 20:15:00
2770,sess_02770,Referral,Mobile,1,1,1,1,1,0,0.0,2024-01-29 20:30:00
2771,sess_02771,Social Media,Tablet,1,1,1,1,1,0,0.0,2024-01-29 20:45:00
2772,sess_02772,Organic Search,Desktop,1,1,1,1,1,0,0.0,2024-01-29 21:00:00
2773,sess_02773,Paid Ad,Mobile,1,1,1,1,1,0,0.0,2024-01-29 21:15:00
2774,sess_02774,Referral,Tablet,1,1,1,1,1,0,0.0,2024-01-29 21:30:00
2775,sess_02775,Social Media,Desktop,1,1,1,1,1,0,0.0,2024-01-29 21:45:00
2776,sess_02776,Organic Search,Mobile,1,1,1,1,1,0,0.0,2024-01-29 22:00:00
2777,sess_02777,Paid Ad,Tablet,1,1,1,1,1,0,0.0,2024-01-29 22:15:00
2778,sess_02778,Referral,Desktop,1,1,1,1,1,0,0.0,2024-01-29 22:30:00
2779,sess_02779,Social Media,Mobile,1,1,1,1,1,0,0.0,2024-01-29 22:45:00
2780,sess_02780,Organic Search,Tablet,1,1,1,1,1,0,0.0,2024-01-29 23:00:00
2781,sess_02781,Paid Ad,Desktop,1,1,1,1,1,0,0.0,2024-01-29 23:15:00
2782,sess_02782,Referral,Mobile,1,1,1,1,1,0,0.0,2024-01-29 23:30:00
2783,sess_02783,Social Media,Tablet,1,1,1,1,1,0,0.0,2024-01-29 23:45:00
2784,sess_02784,Organic Search,Desktop,1,1,1,1,1,0,0.0,2024-01-30 00:00:00
2785,sess_02785,Paid Ad,Mobile,1,1,1,1,1,0,0.0,2024-01-30 00:15:00
2786,sess_02786,Referral,Tablet,1,1,1,1,1,0,0.0,2024-01-30 00:30:00
2787,sess_02787,Social Media,Desktop,1,1,1,1,1,0,0.0,2024-01-30 00:45:00
2788,sess_02788,Organic Search,Mobile,1,1,1,1,1,0,0.0,2024-01-30 01:00:00
2789,sess_02789,Paid Ad,Tablet,1,1,1,1,1,0,0.0,2024-01-30 01:15:00
2790,sess_02790,Referral,Desktop,1,1,1,1,1,0,0.0,2024-01-30 01:30:00
2791,sess_02791,Social Media,Mobile,1,1,1,1,1,0,0.0,2024-01-30 01:45:00
2792,sess_02792,Organic Search,Tablet,1,1,1,1,1,0,0.0,2024-01-30 02:00:00
2793,sess_02793,Paid Ad,Desktop,1,1,1,1,1,0,0.0,2024-01-30 02:15:00
2794,sess_02794,Referral,Mobile,1,1,1,1,1,0,0.0,2024-01-30 02:30:00
2795,sess_02795,Social Media,Tablet,1,1,1,1,1,0,0.0,2024-01-30 02:45:00
2796,sess_02796,Organic Search,Desktop,1,1,1,1,1,0,0.0,2024-01-30 03:00:00
2797,sess_02797,Paid Ad,Mobile,1,1,1,1,1,0,0.0,2024-01-30 03:15:00
2798,sess_02798,Referral,Tablet,1,1,1,1,1,0,0.0,2024-01-30 03:30:00
2799,sess_02799,Social Media,Desktop,1,1,1,1,1,0,0.0,2024-01-30 03:45:00
2800,sess_02800,Organic Search,Mobile,1,1,1,1,1,0,0.0,2024-01-30 04:00:00
2801,sess_02801,Paid Ad,Tablet,1,1,1,1,1,0,0.0,2024-01-30 04:15:00
2802,sess_02802,Referral,Desktop,1,1,1,1,1,0,0.0,2024-01-30 04:30:00
2803,sess_02803,Social Media,Mobile,1,1,1,1,1,0,0.0,2024-01-30 04:45:00
2804,sess_02804,Organic Search,Tablet,1,1,1,1,1,0,0.0,2024-01-30 05:00:00
2805,sess_02805,Paid Ad,Desktop,1,1,1,1,1,0,0.0,2024-01-30 05:15:00
2806,sess_02806,Referral,Mobile,1,1,1,1,1,0,0.0,2024-01-30 05:30:00
2807,sess_02807,Social Media,Tablet,1,1,1,1,1,0,0.0,2024-01-30 05:45:00
2808,sess_02808,Organic Search,Desktop,1,1,1,1,1,0,0.0,2024-01-30 06:00:00
2809,sess_02809,Paid Ad,Mobile,1,1,1,1,1,0,0.0,2024-01-30 06:15:00
2810,sess_02810,Referral,Tablet,1,1,1,1,1,0,0.0,2024-01-30 06:30:00
2811,sess_02811,Social Media,Desktop,1,1,1,1,1,0,0.0,2024-01-30 06:45:00
2812,sess_02812,Organic Search,Mobile,1,1,1,1,1,0,0.0,2024-01-30 07:00:00
2813,sess_02813,Paid Ad,Tablet,1,1,1,1,1,0,0.0,2024-01-30 07:15:00
2814,sess_02814,Referral,Desktop,1,1,1,1,1,0,0.0,2024-01-30 07:30:00
2815,sess_02815,Social Media,Mobile,1,1,1,1,1,0,0.0,2024-01-30 07:45:00
2816,sess_02816,Organic Search,Tablet,1,1,1,1,1,0,0.0,2024-01-30 08:00:00
2817,sess_02817,Paid Ad,Desktop,1,1,1,1,1,0,0.0,2024-01-30 08:15:00
2818,sess_02818,Referral,Mobile,1,1,1,1,1,0,0.0,2024-01-30 08:30:00
2819,sess_02819,Social Media,Tablet,1,1,1,1,1,0,0.0,2024-01-30 08:45:00
2820,sess_02820,Organic Search,Desktop,1,1,1,1,1,0,0.0,2024-01-30 09:00:00
2821,sess_02821,Paid Ad,Mobile,1,1,1,1,1,0,0.0,2024-01-30 09:15:00
2822,sess_02822,Referral,Tablet,1,1,1,1,1,0,0.0,2024-01-30 09:30:00
2823,sess_02823,Social Media,Desktop,1,1,1,1,1,0,0.0,2024-01-30 09:45:00
2824,sess_02824,Organic Search,Mobile,1,1,1,1,1,0,0.0,2024-01-30 10:00:00
2825,sess_02825,Paid Ad,Tablet,1,1,1,1,1,0,0.0,2024-01-30 10:15:00
2826,sess_02826,Referral,Desktop,1,1,1,1,1,0,0.0,2024-01-30 10:30:00
2827,sess_02827,Social Media,Mobile,1,1,1,1,1,0,0.0,2024-01-30 10:45:00
2828,sess_02828,Organic Search,Tablet,1,1,1,1,1,0,0.0,2024-01-30 11:00:00
2829,sess_02829,Paid Ad,Desktop,1,1,1,1,1,0,0.0,2024-01-30 11:15:00
2830,sess_02830,Referral,Mobile,1,1,1,1,1,0,0.0,2024-01-30 11:30:00
2831,sess_02831,Social Media,Tablet,1,1,1,1,1,0,0.0,2024-01-30 11:45:00
2832,sess_02832,Organic Search,Desktop,1,1,1,1,1,0,0.0,2024-01-30 12:00:00
2833,sess_02833,Paid Ad,Mobile,1,1,1,1,1,0,0.0,2024-01-30 12:15:00
2834,sess_02834,Referral,Tablet,1,1,1,1,1,0,0.0,2024-01-30 12:30:00
2835,sess_02835,Social Media,Desktop,1,1,1,1,1,0,0.0,2024-01-30 12:45:00
2836,sess_02836,Organic Search,Mobile,1,1,1,1,1,0,0.0,2024-01-30 13:00:00
2837,sess_02837,Paid Ad,Tablet,1,1,1,1,1,0,0.0,2024-01-30 13:15:00
2838,sess_02838,Referral,Desktop,1,1,1,1,1,0,0.0,2024-01-30 13:30:00
2839,sess_02839,Social Media,Mobile,1,1,1,1,1,0,0.0,2024-01-30 13:45:00
2840,sess_02840,Organic Search,Tablet,1,1,1,1,1,0,0.0,2024-01-30 14:00:00
2841,sess_02841,Paid Ad,Desktop,1,1,1,1,1,0,0.0,2024-01-30 14:15:00
2842,sess_02842,Referral,Mobile,1,1,1,1,1,0,0.0,2024-01-30 14:30:00
2843,sess_02843,Social Media,Tablet,1,1,1,1,1,0,0.0,2024-01-30 14:45:00
2844,sess_02844,Organic Search,Desktop,1,1,1,1,1,0,0.0,2024-01-30 15:00:00
2845,sess_02845,Paid Ad,Mobile,1,1,1,1,1,0,0.0,2024-01-30 15:15:00
2846,sess_02846,Referral,Tablet,1,1,1,1,1,0,0.0,2024-01-30 15:30:00
2847,sess_02847,Social Media,Desktop,1,1,1,1,1,0,0.0,2024-01-30 15:45:00
2848,sess_02848,Organic Search,Mobile,1,1,1,1,1,0,0.0,2024-01-30 16:00:00
2849,sess_02849,Paid Ad,Tablet,1,1,1,1,1,0,0.0,2024-01-30 16:15:00
2850,sess_02850,Referral,Desktop,1,1,1,1,1,0,0.0,2024-01-30 16:30:00
2851,sess_02851,Social Media,Mobile,1,1,1,1,1,0,0.0,2024-01-30 16:45:00
2852,sess_02852,Organic Search,Tablet,1,1,1,1,1,0,0.0,2024-01-30 17:00:00
2853,sess_02853,Paid Ad,Desktop,1,1,1,1,1,0,0.0,2024-01-30 17:15:00
2854,sess_02854,Referral,Mobile,1,1,1,1,1,0,0.0,2024-01-30 17:30:00
2855,sess_02855,Social Media,Tablet,1,1,1,1,1,0,0.0,2024-01-30 17:45:00
2856,sess_02856,Organic Search,Desktop,1,1,1,1,1,0,0.0,2024-01-30 18:00:00
2857,sess_02857,Paid Ad,Mobile,1,1,1,1,1,0,0.0,2024-01-30 18:15:00
2858,sess_02858,Referral,Tablet,1,1,1,1,1,0,0.0,2024-01-30 18:30:00
2859,sess_02859,Social Media,Desktop,1,1,1,1,1,0,0.0,2024-01-30 18:45:00
2860,sess_02860,Organic Search,Mobile,1,1,1,1,1,0,0.0,2024-01-30 19:00:00
2861,sess_02861,Paid Ad,Tablet,1,1,1,1,1,0,0.0,2024-01-30 19:15:00
2862,sess_02862,Referral,Desktop,1,1,1,1,1,0,0.0,2024-01-30 19:30:00
2863,sess_02863,Social Media,Mobile,1,1,1,1,1,0,0.0,2024-01-30 19:45:00
2864,sess_02864,Organic Search,Tablet,1,1,1,1,1,0,0.0,2024-01-30 20:00:00
2865,sess_02865,Paid Ad,Desktop,1,1,1,1,1,0,0.0,2024-01-30 20:15:00
2866,sess_02866,Referral,Mobile,1,1,1,1,1,0,0.0,2024-01-30 20:30:00
2867,sess_02867,Social Media,Tablet,1,1,1,1,1,0,0.0,2024-01-30 20:45:00
2868,sess_02868,Organic Search,Desktop,1,1,1,1,1,0,0.0,2024-01-30 21:00:00
2869,sess_02869,Paid Ad,Mobile,1,1,1,1,1,0,0.0,2024-01-30 21:15:00
2870,sess_02870,Referral,Tablet,1,1,1,1,1,0,0.0,2024-01-30 21:30:00
2871,sess_02871,Social Media,Desktop,1,1,1,1,1,0,0.0,2024-01-30 21:45:00
2872,sess_02872,Organic Search,Mobile,1,1,1,1,1,0,0.0,2024-01-30 22:00:00
2873,sess_02873,Paid Ad,Tablet,1,1,1,1,1,0,0.0,2024-01-30 22:15:00
2874,sess_02874,Referral,Desktop,1,1,1,1,1,0,0.0,2024-01-30 22:30:00
2875,sess_02875,Social Media,Mobile,1,1,1,1,1,0,0.0,2024-01-30 22:45:00
2876,sess_02876,Organic Search,Tablet,1,1,1,1,1,0,0.0,2024-01-30 23:00:00
2877,sess_02877,Paid Ad,Desktop,1,1,1,1,1,0,0.0,2024-01-30 23:15:00
2878,sess_02878,Referral,Mobile,1,1,1,1,1,0,0.0,2024-01-30 23:30:00
2879,sess_02879,Social Media,Tablet,1,1,1,1,1,0,0.0,2024-01-30 23:45:00
2880,sess_02880,Organic Search,Desktop,1,1,1,1,1,0,0.0,2024-01-31 00:00:00
2881,sess_02881,Paid Ad,Mobile,1,1,1,1,1,0,0.0,2024-01-31 00:15:00
2882,sess_02882,Referral,Tablet,1,1,1,1,1,0,0.0,2024-01-31 00:30:00
2883,sess_02883,Social Media,Desktop,1,1,1,1,1,0,0.0,2024-01-31 00:45:00
2884,sess_02884,Organic Search,Mobile,1,1,1,1,1,0,0.0,2024-01-31 01:00:00
2885,sess_02885,Paid Ad,Tablet,1,1,1,1,1,0,0.0,2024-01-31 01:15:00
2886,sess_02886,Referral,Desktop,1,1,1,1,1,0,0.0,2024-01-31 01:30:00
2887,sess_02887,Social Media,Mobile,1,1,1,1,1,0,0.0,2024-01-31 01:45:00
2888,sess_02888,Organic Search,Tablet,1,1,1,1,1,0,0.0,2024-01-31 02:00:00
2889,sess_02889,Paid Ad,Desktop,1,1,1,1,1,0,0.0,2024-01-31 02:15:00
2890,sess_02890,Referral,Mobile,1,1,1,1,1,0,0.0,2024-01-31 02:30:00
2891,sess_02891,Social Media,Tablet,1,1,1,1,1,0,0.0,2024-01-31 02:45:00
2892,sess_02892,Organic Search,Desktop,1,1,1,1,1,0,0.0,2024-01-31 03:00:00
2893,sess_02893,Paid Ad,Mobile,1,1,1,1,1,0,0.0,2024-01-31 03:15:00
2894,sess_02894,Referral,Tablet,1,1,1,1,1,0,0.0,2024-01-31 03:30:00
2895,sess_02895,Social Media,Desktop,1,1,1,1,1,0,0.0,2024-01-31 03:45:00
2896,sess_02896,Organic Search,Mobile,1,1,1,1,1,0,0.0,2024-01-31 04:00:00
2897,sess_02897,Paid Ad,Tablet,1,1,1,1,1,0,0.0,2024-01-31 04:15:00
2898,sess_02898,Referral,Desktop,1,1,1,1,1,0,0.0,2024-01-31 04:30:00
2899,sess_02899,Social Media,Mobile,1,1,1,1,1,0,0.0,2024-01-31 04:45:00
2900,sess_02900,Organic Search,Tablet,1,1,1,1,1,0,0.0,2024-01-31 05:00:00
2901,sess_02901,Paid Ad,Desktop,1,1,1,1,1,0,0.0,2024-01-31 05:15:00
2902,sess_02902,Referral,Mobile,1,1,1,1,1,0,0.0,2024-01-31 05:30:00
2903,sess_02903,Social Media,Tablet,1,1,1,1,1,0,0.0,2024-01-31 05:45:00
2904,sess_02904,Organic Search,Desktop,1,1,1,1,1,0,0.0,2024-01-31 06:00:00
2905,sess_02905,Paid Ad,Mobile,1,1,1,1,1,0,0.0,2024-01-31 06:15:00
2906,sess_02906,Referral,Tablet,1,1,1,1,1,0,0.0,2024-01-31 06:30:00
2907,sess_02907,Social Media,Desktop,1,1,1,1,1,0,0.0,2024-01-31 06:45:00
2908,sess_02908,Organic Search,Mobile,1,1,1,1,1,0,0.0,2024-01-31 07:00:00
2909,sess_02909,Paid Ad,Tablet,1,1,1,1,1,0,0.0,2024-01-31 07:15:00
2910,sess_02910,Referral,Desktop,1,1,1,1,1,0,0.0,2024-01-31 07:30:00
2911,sess_02911,Social Media,Mobile,1,1,1,1,1,0,0.0,2024-01-31 07:45:00
2912,sess_02912,Organic Search,Tablet,1,1,1,1,1,0,0.0,2024-01-31 08:00:00
2913,sess_02913,Paid Ad,Desktop,1,1,1,1,1,0,0.0,2024-01-31 08:15:00
2914,sess_02914,Referral,Mobile,1,1,1,1,1,0,0.0,2024-01-31 08:30:00
2915,sess_02915,Social Media,Tablet,1,1,1,1,1,0,0.0,2024-01-31 08:45:00
2916,sess_02916,Organic Search,Desktop,1,1,1,1,1,0,0.0,2024-01-31 09:00:00
2917,sess_02917,Paid Ad,Mobile,1,1,1,1,1,0,0.0,2024-01-31 09:15:00
2918,sess_02918,Referral,Tablet,1,1,1,1,1,0,0.0,2024-01-31 09:30:00
2919,sess_02919,Social Media,Desktop,1,1,1,1,1,0,0.0,2024-01-31 09:45:00
2920,sess_02920,Organic Search,Mobile,1,1,1,1,1,0,0.0,2024-01-31 10:00:00
2921,sess_02921,Paid Ad,Tablet,1,1,1,1,1,0,0.0,2024-01-31 10:15:00
2922,sess_02922,Referral,Desktop,1,1,1,1,1,0,0.0,2024-01-31 10:30:00
2923,sess_02923,Social Media,Mobile,1,1,1,1,1,0,0.0,2024-01-31 10:45:00
2924,sess_02924,Organic Search,Tablet,1,1,1,1,1,0,0.0,2024-01-31 11:00:00
2925,sess_02925,Paid Ad,Desktop,1,1,1,1,1,0,0.0,2024-01-31 11:15:00
2926,sess_02926,Referral,Mobile,1,1,1,1,1,0,0.0,2024-01-31 11:30:00
2927,sess_02927,Social Media,Tablet,1,1,1,1,1,0,0.0,2024-01-31 11:45:00
2928,sess_02928,Organic Search,Desktop,1,1,1,1,1,0,0.0,2024-01-31 12:00:00
2929,sess_02929,Paid Ad,Mobile,1,1,1,1,1,0,0.0,2024-01-31 12:15:00
2930,sess_02930,Referral,Tablet,1,1,1,1,1,0,0.0,2024-01-31 12:30:00
2931,sess_02931,Social Media,Desktop,1,1,1,1,1,0,0.0,2024-01-31 12:45:00
2932,sess_02932,Organic Search,Mobile,1,1,1,1,1,0,0.0,2024-01-31 13:00:00
2933,sess_02933,Paid Ad,Tablet,1,1,1,1,1,0,0.0,2024-01-31 13:15:00
2934,sess_02934,Referral,Desktop,1,1,1,1,1,0,0.0,2024-01-31 13:30:00
2935,sess_02935,Social Media,Mobile,1,1,1,1,1,0,0.0,2024-01-31 13:45:00
2936,sess_02936,Organic Search,Tablet,1,1,1,1,1,0,0.0,2024-01-31 14:00:00
2937,sess_02937,Paid Ad,Desktop,1,1,1,1,1,0,0.0,2024-01-31 14:15:00
2938,sess_02938,Referral,Mobile,1,1,1,1,1,0,0.0,2024-01-31 14:30:00
2939,sess_02939,Social Media,Tablet,1,1,1,1,1,0,0.0,2024-01-31 14:45:00
2940,sess_02940,Organic Search,Desktop,1,1,1,1,1,0,0.0,2024-01-31 15:00:00
2941,sess_02941,Paid Ad,Mobile,1,1,1,1,1,0,0.0,2024-01-31 15:15:00
2942,sess_02942,Referral,Tablet,1,1,1,1,1,0,0.0,2024-01-31 15:30:00
2943,sess_02943,Social Media,Desktop,1,1,1,1,1,0,0.0,2024-01-31 15:45:00
2944,sess_02944,Organic Search,Mobile,1,1,1,1,1,0,0.0,2024-01-31 16:00:00
2945,sess_02945,Paid Ad,Tablet,1,1,1,1,1,0,0.0,2024-01-31 16:15:00
2946,sess_02946,Referral,Desktop,1,1,1,1,1,0,0.0,2024-01-31 16:30:00
2947,sess_02947,Social Media,Mobile,1,1,1,1,1,0,0.0,2024-01-31 16:45:00
2948,sess_02948,Organic Search,Tablet,1,1,1,1,1,0,0.0,2024-01-31 17:00:00
2949,sess_02949,Paid Ad,Desktop,1,1,1,1,1,0,0.0,2024-01-31 17:15:00
2950,sess_02950,Referral,Mobile,1,1,1,1,1,0,0.0,2024-01-31 17:30:00
2951,sess_02951,Social Media,Tablet,1,1,1,1,1,0,0.0,2024-01-31 17:45:00
2952,sess_02952,Organic Search,Desktop,1,1,1,1,1,0,0.0,2024-01-31 18:00:00
2953,sess_02953,Paid Ad,Mobile,1,1,1,1,1,0,0.0,2024-01-31 18:15:00
2954,sess_02954,Referral,Tablet,1,1,1,1,1,0,0.0,2024-01-31 18:30:00
2955,sess_02955,Social Media,Desktop,1,1,1,1,1,0,0.0,2024-01-31 18:45:00
2956,sess_02956,Organic Search,Mobile,1,1,1,1,1,0,0.0,2024-01-31 19:00:00
2957,sess_02957,Paid Ad,Tablet,1,1,1,1,1,0,0.0,2024-01-31 19:15:00
2958,sess_02958,Referral,Desktop,1,1,1,1,1,0,0.0,2024-01-31 19:30:00
2959,sess_02959,Social Media,Mobile,1,1,1,1,1,0,0.0,2024-01-31 19:45:00
2960,sess_02960,Organic Search,Tablet,1,1,1,1,1,0,0.0,2024-01-31 20:00:00
2961,sess_02961,Paid Ad,Desktop,1,1,1,1,1,0,0.0,2024-01-31 20:15:00
2962,sess_02962,Referral,Mobile,1,1,1,1,1,0,0.0,2024-01-31 20:30:00
2963,sess_02963,Social Media,Tablet,1,1,1,1,1,0,0.0,2024-01-31 20:45:00
2964,sess_02964,Organic Search,Desktop,1,1,1,1,1,0,0.0,2024-01-31 21:00:00
2965,sess_02965,Paid Ad,Mobile,1,1,1,1,1,0,0.0,2024-01-31 21:15:00
2966,sess_02966,Referral,Tablet,1,1,1,1,1,0,0.0,2024-01-31 21:30:00
2967,sess_02967,Social Media,Desktop,1,1,1,1,1,0,0.0,2024-01-31 21:45:00
2968,sess_02968,Organic Search,Mobile,1,1,1,1,1,0,0.0,2024-01-31 22:00:00
2969,sess_02969,Paid Ad,Tablet,1,1,1,1,1,0,0.0,2024-01-31 22:15:00
2970,sess_02970,Referral,Desktop,1,1,1,1,1,0,0.0,2024-01-31 22:30:00
2971,sess_02971,Social Media,Mobile,1,1,1,1,1,0,0.0,2024-01-31 22:45:00
2972,sess_02972,Organic Search,Tablet,1,1,1,1,1,0,0.0,2024-01-31 23:00:00
2973,sess_02973,Paid Ad,Desktop,1,1,1,1,1,0,0.0,2024-01-31 23:15:00
2974,sess_02974,Referral,Mobile,1,1,1,1,1,0,0.0,2024-01-31 23:30:00
2975,sess_02975,Social Media,Tablet,1,1,1,1,1,0,0.0,2024-01-31 23:45:00
2976,sess_02976,Organic Search,Desktop,1,1,1,1,1,0,0.0,2024-02-01 00:00:00
2977,sess_02977,Paid Ad,Mobile,1,1,1,1,1,0,0.0,2024-02-01 00:15:00
2978,sess_02978,Referral,Tablet,1,1,1,1,1,0,0.0,2024-02-01 00:30:00
2979,sess_02979,Social Media,Desktop,1,1,1,1,1,0,0.0,2024-02-01 00:45:00
2980,sess_02980,Organic Search,Mobile,1,1,1,1,1,0,0.0,2024-02-01 01:00:00
2981,sess_02981,Paid Ad,Tablet,1,1,1,1,1,0,0.0,2024-02-01 01:15:00
2982,sess_02982,Referral,Desktop,1,1,1,1,1,0,0.0,2024-02-01 01:30:00
2983,sess_02983,Social Media,Mobile,1,1,1,1,1,0,0.0,2024-02-01 01:45:00
2984,sess_02984,Organic Search,Tablet,1,1,1,1,1,0,0.0,2024-02-01 02:00:00
2985,sess_02985,Paid Ad,Desktop,1,1,1,1,1,0,0.0,2024-02-01 02:15:00
2986,sess_02986,Referral,Mobile,1,1,1,1,1,0,0.0,2024-02-01 02:30:00
2987,sess_02987,Social Media,Tablet,1,1,1,1,1,0,0.0,2024-02-01 02:45:00
2988,sess_02988,Organic Search,Desktop,1,1,1,1,1,0,0.0,2024-02-01 03:00:00
2989,sess_02989,Paid Ad,Mobile,1,1,1,1,1,0,0.0,2024-02-01 03:15:00
2990,sess_02990,Referral,Tablet,1,1,1,1,1,0,0.0,2024-02-01 03:30:00
2991,sess_02991,Social Media,Desktop,1,1,1,1,1,0,0.0,2024-02-01 03:45:00
2992,sess_02992,Organic Search,Mobile,1,1,1,1,1,0,0.0,2024-02-01 04:00:00
2993,sess_02993,Paid Ad,Tablet,1,1,1,1,1,0,0.0,2024-02-01 04:15:00
2994,sess_02994,Referral,Desktop,1,1,1,1,1,0,0.0,2024-02-01 04:30:00
2995,sess_02995,Social Media,Mobile,1,1,1,1,1,0,0.0,2024-02-01 04:45:00
2996,sess_02996,Organic Search,Tablet,1,1,1,1,1,0,0.0,2024-02-01 05:00:00
2997,sess_02997,Paid Ad,Desktop,1,1,1,1,1,0,0.0,2024-02-01 05:15:00
2998,sess_02998,Referral,Mobile,1,1,1,1,1,0,0.0,2024-02-01 05:30:00
2999,sess_02999,Social Media,Tablet,1,1,1,1,1,0,0.0,2024-02-01 05:45:00
3000,sess_03000,Organic Search,Desktop,1,1,1,1,1,0,0.0,2024-02-01 06:00:00
3001,sess_03001,Paid Ad,Mobile,1,1,1,1,1,0,0.0,2024-02-01 06:15:00
3002,sess_03002,Referral,Tablet,1,1,1,1,1,0,0.0,2024-02-01 06:30:00
3003,sess_03003,Social Media,Desktop,1,1,1,1,1,0,0.0,2024-02-01 06:45:00
3004,sess_03004,Organic Search,Mobile,1,1,1,1,1,0,0.0,2024-02-01 07:00:00
3005,sess_03005,Paid Ad,Tablet,1,1,1,1,1,0,0.0,2024-02-01 07:15:00
3006,sess_03006,Referral,Desktop,1,1,1,1,1,0,0.0,2024-02-01 07:30:00
3007,sess_03007,Social Media,Mobile,1,1,1,1,1,0,0.0,2024-02-01 07:45:00
3008,sess_03008,Organic Search,Tablet,1,1,1,1,1,0,0.0,2024-02-01 08:00:00
3009,sess_03009,Paid Ad,Desktop,1,1,1,1,1,0,0.0,2024-02-01 08:15:00
3010,sess_03010,Referral,Mobile,1,1,1,1,1,0,0.0,2024-02-01 08:30:00
3011,sess_03011,Social Media,Tablet,1,1,1,1,1,0,0.0,2024-02-01 08:45:00
3012,sess_03012,Organic Search,Desktop,1,1,1,1,1,0,0.0,2024-02-01 09:00:00
3013,sess_03013,Paid Ad,Mobile,1,1,1,1,1,0,0.0,2024-02-01 09:15:00
3014,sess_03014,Referral,Tablet,1,1,1,1,1,0,0.0,2024-02-01 09:30:00
3015,sess_03015,Social Media,Desktop,1,1,1,1,1,0,0.0,2024-02-01 09:45:00
3016,sess_03016,Organic Search,Mobile,1,1,1,1,1,0,0.0,2024-02-01 10:00:00
3017,sess_03017,Paid Ad,Tablet,1,1,1,1,1,0,0.0,2024-02-01 10:15:00
3018,sess_03018,Referral,Desktop,1,1,1,1,1,0,0.0,2024-02-01 10:30:00
3019,sess_03019,Social Media,Mobile,1,1,1,1,1,0,0.0,2024-02-01 10:45:00
3020,sess_03020,Organic Search,Tablet,1,1,1,1,1,0,0.0,2024-02-01 11:00:00
3021,sess_03021,Paid Ad,Desktop,1,1,1,1,1,0,0.0,2024-02-01 11:15:00
3022,sess_03022,Referral,Mobile,1,1,1,1,1,0,0.0,2024-02-01 11:30:00
3023,sess_03023,Social Media,Tablet,1,1,1,1,1,0,0.0,2024-02-01 11:45:00
3024,sess_03024,Organic Search,Desktop,1,1,1,1,1,0,0.0,2024-02-01 12:00:00
3025,sess_03025,Paid Ad,Mobile,1,1,1,1,1,0,0.0,2024-02-01 12:15:00
3026,sess_03026,Referral,Tablet,1,1,1,1,1,0,0.0,2024-02-01 12:30:00
3027,sess_03027,Social Media,Desktop,1,1,1,1,1,0,0.0,2024-02-01 12:45:00
3028,sess_03028,Organic Search,Mobile,1,1,1,1,1,0,0.0,2024-02-01 13:00:00
3029,sess_03029,Paid Ad,Tablet,1,1,1,1,1,0,0.0,2024-02-01 13:15:00
3030,sess_03030,Referral,Desktop,1,1,1,1,1,0,0.0,2024-02-01 13:30:00
3031,sess_03031,Social Media,Mobile,1,1,1,1,1,0,0.0,2024-02-01 13:45:00
3032,sess_03032,Organic Search,Tablet,1,1,1,1,1,0,0.0,2024-02-01 14:00:00
3033,sess_03033,Paid Ad,Desktop,1,1,1,1,1,0,0.0,2024-02-01 14:15:00
3034,sess_03034,Referral,Mobile,1,1,1,1,1,0,0.0,2024-02-01 14:30:00
3035,sess_03035,Social Media,Tablet,1,1,1,1,1,0,0.0,2024-02-01 14:45:00
3036,sess_03036,Organic Search,Desktop,1,1,1,1,1,0,0.0,2024-02-01 15:00:00
3037,sess_03037,Paid Ad,Mobile,1,1,1,1,1,0,0.0,2024-02-01 15:15:00
3038,sess_03038,Referral,Tablet,1,1,1,1,1,0,0.0,2024-02-01 15:30:00
3039,sess_03039,Social Media,Desktop,1,1,1,1,1,0,0.0,2024-02-01 15:45:00
3040,sess_03040,Organic Search,Mobile,1,1,1,1,1,0,0.0,2024-02-01 16:00:00
3041,sess_03041,Paid Ad,Tablet,1,1,1,1,1,0,0.0,2024-02-01 16:15:00
3042,sess_03042,Referral,Desktop,1,1,1,1,1,0,0.0,2024-02-01 16:30:00
3043,sess_03043,Social Media,Mobile,1,1,1,1,1,0,0.0,2024-02-01 16:45:00
3044,sess_03044,Organic Search,Tablet,1,1,1,1,1,0,0.0,2024-02-01 17:00:00
3045,sess_03045,Paid Ad,Desktop,1,1,1,1,1,0,0.0,2024-02-01 17:15:00
3046,sess_03046,Referral,Mobile,1,1,1,1,1,0,0.0,2024-02-01 17:30:00
3047,sess_03047,Social Media,Tablet,1,1,1,1,1,0,0.0,2024-02-01 17:45:00
3048,sess_03048,Organic Search,Desktop,1,1,1,1,1,0,0.0,2024-02-01 18:00:00
3049,sess_03049,Paid Ad,Mobile,1,1,1,1,1,0,0.0,2024-02-01 18:15:00
3050,sess_03050,Referral,Tablet,1,1,1,1,1,0,0.0,2024-02-01 18:30:00
3051,sess_03051,Social Media,Desktop,1,1,1,1,1,0,0.0,2024-02-01 18:45:00
3052,sess_03052,Organic Search,Mobile,1,1,1,1,1,0,0.0,2024-02-01 19:00:00
3053,sess_03053,Paid Ad,Tablet,1,1,1,1,1,0,0.0,2024-02-01 19:15:00
3054,sess_03054,Referral,Desktop,1,1,1,1,1,0,0.0,2024-02-01 19:30:00
3055,sess_03055,Social Media,Mobile,1,1,1,1,1,0,0.0,2024-02-01 19:45:00
3056,sess_03056,Organic Search,Tablet,1,1,1,1,1,0,0.0,2024-02-01 20:00:00
3057,sess_03057,Paid Ad,Desktop,1,1,1,1,1,0,0.0,2024-02-01 20:15:00
3058,sess_03058,Referral,Mobile,1,1,1,1,1,0,0.0,2024-02-01 20:30:00
3059,sess_03059,Social Media,Tablet,1,1,1,1,1,0,0.0,2024-02-01 20:45:00
3060,sess_03060,Organic Search,Desktop,1,1,1,1,1,0,0.0,2024-02-01 21:00:00
3061,sess_03061,Paid Ad,Mobile,1,1,1,1,1,0,0.0,2024-02-01 21:15:00
3062,sess_03062,Referral,Tablet,1,1,1,1,1,0,0.0,2024-02-01 21:30:00
3063,sess_03063,Social Media,Desktop,1,1,1,1,1,0,0.0,2024-02-01 21:45:00
3064,sess_03064,Organic Search,Mobile,1,1,1,1,1,0,0.0,2024-02-01 22:00:00
3065,sess_03065,Paid Ad,Tablet,1,1,1,1,1,0,0.0,2024-02-01 22:15:00
3066,sess_03066,Referral,Desktop,1,1,1,1,1,0,0.0,2024-02-01 22:30:00
3067,sess_03067,Social Media,Mobile,1,1,1,1,1,0,0.0,2024-02-01 22:45:00
3068,sess_03068,Organic Search,Tablet,1,1,1,1,1,0,0.0,2024-02-01 23:00:00
3069,sess_03069,Paid Ad,Desktop,1,1,1,1,1,0,0.0,2024-02-01 23:15:00
3070,sess_03070,Referral,Mobile,1,1,1,1,1,0,0.0,2024-02-01 23:30:00
3071,sess_03071,Social Media,Tablet,1,1,1,1,1,0,0.0,2024-02-01 23:45:00
3072,sess_03072,Organic Search,Desktop,1,1,1,1,1,0,0.0,2024-02-02 00:00:00
3073,sess_03073,Paid Ad,Mobile,1,1,1,1,1,0,0.0,2024-02-02 00:15:00
3074,sess_03074,Referral,Tablet,1,1,1,1,1,0,0.0,2024-02-02 00:30:00
3075,sess_03075,Social Media,Desktop,1,1,1,1,1,0,0.0,2024-02-02 00:45:00
3076,sess_03076,Organic Search,Mobile,1,1,1,1,1,0,0.0,2024-02-02 01:00:00
3077,sess_03077,Paid Ad,Tablet,1,1,1,1,1,0,0.0,2024-02-02 01:15:00
3078,sess_03078,Referral,Desktop,1,1,1,1,1,0,0.0,2024-02-02 01:30:00
3079,sess_03079,Social Media,Mobile,1,1,1,1,1,0,0.0,2024-02-02 01:45:00
3080,sess_03080,Organic Search,Tablet,1,1,1,1,1,0,0.0,2024-02-02 02:00:00
3081,sess_03081,Paid Ad,Desktop,1,1,1,1,1,0,0.0,2024-02-02 02:15:00
3082,sess_03082,Referral,Mobile,1,1,1,1,1,0,0.0,2024-02-02 02:30:00
3083,sess_03083,Social Media,Tablet,1,1,1,1,1,0,0.0,2024-02-02 02:45:00
3084,sess_03084,Organic Search,Desktop,1,1,1,1,1,0,0.0,2024-02-02 03:00:00
3085,sess_03085,Paid Ad,Mobile,1,1,1,1,1,0,0.0,2024-02-02 03:15:00
3086,sess_03086,Referral,Tablet,1,1,1,1,1,0,0.0,2024-02-02 03:30:00
3087,sess_03087,Social Media,Desktop,1,1,1,1,1,0,0.0,2024-02-02 03:45:00
3088,sess_03088,Organic Search,Mobile,1,1,1,1,1,0,0.0,2024-02-02 04:00:00
3089,sess_03089,Paid Ad,Tablet,1,1,1,1,1,0,0.0,2024-02-02 04:15:00
3090,sess_03090,Referral,Desktop,1,1,1,1,1,0,0.0,2024-02-02 04:30:00
3091,sess_03091,Social Media,Mobile,1,1,1,1,1,0,0.0,2024-02-02 04:45:00
3092,sess_03092,Organic Search,Tablet,1,1,1,1,1,0,0.0,2024-02-02 05:00:00
3093,sess_03093,Paid Ad,Desktop,1,1,1,1,1,0,0.0,2024-02-02 05:15:00
3094,sess_03094,Referral,Mobile,1,1,1,1,1,0,0.0,2024-02-02 05:30:00
3095,sess_03095,Social Media,Tablet,1,1,1,1,1,0,0.0,2024-02-02 05:45:00
3096,sess_03096,Organic Search,Desktop,1,1,1,1,1,0,0.0,2024-02-02 06:00:00
3097,sess_03097,Paid Ad,Mobile,1,1,1,1,1,0,0.0,2024-02-02 06:15:00
3098,sess_03098,Referral,Tablet,1,1,1,1,1,0,0.0,2024-02-02 06:30:00
3099,sess_03099,Social Media,Desktop,1,1,1,1,1,0,0.0,2024-02-02 06:45:00
3100,sess_03100,Organic Search,Mobile,1,1,1,1,1,0,0.0,2024-02-02 07:00:00
3101,sess_03101,Paid Ad,Tablet,1,1,1,1,1,0,0.0,2024-02-02 07:15:00
3102,sess_03102,Referral,Desktop,1,1,1,1,1,0,0.0,2024-02-02 07:30:00
3103,sess_03103,Social Media,Mobile,1,1,1,1,1,0,0.0,2024-02-02 07:45:00
3104,sess_03104,Organic Search,Tablet,1,1,1,1,1,0,0.0,2024-02-02 08:00:00
3105,sess_03105,Paid Ad,Desktop,1,1,1,1,1,0,0.0,2024-02-02 08:15:00
3106,sess_03106,Referral,Mobile,1,1,1,1,1,0,0.0,2024-02-02 08:30:00
3107,sess_03107,Social Media,Tablet,1,1,1,1,1,0,0.0,2024-02-02 08:45:00
3108,sess_03108,Organic Search,Desktop,1,1,1,1,1,0,0.0,2024-02-02 09:00:00
3109,sess_03109,Paid Ad,Mobile,1,1,1,1,1,0,0.0,2024-02-02 09:15:00
3110,sess_03110,Referral,Tablet,1,1,1,1,1,0,0.0,2024-02-02 09:30:00
3111,sess_03111,Social Media,Desktop,1,1,1,1,1,0,0.0,2024-02-02 09:45:00
3112,sess_03112,Organic Search,Mobile,1,1,1,1,1,0,0.0,2024-02-02 10:00:00
3113,sess_03113,Paid Ad,Tablet,1,1,1,1,1,0,0.0,2024-02-02 10:15:00
3114,sess_03114,Referral,Desktop,1,1,1,1,1,0,0.0,2024-02-02 10:30:00
3115,sess_03115,Social Media,Mobile,1,1,1,1,1,0,0.0,2024-02-02 10:45:00
3116,sess_03116,Organic Search,Tablet,1,1,1,1,1,0,0.0,2024-02-02 11:00:00
3117,sess_03117,Paid Ad,Desktop,1,1,1,1,1,0,0.0,2024-02-02 11:15:00
3118,sess_03118,Referral,Mobile,1,1,1,1,1,0,0.0,2024-02-02 11:30:00
3119,sess_03119,Social Media,Tablet,1,1,1,1,1,0,0.0,2024-02-02 11:45:00
3120,sess_03120,Organic Search,Desktop,1,1,1,1,1,0,0.0,2024-02-02 12:00:00
3121,sess_03121,Paid Ad,Mobile,1,1,1,1,1,0,0.0,2024-02-02 12:15:00
3122,sess_03122,Referral,Tablet,1,1,1,1,1,0,0.0,2024-02-02 12:30:00
3123,sess_03123,Social Media,Desktop,1,1,1,1,1,0,0.0,2024-02-02 12:45:00
3124,sess_03124,Organic Search,Mobile,1,1,1,1,1,0,0.0,2024-02-02 13:00:00
3125,sess_03125,Paid Ad,Tablet,1,1,1,1,1,0,0.0,2024-02-02 13:15:00
3126,sess_03126,Referral,Desktop,1,1,1,1,1,0,0.0,2024-02-02 13:30:00
3127,sess_03127,Social Media,Mobile,1,1,1,1,1,0,0.0,2024-02-02 13:45:00
3128,sess_03128,Organic Search,Tablet,1,1,1,1,1,0,0.0,2024-02-02 14:00:00
3129,sess_03129,Paid Ad,Desktop,1,1,1,1,1,0,0.0,2024-02-02 14:15:00
3130,sess_03130,Referral,Mobile,1,1,1,1,1,0,0.0,2024-02-02 14:30:00
3131,sess_03131,Social Media,Tablet,1,1,1,1,1,0,0.0,2024-02-02 14:45:00
3132,sess_03132,Organic Search,Desktop,1,1,1,1,1,0,0.0,2024-02-02 15:00:00
3133,sess_03133,Paid Ad,Mobile,1,1,1,1,1,0,0.0,2024-02-02 15:15:00
3134,sess_03134,Referral,Tablet,1,1,1,1,1,0,0.0,2024-02-02 15:30:00
3135,sess_03135,Social Media,Desktop,1,1,1,1,1,0,0.0,2024-02-02 15:45:00
3136,sess_03136,Organic Search,Mobile,1,1,1,1,1,0,0.0,2024-02-02 16:00:00
3137,sess_03137,Paid Ad,Tablet,1,1,1,1,1,0,0.0,2024-02-02 16:15:00
3138,sess_03138,Referral,Desktop,1,1,1,1,1,0,0.0,2024-02-02 16:30:00
3139,sess_03139,Social Media,Mobile,1,1,1,1,1,0,0.0,2024-02-02 16:45:00
3140,sess_03140,Organic Search,Tablet,1,1,1,1,1,0,0.0,2024-02-02 17:00:00
3141,sess_03141,Paid Ad,Desktop,1,1,1,1,1,0,0.0,2024-02-02 17:15:00
3142,sess_03142,Referral,Mobile,1,1,1,1,1,0,0.0,2024-02-02 17:30:00
3143,sess_03143,Social Media,Tablet,1,1,1,1,1,0,0.0,2024-02-02 17:45:00
3144,sess_03144,Organic Search,Desktop,1,1,1,1,1,0,0.0,2024-02-02 18:00:00
3145,sess_03145,Paid Ad,Mobile,1,1,1,1,1,0,0.0,2024-02-02 18:15:00
3146,sess_03146,Referral,Tablet,1,1,1,1,1,0,0.0,2024-02-02 18:30:00
3147,sess_03147,Social Media,Desktop,1,1,1,1,1,0,0.0,2024-02-02 18:45:00
3148,sess_03148,Organic Search,Mobile,1,1,1,1,1,0,0.0,2024-02-02 19:00:00
3149,sess_03149,Paid Ad,Tablet,1,1,1,1,1,0,0.0,2024-02-02 19:15:00
3150,sess_03150,Referral,Desktop,1,1,1,1,1,0,0.0,2024-02-02 19:30:00
3151,sess_03151,Social Media,Mobile,1,1,1,1,1,0,0.0,2024-02-02 19:45:00
3152,sess_03152,Organic Search,Tablet,1,1,1,1,1,0,0.0,2024-02-02 20:00:00
3153,sess_03153,Paid Ad,Desktop,1,1,1,1,1,0,0.0,2024-02-02 20:15:00
3154,sess_03154,Referral,Mobile,1,1,1,1,1,0,0.0,2024-02-02 20:30:00
3155,sess_03155,Social Media,Tablet,1,1,1,1,1,0,0.0,2024-02-02 20:45:00
3156,sess_03156,Organic Search,Desktop,1,1,1,1,1,0,0.0,2024-02-02 21:00:00
3157,sess_03157,Paid Ad,Mobile,1,1,1,1,1,0,0.0,2024-02-02 21:15:00
3158,sess_03158,Referral,Tablet,1,1,1,1,1,0,0.0,2024-02-02 21:30:00
3159,sess_03159,Social Media,Desktop,1,1,1,1,1,0,0.0,2024-02-02 21:45:00
3160,sess_03160,Organic Search,Mobile,1,1,1,1,1,0,0.0,2024-02-02 22:00:00
3161,sess_03161,Paid Ad,Tablet,1,1,1,1,1,0,0.0,2024-02-02 22:15:00
3162,sess_03162,Referral,Desktop,1,1,1,1,1,0,0.0,2024-02-02 22:30:00
3163,sess_03163,Social Media,Mobile,1,1,1,1,1,0,0.0,2024-02-02 22:45:00
3164,sess_03164,Organic Search,Tablet,1,1,1,1,1,0,0.0,2024-02-02 23:00:00
3165,sess_03165,Paid Ad,Desktop,1,1,1,1,1,0,0.0,2024-02-02 23:15:00
3166,sess_03166,Referral,Mobile,1,1,1,1,1,0,0.0,2024-02-02 23:30:00
3167,sess_03167,Social Media,Tablet,1,1,1,1,1,0,0.0,2024-02-02 23:45:00
3168,sess_03168,Organic Search,Desktop,1,1,1,1,1,0,0.0,2024-02-03 00:00:00
3169,sess_03169,Paid Ad,Mobile,1,1,1,1,1,0,0.0,2024-02-03 00:15:00
3170,sess_03170,Referral,Tablet,1,1,1,1,1,0,0.0,2024-02-03 00:30:00
3171,sess_03171,Social Media,Desktop,1,1,1,1,1,0,0.0,2024-02-03 00:45:00
3172,sess_03172,Organic Search,Mobile,1,1,1,1,1,0,0.0,2024-02-03 01:00:00
3173,sess_03173,Paid Ad,Tablet,1,1,1,1,1,0,0.0,2024-02-03 01:15:00
3174,sess_03174,Referral,Desktop,1,1,1,1,1,0,0.0,2024-02-03 01:30:00
3175,sess_03175,Social Media,Mobile,1,1,1,1,1,0,0.0,2024-02-03 01:45:00
3176,sess_03176,Organic Search,Tablet,1,1,1,1,1,0,0.0,2024-02-03 02:00:00
3177,sess_03177,Paid Ad,Desktop,1,1,1,1,1,0,0.0,2024-02-03 02:15:00
3178,sess_03178,Referral,Mobile,1,1,1,1,1,0,0.0,2024-02-03 02:30:00
3179,sess_03179,Social Media,Tablet,1,1,1,1,1,0,0.0,2024-02-03 02:45:00
3180,sess_03180,Organic Search,Desktop,1,1,1,1,1,0,0.0,2024-02-03 03:00:00
3181,sess_03181,Paid Ad,Mobile,1,1,1,1,1,0,0.0,2024-02-03 03:15:00
3182,sess_03182,Referral,Tablet,1,1,1,1,1,0,0.0,2024-02-03 03:30:00
3183,sess_03183,Social Media,Desktop,1,1,1,1,1,0,0.0,2024-02-03 03:45:00
3184,sess_03184,Organic Search,Mobile,1,1,1,1,1,0,0.0,2024-02-03 04:00:00
3185,sess_03185,Paid Ad,Tablet,1,1,1,1,1,0,0.0,2024-02-03 04:15:00
3186,sess_03186,Referral,Desktop,1,1,1,1,1,0,0.0,2024-02-03 04:30:00
3187,sess_03187,Social Media,Mobile,1,1,1,1,1,0,0.0,2024-02-03 04:45:00
3188,sess_03188,Organic Search,Tablet,1,1,1,1,1,0,0.0,2024-02-03 05:00:00
3189,sess_03189,Paid Ad,Desktop,1,1,1,1,1,0,0.0,2024-02-03 05:15:00
3190,sess_03190,Referral,Mobile,1,1,1,1,1,0,0.0,2024-02-03 05:30:00
3191,sess_03191,Social Media,Tablet,1,1,1,1,1,0,0.0,2024-02-03 05:45:00
3192,sess_03192,Organic Search,Desktop,1,1,1,1,1,0,0.0,2024-02-03 06:00:00
3193,sess_03193,Paid Ad,Mobile,1,1,1,1,1,0,0.0,2024-02-03 06:15:00
3194,sess_03194,Referral,Tablet,1,1,1,1,1,0,0.0,2024-02-03 06:30:00
3195,sess_03195,Social Media,Desktop,1,1,1,1,1,0,0.0,2024-02-03 06:45:00
3196,sess_03196,Organic Search,Mobile,1,1,1,1,1,0,0.0,2024-02-03 07:00:00
3197,sess_03197,Paid Ad,Tablet,1,1,1,1,1,0,0.0,2024-02-03 07:15:00
3198,sess_03198,Referral,Desktop,1,1,1,1,1,0,0.0,2024-02-03 07:30:00
3199,sess_03199,Social Media,Mobile,1,1,1,1,1,0,0.0,2024-02-03 07:45:00
3200,sess_03200,Organic Search,Tablet,1,1,1,1,1,0,0.0,2024-02-03 08:00:00
3201,sess_03201,Paid Ad,Desktop,1,1,1,1,1,0,0.0,2024-02-03 08:15:00
3202,sess_03202,Referral,Mobile,1,1,1,1,1,0,0.0,2024-02-03 08:30:00
3203,sess_03203,Social Media,Tablet,1,1,1,1,1,0,0.0,2024-02-03 08:45:00
3204,sess_03204,Organic Search,Desktop,1,1,1,1,1,0,0.0,2024-02-03 09:00:00
3205,sess_03205,Paid Ad,Mobile,1,1,1,1,1,0,0.0,2024-02-03 09:15:00
3206,sess_03206,Referral,Tablet,1,1,1,1,1,0,0.0,2024-02-03 09:30:00
3207,sess_03207,Social Media,Desktop,1,1,1,1,1,0,0.0,2024-02-03 09:45:00
3208,sess_03208,Organic Search,Mobile,1,1,1,1,1,0,0.0,2024-02-03 10:00:00
3209,sess_03209,Paid Ad,Tablet,1,1,1,1,1,0,0.0,2024-02-03 10:15:00
3210,sess_03210,Referral,Desktop,1,1,1,1,1,0,0.0,2024-02-03 10:30:00
3211,sess_03211,Social Media,Mobile,1,1,1,1,1,0,0.0,2024-02-03 10:45:00
3212,sess_03212,Organic Search,Tablet,1,1,1,1,1,0,0.0,2024-02-03 11:00:00
3213,sess_03213,Paid Ad,Desktop,1,1,1,1,1,0,0.0,2024-02-03 11:15:00
3214,sess_03214,Referral,Mobile,1,1,1,1,1,0,0.0,2024-02-03 11:30:00
3215,sess_03215,Social Media,Tablet,1,1,1,1,1,0,0.0,2024-02-03 11:45:00
3216,sess_03216,Organic Search,Desktop,1,1,1,1,1,0,0.0,2024-02-03 12:00:00
3217,sess_03217,Paid Ad,Mobile,1,1,1,1,1,0,0.0,2024-02-03 12:15:00
3218,sess_03218,Referral,Tablet,1,1,1,1,1,0,0.0,2024-02-03 12:30:00
3219,sess_03219,Social Media,Desktop,1,1,1,1,1,0,0.0,2024-02-03 12:45:00
3220,sess_03220,Organic Search,Mobile,1,1,1,1,1,0,0.0,2024-02-03 13:00:00
3221,sess_03221,Paid Ad,Tablet,1,1,1,1,1,0,0.0,2024-02-03 13:15:00
3222,sess_03222,Referral,Desktop,1,1,1,1,1,0,0.0,2024-02-03 13:30:00
3223,sess_03223,Social Media,Mobile,1,1,1,1,1,0,0.0,2024-02-03 13:45:00
3224,sess_03224,Organic Search,Tablet,1,1,1,1,1,0,0.0,2024-02-03 14:00:00
3225,sess_03225,Paid Ad,Desktop,1,1,1,1,1,0,0.0,2024-02-03 14:15:00
3226,sess_03226,Referral,Mobile,1,1,1,1,1,0,0.0,2024-02-03 14:30:00
3227,sess_03227,Social Media,Tablet,1,1,1,1,1,0,0.0,2024-02-03 14:45:00
3228,sess_03228,Organic Search,Desktop,1,1,1,1,1,0,0.0,2024-02-03 15:00:00
3229,sess_03229,Paid Ad,Mobile,1,1,1,1,1,0,0.0,2024-02-03 15:15:00
3230,sess_03230,Referral,Tablet,1,1,1,1,1,0,0.0,2024-02-03 15:30:00
3231,sess_03231,Social Media,Desktop,1,1,1,1,1,0,0.0,2024-02-03 15:45:00
3232,sess_03232,Organic Search,Mobile,1,1,1,1,1,0,0.0,2024-02-03 16:00:00
3233,sess_03233,Paid Ad,Tablet,1,1,1,1,1,0,0.0,2024-02-03 16:15:00
3234,sess_03234,Referral,Desktop,1,1,1,1,1,0,0.0,2024-02-03 16:30:00
3235,sess_03235,Social Media,Mobile,1,1,1,1,1,0,0.0,2024-02-03 16:45:00
3236,sess_03236,Organic Search,Tablet,1,1,1,1,1,0,0.0,2024-02-03 17:00:00
3237,sess_03237,Paid Ad,Desktop,1,1,1,1,1,0,0.0,2024-02-03 17:15:00
3238,sess_03238,Referral,Mobile,1,1,1,1,1,0,0.0,2024-02-03 17:30:00
3239,sess_03239,Social Media,Tablet,1,1,1,1,1,0,0.0,2024-02-03 17:45:00
3240,sess_03240,Organic Search,Desktop,1,1,1,1,1,0,0.0,2024-02-03 18:00:00
3241,sess_03241,Paid Ad,Mobile,1,1,1,1,1,0,0.0,2024-02-03 18:15:00
3242,sess_03242,Referral,Tablet,1,1,1,1,1,0,0.0,2024-02-03 18:30:00
3243,sess_03243,Social Media,Desktop,1,1,1,1,1,0,0.0,2024-02-03 18:45:00
3244,sess_03244,Organic Search,Mobile,1,1,1,1,1,0,0.0,2024-02-03 19:00:00
3245,sess_03245,Paid Ad,Tablet,1,1,1,1,1,0,0.0,2024-02-03 19:15:00
3246,sess_03246,Referral,Desktop,1,1,1,1,1,0,0.0,2024-02-03 19:30:00
3247,sess_03247,Social Media,Mobile,1,1,1,1,1,0,0.0,2024-02-03 19:45:00
3248,sess_03248,Organic Search,Tablet,1,1,1,1,1,0,0.0,2024-02-03 20:00:00
3249,sess_03249,Paid Ad,Desktop,1,1,1,1,1,0,0.0,2024-02-03 20:15:00
3250,sess_03250,Referral,Mobile,1,1,1,1,1,0,0.0,2024-02-03 20:30:00
3251,sess_03251,Social Media,Tablet,1,1,1,1,1,0,0.0,2024-02-03 20:45:00
3252,sess_03252,Organic Search,Desktop,1,1,1,1,1,0,0.0,2024-02-03 21:00:00
3253,sess_03253,Paid Ad,Mobile,1,1,1,1,1,0,0.0,2024-02-03 21:15:00
3254,sess_03254,Referral,Tablet,1,1,1,1,1,0,0.0,2024-02-03 21:30:00
3255,sess_03255,Social Media,Desktop,1,1,1,1,1,0,0.0,2024-02-03 21:45:00
3256,sess_03256,Organic Search,Mobile,1,1,1,1,1,0,0.0,2024-02-03 22:00:00
3257,sess_03257,Paid Ad,Tablet,1,1,1,1,1,0,0.0,2024-02-03 22:15:00
3258,sess_03258,Referral,Desktop,1,1,1,1,1,0,0.0,2024-02-03 22:30:00
3259,sess_03259,Social Media,Mobile,1,1,1,1,1,0,0.0,2024-02-03 22:45:00
3260,sess_03260,Organic Search,Tablet,1,1,1,1,1,0,0.0,2024-02-03 23:00:00
3261,sess_03261,Paid Ad,Desktop,1,1,1,1,1,0,0.0,2024-02-03 23:15:00
3262,sess_03262,Referral,Mobile,1,1,1,1,1,0,0.0,2024-02-03 23:30:00
3263,sess_03263,Social Media,Tablet,1,1,1,1,1,0,0.0,2024-02-03 23:45:00
3264,sess_03264,Organic Search,Desktop,1,1,1,1,1,0,0.0,2024-02-04 00:00:00
3265,sess_03265,Paid Ad,Mobile,1,1,1,1,1,0,0.0,2024-02-04 00:15:00
3266,sess_03266,Referral,Tablet,1,1,1,1,1,0,0.0,2024-02-04 00:30:00
3267,sess_03267,Social Media,Desktop,1,1,1,1,1,0,0.0,2024-02-04 00:45:00
3268,sess_03268,Organic Search,Mobile,1,1,1,1,1,0,0.0,2024-02-04 01:00:00
3269,sess_03269,Paid Ad,Tablet,1,1,1,1,1,0,0.0,2024-02-04 01:15:00
3270,sess_03270,Referral,Desktop,1,1,1,1,1,0,0.0,2024-02-04 01:30:00
3271,sess_03271,Social Media,Mobile,1,1,1,1,1,0,0.0,2024-02-04 01:45:00
3272,sess_03272,Organic Search,Tablet,1,1,1,1,1,0,0.0,2024-02-04 02:00:00
3273,sess_03273,Paid Ad,Desktop,1,1,1,1,1,0,0.0,2024-02-04 02:15:00
3274,sess_03274,Referral,Mobile,1,1,1,1,1,0,0.0,2024-02-04 02:30:00
3275,sess_03275,Social Media,Tablet,1,1,1,1,1,0,0.0,2024-02-04 02:45:00
3276,sess_03276,Organic Search,Desktop,1,1,1,1,1,0,0.0,2024-02-04 03:00:00
3277,sess_03277,Paid Ad,Mobile,1,1,1,1,1,0,0.0,2024-02-04 03:15:00
3278,sess_03278,Referral,Tablet,1,1,1,1,1,0,0.0,2024-02-04 03:30:00
3279,sess_03279,Social Media,Desktop,1,1,1,1,1,0,0.0,2024-02-04 03:45:00
3280,sess_03280,Organic Search,Mobile,1,1,1,1,1,0,0.0,2024-02-04 04:00:00
3281,sess_03281,Paid Ad,Tablet,1,1,1,1,1,0,0.0,2024-02-04 04:15:00
3282,sess_03282,Referral,Desktop,1,1,1,1,1,0,0.0,2024-02-04 04:30:00
3283,sess_03283,Social Media,Mobile,1,1,1,1,1,0,0.0,2024-02-04 04:45:00
3284,sess_03284,Organic Search,Tablet,1,1,1,1,1,0,0.0,2024-02-04 05:00:00
3285,sess_03285,Paid Ad,Desktop,1,1,1,1,1,0,0.0,2024-02-04 05:15:00
3286,sess_03286,Referral,Mobile,1,1,1,1,1,0,0.0,2024-02-04 05:30:00
3287,sess_03287,Social Media,Tablet,1,1,1,1,1,0,0.0,2024-02-04 05:45:00
3288,sess_03288,Organic Search,Desktop,1,1,1,1,1,0,0.0,2024-02-04 06:00:00
3289,sess_03289,Paid Ad,Mobile,1,1,1,1,1,0,0.0,2024-02-04 06:15:00
3290,sess_03290,Referral,Tablet,1,1,1,1,1,0,0.0,2024-02-04 06:30:00
3291,sess_03291,Social Media,Desktop,1,1,1,1,1,0,0.0,2024-02-04 06:45:00
3292,sess_03292,Organic Search,Mobile,1,1,1,1,1,0,0.0,2024-02-04 07:00:00
3293,sess_03293,Paid Ad,Tablet,1,1,1,1,1,0,0.0,2024-02-04 07:15:00
3294,sess_03294,Referral,Desktop,1,1,1,1,1,0,0.0,2024-02-04 07:30:00
3295,sess_03295,Social Media,Mobile,1,1,1,1,1,0,0.0,2024-02-04 07:45:00
3296,sess_03296,Organic Search,Tablet,1,1,1,1,1,0,0.0,2024-02-04 08:00:00
3297,sess_03297,Paid Ad,Desktop,1,1,1,1,1,0,0.0,2024-02-04 08:15:00
3298,sess_03298,Referral,Mobile,1,1,1,1,1,0,0.0,2024-02-04 08:30:00
3299,sess_03299,Social Media,Tablet,1,1,1,1,1,0,0.0,2024-02-04 08:45:00
3300,sess_03300,Organic Search,Desktop,1,1,1,1,1,0,0.0,2024-02-04 09:00:00
3301,sess_03301,Paid Ad,Mobile,1,1,1,1,1,0,0.0,2024-02-04 09:15:00
3302,sess_03302,Referral,Tablet,1,1,1,1,1,0,0.0,2024-02-04 09:30:00
3303,sess_03303,Social Media,Desktop,1,1,1,1,1,0,0.0,2024-02-04 09:45:00
3304,sess_03304,Organic Search,Mobile,1,1,1,1,1,0,0.0,2024-02-04 10:00:00
3305,sess_03305,Paid Ad,Tablet,1,1,1,1,1,0,0.0,2024-02-04 10:15:00
3306,sess_03306,Referral,Desktop,1,1,1,1,1,0,0.0,2024-02-04 10:30:00
3307,sess_03307,Social Media,Mobile,1,1,1,1,1,0,0.0,2024-02-04 10:45:00
3308,sess_03308,Organic Search,Tablet,1,1,1,1,1,0,0.0,2024-02-04 11:00:00
3309,sess_03309,Paid Ad,Desktop,1,1,1,1,1,0,0.0,2024-02-04 11:15:00
3310,sess_03310,Referral,Mobile,1,1,1,1,1,0,0.0,2024-02-04 11:30:00
3311,sess_03311,Social Media,Tablet,1,1,1,1,1,0,0.0,2024-02-04 11:45:00
3312,sess_03312,Organic Search,Desktop,1,1,1,1,1,0,0.0,2024-02-04 12:00:00
3313,sess_03313,Paid Ad,Mobile,1,1,1,1,1,0,0.0,2024-02-04 12:15:00
3314,sess_03314,Referral,Tablet,1,1,1,1,1,0,0.0,2024-02-04 12:30:00
3315,sess_03315,Social Media,Desktop,1,1,1,1,1,0,0.0,2024-02-04 12:45:00
3316,sess_03316,Organic Search,Mobile,1,1,1,1,1,0,0.0,2024-02-04 13:00:00
3317,sess_03317,Paid Ad,Tablet,1,1,1,1,1,0,0.0,2024-02-04 13:15:00
3318,sess_03318,Referral,Desktop,1,1,1,1,1,0,0.0,2024-02-04 13:30:00
3319,sess_03319,Social Media,Mobile,1,1,1,1,1,0,0.0,2024-02-04 13:45:00
3320,sess_03320,Organic Search,Tablet,1,1,1,1,1,0,0.0,2024-02-04 14:00:00
3321,sess_03321,Paid Ad,Desktop,1,1,1,1,1,0,0.0,2024-02-04 14:15:00
3322,sess_03322,Referral,Mobile,1,1,1,1,1,0,0.0,2024-02-04 14:30:00
3323,sess_03323,Social Media,Tablet,1,1,1,1,1,0,0.0,2024-02-04 14:45:00
3324,sess_03324,Organic Search,Desktop,1,1,1,1,1,0,0.0,2024-02-04 15:00:00
3325,sess_03325,Paid Ad,Mobile,1,1,1,1,1,0,0.0,2024-02-04 15:15:00
3326,sess_03326,Referral,Tablet,1,1,1,1,1,0,0.0,2024-02-04 15:30:00
3327,sess_03327,Social Media,Desktop,1,1,1,1,1,0,0.0,2024-02-04 15:45:00
3328,sess_03328,Organic Search,Mobile,1,1,1,1,1,0,0.0,2024-02-04 16:00:00
3329,sess_03329,Paid Ad,Tablet,1,1,1,1,1,0,0.0,2024-02-04 16:15:00
3330,sess_03330,Referral,Desktop,1,1,1,1,1,0,0.0,2024-02-04 16:30:00
3331,sess_03331,Social Media,Mobile,1,1,1,1,1,0,0.0,2024-02-04 16:45:00
3332,sess_03332,Organic Search,Tablet,1,1,1,1,1,0,0.0,2024-02-04 17:00:00
3333,sess_03333,Paid Ad,Desktop,1,1,1,1,1,0,0.0,2024-02-04 17:15:00
3334,sess_03334,Referral,Mobile,1,1,1,1,1,0,0.0,2024-02-04 17:30:00
3335,sess_03335,Social Media,Tablet,1,1,1,1,1,0,0.0,2024-02-04 17:45:00
3336,sess_03336,Organic Search,Desktop,1,1,1,1,1,0,0.0,2024-02-04 18:00:00
3337,sess_03337,Paid Ad,Mobile,1,1,1,1,1,0,0.0,2024-02-04 18:15:00
3338,sess_03338,Referral,Tablet,1,1,1,1,1,0,0.0,2024-02-04 18:30:00
3339,sess_03339,Social Media,Desktop,1,1,1,1,1,0,0.0,2024-02-04 18:45:00
3340,sess_03340,Organic Search,Mobile,1,1,1,1,1,0,0.0,2024-02-04 19:00:00
3341,sess_03341,Paid Ad,Tablet,1,1,1,1,1,0,0.0,2024-02-04 19:15:00
3342,sess_03342,Referral,Desktop,1,1,1,1,1,0,0.0,2024-02-04 19:30:00
3343,sess_03343,Social Media,Mobile,1,1,1,1,1,0,0.0,2024-02-04 19:45:00
3344,sess_03344,Organic Search,Tablet,1,1,1,1,1,0,0.0,2024-02-04 20:00:00
3345,sess_03345,Paid Ad,Desktop,1,1,1,1,1,0,0.0,2024-02-04 20:15:00
3346,sess_03346,Referral,Mobile,1,1,1,1,1,0,0.0,2024-02-04 20:30:00
3347,sess_03347,Social Media,Tablet,1,1,1,1,1,0,0.0,2024-02-04 20:45:00
3348,sess_03348,Organic Search,Desktop,1,1,1,1,1,0,0.0,2024-02-04 21:00:00
3349,sess_03349,Paid Ad,Mobile,1,1,1,1,1,0,0.0,2024-02-04 21:15:00
3350,sess_03350,Referral,Tablet,1,1,1,1,1,0,0.0,2024-02-04 21:30:00
3351,sess_03351,Social Media,Desktop,1,1,1,1,1,0,0.0,2024-02-04 21:45:00
3352,sess_03352,Organic Search,Mobile,1,1,1,1,1,0,0.0,2024-02-04 22:00:00
3353,sess_03353,Paid Ad,Tablet,1,1,1,1,1,0,0.0,2024-02-04 22:15:00
3354,sess_03354,Referral,Desktop,1,1,1,1,1,0,0.0,2024-02-04 22:30:00
3355,sess_03355,Social Media,Mobile,1,1,1,1,1,0,0.0,2024-02-04 22:45:00
3356,sess_03356,Organic Search,Tablet,1,1,1,1,1,0,0.0,2024-02-04 23:00:00
3357,sess_03357,Paid Ad,Desktop,1,1,1,1,1,0,0.0,2024-02-04 23:15:00
3358,sess_03358,Referral,Mobile,1,1,1,1,1,0,0.0,2024-02-04 23:30:00
3359,sess_03359,Social Media,Tablet,1,1,1,1,1,0,0.0,2024-02-04 23:45:00
3360,sess_03360,Organic Search,Desktop,1,1,1,1,1,0,0.0,2024-02-05 00:00:00
3361,sess_03361,Paid Ad,Mobile,1,1,1,1,1,0,0.0,2024-02-05 00:15:00
3362,sess_03362,Referral,Tablet,1,1,1,1,1,0,0.0,2024-02-05 00:30:00
3363,sess_03363,Social Media,Desktop,1,1,1,1,1,0,0.0,2024-02-05 00:45:00
3364,sess_03364,Organic Search,Mobile,1,1,1,1,1,0,0.0,2024-02-05 01:00:00
3365,sess_03365,Paid Ad,Tablet,1,1,1,1,1,0,0.0,2024-02-05 01:15:00
3366,sess_03366,Referral,Desktop,1,1,1,1,1,0,0.0,2024-02-05 01:30:00
3367,sess_03367,Social Media,Mobile,1,1,1,1,1,0,0.0,2024-02-05 01:45:00
3368,sess_03368,Organic Search,Tablet,1,1,1,1,1,0,0.0,2024-02-05 02:00:00
3369,sess_03369,Paid Ad,Desktop,1,1,1,1,1,0,0.0,2024-02-05 02:15:00
3370,sess_03370,Referral,Mobile,1,1,1,1,1,0,0.0,2024-02-05 02:30:00
3371,sess_03371,Social Media,Tablet,1,1,1,1,1,0,0.0,2024-02-05 02:45:00
3372,sess_03372,Organic Search,Desktop,1,1,1,1,1,0,0.0,2024-02-05 03:00:00
3373,sess_03373,Paid Ad,Mobile,1,1,1,1,1,0,0.0,2024-02-05 03:15:00
3374,sess_03374,Referral,Tablet,1,1,1,1,1,0,0.0,2024-02-05 03:30:00
3375,sess_03375,Social Media,Desktop,1,1,1,1,1,0,0.0,2024-02-05 03:45:00
3376,sess_03376,Organic Search,Mobile,1,1,1,1,1,0,0.0,2024-02-05 04:00:00
3377,sess_03377,Paid Ad,Tablet,1,1,1,1,1,0,0.0,2024-02-05 04:15:00
3378,sess_03378,Referral,Desktop,1,1,1,1,1,0,0.0,2024-02-05 04:30:00
3379,sess_03379,Social Media,Mobile,1,1,1,1,1,0,0.0,2024-02-05 04:45:00
3380,sess_03380,Organic Search,Tablet,1,1,1,1,1,0,0.0,2024-02-05 05:00:00
3381,sess_03381,Paid Ad,Desktop,1,1,1,1,1,0,0.0,2024-02-05 05:15:00
3382,sess_03382,Referral,Mobile,1,1,1,1,1,0,0.0,2024-02-05 05:30:00
3383,sess_03383,Social Media,Tablet,1,1,1,1,1,0,0.0,2024-02-05 05:45:00
3384,sess_03384,Organic Search,Desktop,1,1,1,1,1,0,0.0,2024-02-05 06:00:00
3385,sess_03385,Paid Ad,Mobile,1,1,1,1,1,0,0.0,2024-02-05 06:15:00
3386,sess_03386,Referral,Tablet,1,1,1,1,1,0,0.0,2024-02-05 06:30:00
3387,sess_03387,Social Media,Desktop,1,1,1,1,1,0,0.0,2024-02-05 06:45:00
3388,sess_03388,Organic Search,Mobile,1,1,1,1,1,0,0.0,2024-02-05 07:00:00
3389,sess_03389,Paid Ad,Tablet,1,1,1,1,1,0,0.0,2024-02-05 07:15:00
3390,sess_03390,Referral,Desktop,1,1,1,1,1,0,0.0,2024-02-05 07:30:00
3391,sess_03391,Social Media,Mobile,1,1,1,1,1,0,0.0,2024-02-05 07:45:00
3392,sess_03392,Organic Search,Tablet,1,1,1,1,1,0,0.0,2024-02-05 08:00:00
3393,sess_03393,Paid Ad,Desktop,1,1,1,1,1,0,0.0,2024-02-05 08:15:00
3394,sess_03394,Referral,Mobile,1,1,1,1,1,0,0.0,2024-02-05 08:30:00
3395,sess_03395,Social Media,Tablet,1,1,1,1,1,0,0.0,2024-02-05 08:45:00
3396,sess_03396,Organic Search,Desktop,1,1,1,1,1,0,0.0,2024-02-05 09:00:00
3397,sess_03397,Paid Ad,Mobile,1,1,1,1,1,0,0.0,2024-02-05 09:15:00
3398,sess_03398,Referral,Tablet,1,1,1,1,1,0,0.0,2024-02-05 09:30:00
3399,sess_03399,Social Media,Desktop,1,1,1,1,1,0,0.0,2024-02-05 09:45:00
3400,sess_03400,Organic Search,Mobile,1,1,1,1,1,0,0.0,2024-02-05 10:00:00
3401,sess_03401,Paid Ad,Tablet,1,1,1,1,1,0,0.0,2024-02-05 10:15:00
3402,sess_03402,Referral,Desktop,1,1,1,1,1,0,0.0,2024-02-05 10:30:00
3403,sess_03403,Social Media,Mobile,1,1,1,1,1,0,0.0,2024-02-05 10:45:00
3404,sess_03404,Organic Search,Tablet,1,1,1,1,1,0,0.0,2024-02-05 11:00:00
3405,sess_03405,Paid Ad,Desktop,1,1,1,1,1,0,0.0,2024-02-05 11:15:00
3406,sess_03406,Referral,Mobile,1,1,1,1,1,0,0.0,2024-02-05 11:30:00
3407,sess_03407,Social Media,Tablet,1,1,1,1,1,0,0.0,2024-02-05 11:45:00
3408,sess_03408,Organic Search,Desktop,1,1,1,1,1,0,0.0,2024-02-05 12:00:00
3409,sess_03409,Paid Ad,Mobile,1,1,1,1,1,0,0.0,2024-02-05 12:15:00
3410,sess_03410,Referral,Tablet,1,1,1,1,1,0,0.0,2024-02-05 12:30:00
3411,sess_03411,Social Media,Desktop,1,1,1,1,1,0,0.0,2024-02-05 12:45:00
3412,sess_03412,Organic Search,Mobile,1,1,1,1,1,0,0.0,2024-02-05 13:00:00
3413,sess_03413,Paid Ad,Tablet,1,1,1,1,1,0,0.0,2024-02-05 13:15:00
3414,sess_03414,Referral,Desktop,1,1,1,1,1,0,0.0,2024-02-05 13:30:00
3415,sess_03415,Social Media,Mobile,1,1,1,1,1,0,0.0,2024-02-05 13:45:00
3416,sess_03416,Organic Search,Tablet,1,1,1,1,1,0,0.0,2024-02-05 14:00:00
3417,sess_03417,Paid Ad,Desktop,1,1,1,1,1,0,0.0,2024-02-05 14:15:00
3418,sess_03418,Referral,Mobile,1,1,1,1,1,0,0.0,2024-02-05 14:30:00
3419,sess_03419,Social Media,Tablet,1,1,1,1,1,0,0.0,2024-02-05 14:45:00
3420,sess_03420,Organic Search,Desktop,1,1,1,1,1,0,0.0,2024-02-05 15:00:00
3421,sess_03421,Paid Ad,Mobile,1,1,1,1,1,0,0.0,2024-02-05 15:15:00
3422,sess_03422,Referral,Tablet,1,1,1,1,1,0,0.0,2024-02-05 15:30:00
3423,sess_03423,Social Media,Desktop,1,1,1,1,1,0,0.0,2024-02-05 15:45:00
3424,sess_03424,Organic Search,Mobile,1,1,1,1,1,0,0.0,2024-02-05 16:00:00
3425,sess_03425,Paid Ad,Tablet,1,1,1,1,1,0,0.0,2024-02-05 16:15:00
3426,sess_03426,Referral,Desktop,1,1,1,1,1,0,0.0,2024-02-05 16:30:00
3427,sess_03427,Social Media,Mobile,1,1,1,1,1,0,0.0,2024-02-05 16:45:00
3428,sess_03428,Organic Search,Tablet,1,1,1,1,1,0,0.0,2024-02-05 17:00:00
3429,sess_03429,Paid Ad,Desktop,1,1,1,1,1,0,0.0,2024-02-05 17:15:00
3430,sess_03430,Referral,Mobile,1,1,1,1,1,0,0.0,2024-02-05 17:30:00
3431,sess_03431,Social Media,Tablet,1,1,1,1,1,0,0.0,2024-02-05 17:45:00
3432,sess_03432,Organic Search,Desktop,1,1,1,1,1,0,0.0,2024-02-05 18:00:00
3433,sess_03433,Paid Ad,Mobile,1,1,1,1,1,0,0.0,2024-02-05 18:15:00
3434,sess_03434,Referral,Tablet,1,1,1,1,1,0,0.0,2024-02-05 18:30:00
3435,sess_03435,Social Media,Desktop,1,1,1,1,1,0,0.0,2024-02-05 18:45:00
3436,sess_03436,Organic Search,Mobile,1,1,1,1,1,0,0.0,2024-02-05 19:00:00
3437,sess_03437,Paid Ad,Tablet,1,1,1,1,1,0,0.0,2024-02-05 19:15:00
3438,sess_03438,Referral,Desktop,1,1,1,1,1,0,0.0,2024-02-05 19:30:00
3439,sess_03439,Social Media,Mobile,1,1,1,1,1,0,0.0,2024-02-05 19:45:00
3440,sess_03440,Organic Search,Tablet,1,1,1,1,1,0,0.0,2024-02-05 20:00:00
3441,sess_03441,Paid Ad,Desktop,1,1,1,1,1,0,0.0,2024-02-05 20:15:00
3442,sess_03442,Referral,Mobile,1,1,1,1,1,0,0.0,2024-02-05 20:30:00
3443,sess_03443,Social Media,Tablet,1,1,1,1,1,0,0.0,2024-02-05 20:45:00
3444,sess_03444,Organic Search,Desktop,1,1,1,1,1,0,0.0,2024-02-05 21:00:00
3445,sess_03445,Paid Ad,Mobile,1,1,1,1,1,0,0.0,2024-02-05 21:15:00
3446,sess_03446,Referral,Tablet,1,1,1,1,1,0,0.0,2024-02-05 21:30:00
3447,sess_03447,Social Media,Desktop,1,1,1,1,1,0,0.0,2024-02-05 21:45:00
3448,sess_03448,Organic Search,Mobile,1,1,1,1,1,0,0.0,2024-02-05 22:00:00
3449,sess_03449,Paid Ad,Tablet,1,1,1,1,1,0,0.0,2024-02-05 22:15:00
3450,sess_03450,Referral,Desktop,1,1,1,1,1,0,0.0,2024-02-05 22:30:00
3451,sess_03451,Social Media,Mobile,1,1,1,1,1,0,0.0,2024-02-05 22:45:00
3452,sess_03452,Organic Search,Tablet,1,1,1,1,1,0,0.0,2024-02-05 23:00:00
3453,sess_03453,Paid Ad,Desktop,1,1,1,1,1,0,0.0,2024-02-05 23:15:00
3454,sess_03454,Referral,Mobile,1,1,1,1,1,0,0.0,2024-02-05 23:30:00
3455,sess_03455,Social Media,Tablet,1,1,1,1,1,0,0.0,2024-02-05 23:45:00
3456,sess_03456,Organic Search,Desktop,1,1,1,1,1,0,0.0,2024-02-06 00:00:00
3457,sess_03457,Paid Ad,Mobile,1,1,1,1,1,0,0.0,2024-02-06 00:15:00
3458,sess_03458,Referral,Tablet,1,1,1,1,1,0,0.0,2024-02-06 00:30:00
3459,sess_03459,Social Media,Desktop,1,1,1,1,1,0,0.0,2024-02-06 00:45:00
3460,sess_03460,Organic Search,Mobile,1,1,1,1,1,0,0.0,2024-02-06 01:00:00
3461,sess_03461,Paid Ad,Tablet,1,1,1,1,1,0,0.0,2024-02-06 01:15:00
3462,sess_03462,Referral,Desktop,1,1,1,1,1,0,0.0,2024-02-06 01:30:00
3463,sess_03463,Social Media,Mobile,1,1,1,1,1,0,0.0,2024-02-06 01:45:00
3464,sess_03464,Organic Search,Tablet,1,1,1,1,1,0,0.0,2024-02-06 02:00:00
3465,sess_03465,Paid Ad,Desktop,1,1,1,1,1,0,0.0,2024-02-06 02:15:00
3466,sess_03466,Referral,Mobile,1,1,1,1,1,0,0.0,2024-02-06 02:30:00
3467,sess_03467,Social Media,Tablet,1,1,1,1,1,0,0.0,2024-02-06 02:45:00
3468,sess_03468,Organic Search,Desktop,1,1,1,1,1,0,0.0,2024-02-06 03:00:00
3469,sess_03469,Paid Ad,Mobile,1,1,1,1,1,0,0.0,2024-02-06 03:15:00
3470,sess_03470,Referral,Tablet,1,1,1,1,1,0,0.0,2024-02-06 03:30:00
3471,sess_03471,Social Media,Desktop,1,1,1,1,1,0,0.0,2024-02-06 03:45:00
3472,sess_03472,Organic Search,Mobile,1,1,1,1,1,0,0.0,2024-02-06 04:00:00
3473,sess_03473,Paid Ad,Tablet,1,1,1,1,1,0,0.0,2024-02-06 04:15:00
3474,sess_03474,Referral,Desktop,1,1,1,1,1,0,0.0,2024-02-06 04:30:00
3475,sess_03475,Social Media,Mobile,1,1,1,1,1,0,0.0,2024-02-06 04:45:00
3476,sess_03476,Organic Search,Tablet,1,1,1,1,1,0,0.0,2024-02-06 05:00:00
3477,sess_03477,Paid Ad,Desktop,1,1,1,1,1,0,0.0,2024-02-06 05:15:00
3478,sess_03478,Referral,Mobile,1,1,1,1,1,0,0.0,2024-02-06 05:30:00
3479,sess_03479,Social Media,Tablet,1,1,1,1,1,0,0.0,2024-02-06 05:45:00
3480,sess_03480,Organic Search,Desktop,1,1,1,1,1,0,0.0,2024-02-06 06:00:00
3481,sess_03481,Paid Ad,Mobile,1,1,1,1,1,0,0.0,2024-02-06 06:15:00
3482,sess_03482,Referral,Tablet,1,1,1,1,1,0,0.0,2024-02-06 06:30:00
3483,sess_03483,Social Media,Desktop,1,1,1,1,1,0,0.0,2024-02-06 06:45:00
3484,sess_03484,Organic Search,Mobile,1,1,1,1,1,0,0.0,2024-02-06 07:00:00
3485,sess_03485,Paid Ad,Tablet,1,1,1,1,1,0,0.0,2024-02-06 07:15:00
3486,sess_03486,Referral,Desktop,1,1,1,1,1,0,0.0,2024-02-06 07:30:00
3487,sess_03487,Social Media,Mobile,1,1,1,1,1,0,0.0,2024-02-06 07:45:00
3488,sess_03488,Organic Search,Tablet,1,1,1,1,1,0,0.0,2024-02-06 08:00:00
3489,sess_03489,Paid Ad,Desktop,1,1,1,1,1,0,0.0,2024-02-06 08:15:00
3490,sess_03490,Referral,Mobile,1,1,1,1,1,0,0.0,2024-02-06 08:30:00
3491,sess_03491,Social Media,Tablet,1,1,1,1,1,0,0.0,2024-02-06 08:45:00
3492,sess_03492,Organic Search,Desktop,1,1,1,1,1,0,0.0,2024-02-06 09:00:00
3493,sess_03493,Paid Ad,Mobile,1,1,1,1,1,0,0.0,2024-02-06 09:15:00
3494,sess_03494,Referral,Tablet,1,1,1,1,1,0,0.0,2024-02-06 09:30:00
3495,sess_03495,Social Media,Desktop,1,1,1,1,1,0,0.0,2024-02-06 09:45:00
3496,sess_03496,Organic Search,Mobile,1,1,1,1,1,0,0.0,2024-02-06 10:00:00
3497,sess_03497,Paid Ad,Tablet,1,1,1,1,1,0,0.0,2024-02-06 10:15:00
3498,sess_03498,Referral,Desktop,1,1,1,1,1,0,0.0,2024-02-06 10:30:00
3499,sess_03499,Social Media,Mobile,1,1,1,1,1,0,0.0,2024-02-06 10:45:00
3500,sess_03500,Organic Search,Tablet,1,1,1,1,1,0,0.0,2024-02-06 11:00:00
3501,sess_03501,Paid Ad,Desktop,1,1,1,1,1,0,0.0,2024-02-06 11:15:00
3502,sess_03502,Referral,Mobile,1,1,1,1,1,0,0.0,2024-02-06 11:30:00
3503,sess_03503,Social Media,Tablet,1,1,1,1,1,0,0.0,2024-02-06 11:45:00
3504,sess_03504,Organic Search,Desktop,1,1,1,1,1,0,0.0,2024-02-06 12:00:00
3505,sess_03505,Paid Ad,Mobile,1,1,1,1,1,0,0.0,2024-02-06 12:15:00
3506,sess_03506,Referral,Tablet,1,1,1,1,1,0,0.0,2024-02-06 12:30:00
3507,sess_03507,Social Media,Desktop,1,1,1,1,1,0,0.0,2024-02-06 12:45:00
3508,sess_03508,Organic Search,Mobile,1,1,1,1,1,0,0.0,2024-02-06 13:00:00
3509,sess_03509,Paid Ad,Tablet,1,1,1,1,1,0,0.0,2024-02-06 13:15:00
3510,sess_03510,Referral,Desktop,1,1,1,1,1,0,0.0,2024-02-06 13:30:00
3511,sess_03511,Social Media,Mobile,1,1,1,1,1,0,0.0,2024-02-06 13:45:00
3512,sess_03512,Organic Search,Tablet,1,1,1,1,1,0,0.0,2024-02-06 14:00:00
3513,sess_03513,Paid Ad,Desktop,1,1,1,1,1,0,0.0,2024-02-06 14:15:00
3514,sess_03514,Referral,Mobile,1,1,1,1,1,0,0.0,2024-02-06 14:30:00
3515,sess_03515,Social Media,Tablet,1,1,1,1,1,0,0.0,2024-02-06 14:45:00
3516,sess_03516,Organic Search,Desktop,1,1,1,1,1,0,0.0,2024-02-06 15:00:00
3517,sess_03517,Paid Ad,Mobile,1,1,1,1,1,0,0.0,2024-02-06 15:15:00
3518,sess_03518,Referral,Tablet,1,1,1,1,1,0,0.0,2024-02-06 15:30:00
3519,sess_03519,Social Media,Desktop,1,1,1,1,1,0,0.0,2024-02-06 15:45:00
3520,sess_03520,Organic Search,Mobile,1,1,1,1,1,0,0.0,2024-02-06 16:00:00
3521,sess_03521,Paid Ad,Tablet,1,1,1,1,1,0,0.0,2024-02-06 16:15:00
3522,sess_03522,Referral,Desktop,1,1,1,1,1,0,0.0,2024-02-06 16:30:00
3523,sess_03523,Social Media,Mobile,1,1,1,1,1,0,0.0,2024-02-06 16:45:00
3524,sess_03524,Organic Search,Tablet,1,1,1,1,1,0,0.0,2024-02-06 17:00:00
3525,sess_03525,Paid Ad,Desktop,1,1,1,1,1,0,0.0,2024-02-06 17:15:00
3526,sess_03526,Referral,Mobile,1,1,1,1,1,0,0.0,2024-02-06 17:30:00
3527,sess_03527,Social Media,Tablet,1,1,1,1,1,0,0.0,2024-02-06 17:45:00
3528,sess_03528,Organic Search,Desktop,1,1,1,1,1,0,0.0,2024-02-06 18:00:00
3529,sess_03529,Paid Ad,Mobile,1,1,1,1,1,0,0.0,2024-02-06 18:15:00
3530,sess_03530,Referral,Tablet,1,1,1,1,1,0,0.0,2024-02-06 18:30:00
3531,sess_03531,Social Media,Desktop,1,1,1,1,1,0,0.0,2024-02-06 18:45:00
3532,sess_03532,Organic Search,Mobile,1,1,1,1,1,0,0.0,2024-02-06 19:00:00
3533,sess_03533,Paid Ad,Tablet,1,1,1,1,1,0,0.0,2024-02-06 19:15:00
3534,sess_03534,Referral,Desktop,1,1,1,1,1,0,0.0,2024-02-06 19:30:00
3535,sess_03535,Social Media,Mobile,1,1,1,1,1,0,0.0,2024-02-06 19:45:00
3536,sess_03536,Organic Search,Tablet,1,1,1,1,1,0,0.0,2024-02-06 20:00:00
3537,sess_03537,Paid Ad,Desktop,1,1,1,1,1,0,0.0,2024-02-06 20:15:00
3538,sess_03538,Referral,Mobile,1,1,1,1,1,0,0.0,2024-02-06 20:30:00
3539,sess_03539,Social Media,Tablet,1,1,1,1,1,0,0.0,2024-02-06 20:45:00
3540,sess_03540,Organic Search,Desktop,1,1,1,1,1,0,0.0,2024-02-06 21:00:00
3541,sess_03541,Paid Ad,Mobile,1,1,1,1,1,0,0.0,2024-02-06 21:15:00
3542,sess_03542,Referral,Tablet,1,1,1,1,1,0,0.0,2024-02-06 21:30:00
3543,sess_03543,Social Media,Desktop,1,1,1,1,1,0,0.0,2024-02-06 21:45:00
3544,sess_03544,Organic Search,Mobile,1,1,1,1,1,0,0.0,2024-02-06 22:00:00
3545,sess_03545,Paid Ad,Tablet,1,1,1,1,1,0,0.0,2024-02-06 22:15:00
3546,sess_03546,Referral,Desktop,1,1,1,1,1,0,0.0,2024-02-06 22:30:00
3547,sess_03547,Social Media,Mobile,1,1,1,1,1,0,0.0,2024-02-06 22:45:00
3548,sess_03548,Organic Search,Tablet,1,1,1,1,1,0,0.0,2024-02-06 23:00:00
3549,sess_03549,Paid Ad,Desktop,1,1,1,1,1,0,0.0,2024-02-06 23:15:00
3550,sess_03550,Referral,Mobile,1,1,1,1,1,0,0.0,2024-02-06 23:30:00
3551,sess_03551,Social Media,Tablet,1,1,1,1,1,0,0.0,2024-02-06 23:45:00
3552,sess_03552,Organic Search,Desktop,1,1,1,1,1,0,0.0,2024-02-07 00:00:00
3553,sess_03553,Paid Ad,Mobile,1,1,1,1,1,0,0.0,2024-02-07 00:15:00
3554,sess_03554,Referral,Tablet,1,1,1,1,1,0,0.0,2024-02-07 00:30:00
3555,sess_03555,Social Media,Desktop,1,1,1,1,1,0,0.0,2024-02-07 00:45:00
3556,sess_03556,Organic Search,Mobile,1,1,1,1,1,0,0.0,2024-02-07 01:00:00
3557,sess_03557,Paid Ad,Tablet,1,1,1,1,1,0,0.0,2024-02-07 01:15:00
3558,sess_03558,Referral,Desktop,1,1,1,1,1,0,0.0,2024-02-07 01:30:00
3559,sess_03559,Social Media,Mobile,1,1,1,1,1,0,0.0,2024-02-07 01:45:00
3560,sess_03560,Organic Search,Tablet,1,1,1,1,1,0,0.0,2024-02-07 02:00:00
3561,sess_03561,Paid Ad,Desktop,1,1,1,1,1,0,0.0,2024-02-07 02:15:00
3562,sess_03562,Referral,Mobile,1,1,1,1,1,0,0.0,2024-02-07 02:30:00
3563,sess_03563,Social Media,Tablet,1,1,1,1,1,0,0.0,2024-02-07 02:45:00
3564,sess_03564,Organic Search,Desktop,1,1,1,1,1,0,0.0,2024-02-07 03:00:00
3565,sess_03565,Paid Ad,Mobile,1,1,1,1,1,0,0.0,2024-02-07 03:15:00
3566,sess_03566,Referral,Tablet,1,1,1,1,1,0,0.0,2024-02-07 03:30:00
3567,sess_03567,Social Media,Desktop,1,1,1,1,1,0,0.0,2024-02-07 03:45:00
3568,sess_03568,Organic Search,Mobile,1,1,1,1,1,0,0.0,2024-02-07 04:00:00
3569,sess_03569,Paid Ad,Tablet,1,1,1,1,1,0,0.0,2024-02-07 04:15:00
3570,sess_03570,Referral,Desktop,1,1,1,1,1,0,0.0,2024-02-07 04:30:00
3571,sess_03571,Social Media,Mobile,1,1,1,1,1,0,0.0,2024-02-07 04:45:00
3572,sess_03572,Organic Search,Tablet,1,1,1,1,1,0,0.0,2024-02-07 05:00:00
3573,sess_03573,Paid Ad,Desktop,1,1,1,1,1,0,0.0,2024-02-07 05:15:00
3574,sess_03574,Referral,Mobile,1,1,1,1,1,0,0.0,2024-02-07 05:30:00
3575,sess_03575,Social Media,Tablet,1,1,1,1,1,0,0.0,2024-02-07 05:45:00
3576,sess_03576,Organic Search,Desktop,1,1,1,1,1,0,0.0,2024-02-07 06:00:00
3577,sess_03577,Paid Ad,Mobile,1,1,1,1,1,0,0.0,2024-02-07 06:15:00
3578,sess_03578,Referral,Tablet,1,1,1,1,1,0,0.0,2024-02-07 06:30:00
3579,sess_03579,Social Media,Desktop,1,1,1,1,1,0,0.0,2024-02-07 06:45:00
3580,sess_03580,Organic Search,Mobile,1,1,1,1,1,0,0.0,2024-02-07 07:00:00
3581,sess_03581,Paid Ad,Tablet,1,1,1,1,1,0,0.0,2024-02-07 07:15:00
3582,sess_03582,Referral,Desktop,1,1,1,1,1,0,0.0,2024-02-07 07:30:00
3583,sess_03583,Social Media,Mobile,1,1,1,1,1,0,0.0,2024-02-07 07:45:00
3584,sess_03584,Organic Search,Tablet,1,1,1,1,1,0,0.0,2024-02-07 08:00:00
3585,sess_03585,Paid Ad,Desktop,1,1,1,1,1,0,0.0,2024-02-07 08:15:00
3586,sess_03586,Referral,Mobile,1,1,1,1,1,0,0.0,2024-02-07 08:30:00
3587,sess_03587,Social Media,Tablet,1,1,1,1,1,0,0.0,2024-02-07 08:45:00
3588,sess_03588,Organic Search,Desktop,1,1,1,1,1,0,0.0,2024-02-07 09:00:00
3589,sess_03589,Paid Ad,Mobile,1,1,1,1,1,0,0.0,2024-02-07 09:15:00
3590,sess_03590,Referral,Tablet,1,1,1,1,1,0,0.0,2024-02-07 09:30:00
3591,sess_03591,Social Media,Desktop,1,1,1,1,1,0,0.0,2024-02-07 09:45:00
3592,sess_03592,Organic Search,Mobile,1,1,1,1,1,0,0.0,2024-02-07 10:00:00
3593,sess_03593,Paid Ad,Tablet,1,1,1,1,1,0,0.0,2024-02-07 10:15:00
3594,sess_03594,Referral,Desktop,1,1,1,1,1,0,0.0,2024-02-07 10:30:00
3595,sess_03595,Social Media,Mobile,1,1,1,1,1,0,0.0,2024-02-07 10:45:00
3596,sess_03596,Organic Search,Tablet,1,1,1,1,1,0,0.0,2024-02-07 11:00:00
3597,sess_03597,Paid Ad,Desktop,1,1,1,1,1,0,0.0,2024-02-07 11:15:00
3598,sess_03598,Referral,Mobile,1,1,1,1,1,0,0.0,2024-02-07 11:30:00
3599,sess_03599,Social Media,Tablet,1,1,1,1,1,0,0.0,2024-02-07 11:45:00
3600,sess_03600,Organic Search,Desktop,1,1,1,1,1,0,0.0,2024-02-07 12:00:00
3601,sess_03601,Paid Ad,Mobile,1,1,1,1,1,0,0.0,2024-02-07 12:15:00
3602,sess_03602,Referral,Tablet,1,1,1,1,1,0,0.0,2024-02-07 12:30:00
3603,sess_03603,Social Media,Desktop,1,1,1,1,1,0,0.0,2024-02-07 12:45:00
3604,sess_03604,Organic Search,Mobile,1,1,1,1,1,0,0.0,2024-02-07 13:00:00
3605,sess_03605,Paid Ad,Tablet,1,1,1,1,1,0,0.0,2024-02-07 13:15:00
3606,sess_03606,Referral,Desktop,1,1,1,1,1,0,0.0,2024-02-07 13:30:00
3607,sess_03607,Social Media,Mobile,1,1,1,1,1,0,0.0,2024-02-07 13:45:00
3608,sess_03608,Organic Search,Tablet,1,1,1,1,1,0,0.0,2024-02-07 14:00:00
3609,sess_03609,Paid Ad,Desktop,1,1,1,1,1,0,0.0,2024-02-07 14:15:00
3610,sess_03610,Referral,Mobile,1,1,1,1,1,0,0.0,2024-02-07 14:30:00
3611,sess_03611,Social Media,Tablet,1,1,1,1,1,0,0.0,2024-02-07 14:45:00
3612,sess_03612,Organic Search,Desktop,1,1,1,1,1,0,0.0,2024-02-07 15:00:00
3613,sess_03613,Paid Ad,Mobile,1,1,1,1,1,0,0.0,2024-02-07 15:15:00
3614,sess_03614,Referral,Tablet,1,1,1,1,1,0,0.0,2024-02-07 15:30:00
3615,sess_03615,Social Media,Desktop,1,1,1,1,1,0,0.0,2024-02-07 15:45:00
3616,sess_03616,Organic Search,Mobile,1,1,1,1,1,0,0.0,2024-02-07 16:00:00
3617,sess_03617,Paid Ad,Tablet,1,1,1,1,1,0,0.0,2024-02-07 16:15:00
3618,sess_03618,Referral,Desktop,1,1,1,1,1,0,0.0,2024-02-07 16:30:00
3619,sess_03619,Social Media,Mobile,1,1,1,1,1,0,0.0,2024-02-07 16:45:00
3620,sess_03620,Organic Search,Tablet,1,1,1,1,1,0,0.0,2024-02-07 17:00:00
3621,sess_03621,Paid Ad,Desktop,1,1,1,1,1,0,0.0,2024-02-07 17:15:00
3622,sess_03622,Referral,Mobile,1,1,1,1,1,0,0.0,2024-02-07 17:30:00
3623,sess_03623,Social Media,Tablet,1,1,1,1,1,0,0.0,2024-02-07 17:45:00
3624,sess_03624,Organic Search,Desktop,1,1,1,1,1,0,0.0,2024-02-07 18:00:00
3625,sess_03625,Paid Ad,Mobile,1,1,1,1,1,0,0.0,2024-02-07 18:15:00
3626,sess_03626,Referral,Tablet,1,1,1,1,1,0,0.0,2024-02-07 18:30:00
3627,sess_03627,Social Media,Desktop,1,1,1,1,1,0,0.0,2024-02-07 18:45:00
3628,sess_03628,Organic Search,Mobile,1,1,1,1,1,0,0.0,2024-02-07 19:00:00
3629,sess_03629,Paid Ad,Tablet,1,1,1,1,1,0,0.0,2024-02-07 19:15:00
3630,sess_03630,Referral,Desktop,1,1,1,1,1,0,0.0,2024-02-07 19:30:00
3631,sess_03631,Social Media,Mobile,1,1,1,1,1,0,0.0,2024-02-07 19:45:00
3632,sess_03632,Organic Search,Tablet,1,1,1,1,1,0,0.0,2024-02-07 20:00:00
3633,sess_03633,Paid Ad,Desktop,1,1,1,1,1,0,0.0,2024-02-07 20:15:00
3634,sess_03634,Referral,Mobile,1,1,1,1,1,0,0.0,2024-02-07 20:30:00
3635,sess_03635,Social Media,Tablet,1,1,1,1,1,0,0.0,2024-02-07 20:45:00
3636,sess_03636,Organic Search,Desktop,1,1,1,1,1,0,0.0,2024-02-07 21:00:00
3637,sess_03637,Paid Ad,Mobile,1,1,1,1,1,0,0.0,2024-02-07 21:15:00
3638,sess_03638,Referral,Tablet,1,1,1,1,1,0,0.0,2024-02-07 21:30:00
3639,sess_03639,Social Media,Desktop,1,1,1,1,1,0,0.0,2024-02-07 21:45:00
3640,sess_03640,Organic Search,Mobile,1,1,1,1,1,0,0.0,2024-02-07 22:00:00
3641,sess_03641,Paid Ad,Tablet,1,1,1,1,1,0,0.0,2024-02-07 22:15:00
3642,sess_03642,Referral,Desktop,1,1,1,1,1,0,0.0,2024-02-07 22:30:00
3643,sess_03643,Social Media,Mobile,1,1,1,1,1,0,0.0,2024-02-07 22:45:00
3644,sess_03644,Organic Search,Tablet,1,1,1,1,1,0,0.0,2024-02-07 23:00:00
3645,sess_03645,Paid Ad,Desktop,1,1,1,1,1,0,0.0,2024-02-07 23:15:00
3646,sess_03646,Referral,Mobile,1,1,1,1,1,0,0.0,2024-02-07 23:30:00
3647,sess_03647,Social Media,Tablet,1,1,1,1,1,0,0.0,2024-02-07 23:45:00
3648,sess_03648,Organic Search,Desktop,1,1,1,1,1,0,0.0,2024-02-08 00:00:00
3649,sess_03649,Paid Ad,Mobile,1,1,1,1,1,0,0.0,2024-02-08 00:15:00
3650,sess_03650,Referral,Tablet,1,1,1,1,1,0,0.0,2024-02-08 00:30:00
3651,sess_03651,Social Media,Desktop,1,1,1,1,1,0,0.0,2024-02-08 00:45:00
3652,sess_03652,Organic Search,Mobile,1,1,1,1,1,0,0.0,2024-02-08 01:00:00
3653,sess_03653,Paid Ad,Tablet,1,1,1,1,1,0,0.0,2024-02-08 01:15:00
3654,sess_03654,Referral,Desktop,1,1,1,1,1,0,0.0,2024-02-08 01:30:00
3655,sess_03655,Social Media,Mobile,1,1,1,1,1,0,0.0,2024-02-08 01:45:00
3656,sess_03656,Organic Search,Tablet,1,1,1,1,1,0,0.0,2024-02-08 02:00:00
3657,sess_03657,Paid Ad,Desktop,1,1,1,1,1,0,0.0,2024-02-08 02:15:00
3658,sess_03658,Referral,Mobile,1,1,1,1,1,0,0.0,2024-02-08 02:30:00
3659,sess_03659,Social Media,Tablet,1,1,1,1,1,0,0.0,2024-02-08 02:45:00
3660,sess_03660,Organic Search,Desktop,1,1,1,1,1,0,0.0,2024-02-08 03:00:00
3661,sess_03661,Paid Ad,Mobile,1,1,1,1,1,0,0.0,2024-02-08 03:15:00
3662,sess_03662,Referral,Tablet,1,1,1,1,1,0,0.0,2024-02-08 03:30:00
3663,sess_03663,Social Media,Desktop,1,1,1,1,1,0,0.0,2024-02-08 03:45:00
3664,sess_03664,Organic Search,Mobile,1,1,1,1,1,0,0.0,2024-02-08 04:00:00
3665,sess_03665,Paid Ad,Tablet,1,1,1,1,1,0,0.0,2024-02-08 04:15:00
3666,sess_03666,Referral,Desktop,1,1,1,1,1,0,0.0,2024-02-08 04:30:00
3667,sess_03667,Social Media,Mobile,1,1,1,1,1,0,0.0,2024-02-08 04:45:00
3668,sess_03668,Organic Search,Tablet,1,1,1,1,1,0,0.0,2024-02-08 05:00:00
3669,sess_03669,Paid Ad,Desktop,1,1,1,1,1,0,0.0,2024-02-08 05:15:00
3670,sess_03670,Referral,Mobile,1,1,1,1,1,0,0.0,2024-02-08 05:30:00
3671,sess_03671,Social Media,Tablet,1,1,1,1,1,0,0.0,2024-02-08 05:45:00
3672,sess_03672,Organic Search,Desktop,1,1,1,1,1,0,0.0,2024-02-08 06:00:00
3673,sess_03673,Paid Ad,Mobile,1,1,1,1,1,0,0.0,2024-02-08 06:15:00
3674,sess_03674,Referral,Tablet,1,1,1,1,1,0,0.0,2024-02-08 06:30:00
3675,sess_03675,Social Media,Desktop,1,1,1,1,1,0,0.0,2024-02-08 06:45:00
3676,sess_03676,Organic Search,Mobile,1,1,1,1,1,0,0.0,2024-02-08 07:00:00
3677,sess_03677,Paid Ad,Tablet,1,1,1,1,1,0,0.0,2024-02-08 07:15:00
3678,sess_03678,Referral,Desktop,1,1,1,1,1,0,0.0,2024-02-08 07:30:00
3679,sess_03679,Social Media,Mobile,1,1,1,1,1,0,0.0,2024-02-08 07:45:00
3680,sess_03680,Organic Search,Tablet,1,1,1,1,1,0,0.0,2024-02-08 08:00:00
3681,sess_03681,Paid Ad,Desktop,1,1,1,1,1,0,0.0,2024-02-08 08:15:00
3682,sess_03682,Referral,Mobile,1,1,1,1,1,0,0.0,2024-02-08 08:30:00
3683,sess_03683,Social Media,Tablet,1,1,1,1,1,0,0.0,2024-02-08 08:45:00
3684,sess_03684,Organic Search,Desktop,1,1,1,1,1,0,0.0,2024-02-08 09:00:00
3685,sess_03685,Paid Ad,Mobile,1,1,1,1,1,0,0.0,2024-02-08 09:15:00
3686,sess_03686,Referral,Tablet,1,1,1,1,1,0,0.0,2024-02-08 09:30:00
3687,sess_03687,Social Media,Desktop,1,1,1,1,1,0,0.0,2024-02-08 09:45:00
3688,sess_03688,Organic Search,Mobile,1,1,1,1,1,0,0.0,2024-02-08 10:00:00
3689,sess_03689,Paid Ad,Tablet,1,1,1,1,1,0,0.0,2024-02-08 10:15:00
3690,sess_03690,Referral,Desktop,1,1,1,1,1,0,0.0,2024-02-08 10:30:00
3691,sess_03691,Social Media,Mobile,1,1,1,1,1,0,0.0,2024-02-08 10:45:00
3692,sess_03692,Organic Search,Tablet,1,1,1,1,1,0,0.0,2024-02-08 11:00:00
3693,sess_03693,Paid Ad,Desktop,1,1,1,1,1,0,0.0,2024-02-08 11:15:00
3694,sess_03694,Referral,Mobile,1,1,1,1,1,0,0.0,2024-02-08 11:30:00
3695,sess_03695,Social Media,Tablet,1,1,1,1,1,0,0.0,2024-02-08 11:45:00
3696,sess_03696,Organic Search,Desktop,1,1,1,1,1,0,0.0,2024-02-08 12:00:00
3697,sess_03697,Paid Ad,Mobile,1,1,1,1,1,0,0.0,2024-02-08 12:15:00
3698,sess_03698,Referral,Tablet,1,1,1,1,1,0,0.0,2024-02-08 12:30:00
3699,sess_03699,Social Media,Desktop,1,1,1,1,1,0,0.0,2024-02-08 12:45:00
3700,sess_03700,Organic Search,Mobile,1,1,1,1,1,0,0.0,2024-02-08 13:00:00
3701,sess_03701,Paid Ad,Tablet,1,1,1,1,1,0,0.0,2024-02-08 13:15:00
3702,sess_03702,Referral,Desktop,1,1,1,1,1,0,0.0,2024-02-08 13:30:00
3703,sess_03703,Social Media,Mobile,1,1,1,1,1,0,0.0,2024-02-08 13:45:00
3704,sess_03704,Organic Search,Tablet,1,1,1,1,1,0,0.0,2024-02-08 14:00:00
3705,sess_03705,Paid Ad,Desktop,1,1,1,1,1,0,0.0,2024-02-08 14:15:00
3706,sess_03706,Referral,Mobile,1,1,1,1,1,0,0.0,2024-02-08 14:30:00
3707,sess_03707,Social Media,Tablet,1,1,1,1,1,0,0.0,2024-02-08 14:45:00
3708,sess_03708,Organic Search,Desktop,1,1,1,1,1,0,0.0,2024-02-08 15:00:00
3709,sess_03709,Paid Ad,Mobile,1,1,1,1,1,0,0.0,2024-02-08 15:15:00
3710,sess_03710,Referral,Tablet,1,1,1,1,1,0,0.0,2024-02-08 15:30:00
3711,sess_03711,Social Media,Desktop,1,1,1,1,1,0,0.0,2024-02-08 15:45:00
3712,sess_03712,Organic Search,Mobile,1,1,1,1,1,0,0.0,2024-02-08 16:00:00
3713,sess_03713,Paid Ad,Tablet,1,1,1,1,1,0,0.0,2024-02-08 16:15:00
3714,sess_03714,Referral,Desktop,1,1,1,1,1,0,0.0,2024-02-08 16:30:00
3715,sess_03715,Social Media,Mobile,1,1,1,1,1,0,0.0,2024-02-08 16:45:00
3716,sess_03716,Organic Search,Tablet,1,1,1,1,1,0,0.0,2024-02-08 17:00:00
3717,sess_03717,Paid Ad,Desktop,1,1,1,1,1,0,0.0,2024-02-08 17:15:00
3718,sess_03718,Referral,Mobile,1,1,1,1,1,0,0.0,2024-02-08 17:30:00
3719,sess_03719,Social Media,Tablet,1,1,1,1,1,0,0.0,2024-02-08 17:45:00
3720,sess_03720,Organic Search,Desktop,1,1,1,1,1,0,0.0,2024-02-08 18:00:00
3721,sess_03721,Paid Ad,Mobile,1,1,1,1,1,0,0.0,2024-02-08 18:15:00
3722,sess_03722,Referral,Tablet,1,1,1,1,1,0,0.0,2024-02-08 18:30:00
3723,sess_03723,Social Media,Desktop,1,1,1,1,1,0,0.0,2024-02-08 18:45:00
3724,sess_03724,Organic Search,Mobile,1,1,1,1,1,0,0.0,2024-02-08 19:00:00
3725,sess_03725,Paid Ad,Tablet,1,1,1,1,1,0,0.0,2024-02-08 19:15:00
3726,sess_03726,Referral,Desktop,1,1,1,1,1,0,0.0,2024-02-08 19:30:00
3727,sess_03727,Social Media,Mobile,1,1,1,1,1,0,0.0,2024-02-08 19:45:00
3728,sess_03728,Organic Search,Tablet,1,1,1,1,1,0,0.0,2024-02-08 20:00:00
3729,sess_03729,Paid Ad,Desktop,1,1,1,1,1,0,0.0,2024-02-08 20:15:00
3730,sess_03730,Referral,Mobile,1,1,1,1,1,0,0.0,2024-02-08 20:30:00
3731,sess_03731,Social Media,Tablet,1,1,1,1,1,0,0.0,2024-02-08 20:45:00
3732,sess_03732,Organic Search,Desktop,1,1,1,1,1,0,0.0,2024-02-08 21:00:00
3733,sess_03733,Paid Ad,Mobile,1,1,1,1,1,0,0.0,2024-02-08 21:15:00
3734,sess_03734,Referral,Tablet,1,1,1,1,1,0,0.0,2024-02-08 21:30:00
3735,sess_03735,Social Media,Desktop,1,1,1,1,1,0,0.0,2024-02-08 21:45:00
3736,sess_03736,Organic Search,Mobile,1,1,1,1,1,0,0.0,2024-02-08 22:00:00
3737,sess_03737,Paid Ad,Tablet,1,1,1,1,1,0,0.0,2024-02-08 22:15:00
3738,sess_03738,Referral,Desktop,1,1,1,1,1,0,0.0,2024-02-08 22:30:00
3739,sess_03739,Social Media,Mobile,1,1,1,1,1,0,0.0,2024-02-08 22:45:00
3740,sess_03740,Organic Search,Tablet,1,1,1,1,1,0,0.0,2024-02-08 23:00:00
3741,sess_03741,Paid Ad,Desktop,1,1,1,1,1,0,0.0,2024-02-08 23:15:00
3742,sess_03742,Referral,Mobile,1,1,1,1,1,0,0.0,2024-02-08 23:30:00
3743,sess_03743,Social Media,Tablet,1,1,1,1,1,0,0.0,2024-02-08 23:45:00
3744,sess_03744,Organic Search,Desktop,1,1,1,1,1,0,0.0,2024-02-09 00:00:00
3745,sess_03745,Paid Ad,Mobile,1,1,1,1,1,0,0.0,2024-02-09 00:15:00
3746,sess_03746,Referral,Tablet,1,1,1,1,1,0,0.0,2024-02-09 00:30:00
3747,sess_03747,Social Media,Desktop,1,1,1,1,1,0,0.0,2024-02-09 00:45:00
3748,sess_03748,Organic Search,Mobile,1,1,1,1,1,0,0.0,2024-02-09 01:00:00
3749,sess_03749,Paid Ad,Tablet,1,1,1,1,1,0,0.0,2024-02-09 01:15:00
3750,sess_03750,Referral,Desktop,1,1,1,1,1,0,0.0,2024-02-09 01:30:00
3751,sess_03751,Social Media,Mobile,1,1,1,1,1,0,0.0,2024-02-09 01:45:00
3752,sess_03752,Organic Search,Tablet,1,1,1,1,1,0,0.0,2024-02-09 02:00:00
3753,sess_03753,Paid Ad,Desktop,1,1,1,1,1,0,0.0,2024-02-09 02:15:00
3754,sess_03754,Referral,Mobile,1,1,1,1,1,0,0.0,2024-02-09 02:30:00
3755,sess_03755,Social Media,Tablet,1,1,1,1,1,0,0.0,2024-02-09 02:45:00
3756,sess_03756,Organic Search,Desktop,1,1,1,1,1,0,0.0,2024-02-09 03:00:00
3757,sess_03757,Paid Ad,Mobile,1,1,1,1,1,0,0.0,2024-02-09 03:15:00
3758,sess_03758,Referral,Tablet,1,1,1,1,1,0,0.0,2024-02-09 03:30:00
3759,sess_03759,Social Media,Desktop,1,1,1,1,1,0,0.0,2024-02-09 03:45:00
3760,sess_03760,Organic Search,Mobile,1,1,1,1,1,0,0.0,2024-02-09 04:00:00
3761,sess_03761,Paid Ad,Tablet,1,1,1,1,1,0,0.0,2024-02-09 04:15:00
3762,sess_03762,Referral,Desktop,1,1,1,1,1,0,0.0,2024-02-09 04:30:00
3763,sess_03763,Social Media,Mobile,1,1,1,1,1,0,0.0,2024-02-09 04:45:00
3764,sess_03764,Organic Search,Tablet,1,1,1,1,1,0,0.0,2024-02-09 05:00:00
3765,sess_03765,Paid Ad,Desktop,1,1,1,1,1,0,0.0,2024-02-09 05:15:00
3766,sess_03766,Referral,Mobile,1,1,1,1,1,0,0.0,2024-02-09 05:30:00
3767,sess_03767,Social Media,Tablet,1,1,1,1,1,0,0.0,2024-02-09 05:45:00
3768,sess_03768,Organic Search,Desktop,1,1,1,1,1,0,0.0,2024-02-09 06:00:00
3769,sess_03769,Paid Ad,Mobile,1,1,1,1,1,0,0.0,2024-02-09 06:15:00
3770,sess_03770,Referral,Tablet,1,1,1,1,1,0,0.0,2024-02-09 06:30:00
3771,sess_03771,Social Media,Desktop,1,1,1,1,1,0,0.0,2024-02-09 06:45:00
3772,sess_03772,Organic Search,Mobile,1,1,1,1,1,0,0.0,2024-02-09 07:00:00
3773,sess_03773,Paid Ad,Tablet,1,1,1,1,1,0,0.0,2024-02-09 07:15:00
3774,sess_03774,Referral,Desktop,1,1,1,1,1,0,0.0,2024-02-09 07:30:00
3775,sess_03775,Social Media,Mobile,1,1,1,1,1,0,0.0,2024-02-09 07:45:00
3776,sess_03776,Organic Search,Tablet,1,1,1,1,1,0,0.0,2024-02-09 08:00:00
3777,sess_03777,Paid Ad,Desktop,1,1,1,1,1,0,0.0,2024-02-09 08:15:00
3778,sess_03778,Referral,Mobile,1,1,1,1,1,0,0.0,2024-02-09 08:30:00
3779,sess_03779,Social Media,Tablet,1,1,1,1,1,0,0.0,2024-02-09 08:45:00
3780,sess_03780,Organic Search,Desktop,1,1,1,1,1,0,0.0,2024-02-09 09:00:00
3781,sess_03781,Paid Ad,Mobile,1,1,1,1,1,0,0.0,2024-02-09 09:15:00
3782,sess_03782,Referral,Tablet,1,1,1,1,1,0,0.0,2024-02-09 09:30:00
3783,sess_03783,Social Media,Desktop,1,1,1,1,1,0,0.0,2024-02-09 09:45:00
3784,sess_03784,Organic Search,Mobile,1,1,1,1,1,0,0.0,2024-02-09 10:00:00
3785,sess_03785,Paid Ad,Tablet,1,1,1,1,1,0,0.0,2024-02-09 10:15:00
3786,sess_03786,Referral,Desktop,1,1,1,1,1,0,0.0,2024-02-09 10:30:00
3787,sess_03787,Social Media,Mobile,1,1,1,1,1,0,0.0,2024-02-09 10:45:00
3788,sess_03788,Organic Search,Tablet,1,1,1,1,1,0,0.0,2024-02-09 11:00:00
3789,sess_03789,Paid Ad,Desktop,1,1,1,1,1,0,0.0,2024-02-09 11:15:00
3790,sess_03790,Referral,Mobile,1,1,1,1,1,0,0.0,2024-02-09 11:30:00
3791,sess_03791,Social Media,Tablet,1,1,1,1,1,0,0.0,2024-02-09 11:45:00
3792,sess_03792,Organic Search,Desktop,1,1,1,1,1,0,0.0,2024-02-09 12:00:00
3793,sess_03793,Paid Ad,Mobile,1,1,1,1,1,0,0.0,2024-02-09 12:15:00
3794,sess_03794,Referral,Tablet,1,1,1,1,1,0,0.0,2024-02-09 12:30:00
3795,sess_03795,Social Media,Desktop,1,1,1,1,1,0,0.0,2024-02-09 12:45:00
3796,sess_03796,Organic Search,Mobile,1,1,1,1,1,0,0.0,2024-02-09 13:00:00
3797,sess_03797,Paid Ad,Tablet,1,1,1,1,1,0,0.0,2024-02-09 13:15:00
3798,sess_03798,Referral,Desktop,1,1,1,1,1,0,0.0,2024-02-09 13:30:00
3799,sess_03799,Social Media,Mobile,1,1,1,1,1,0,0.0,2024-02-09 13:45:00
3800,sess_03800,Organic Search,Tablet,1,1,1,1,1,0,0.0,2024-02-09 14:00:00
3801,sess_03801,Paid Ad,Desktop,1,1,1,1,1,0,0.0,2024-02-09 14:15:00
3802,sess_03802,Referral,Mobile,1,1,1,1,1,0,0.0,2024-02-09 14:30:00
3803,sess_03803,Social Media,Tablet,1,1,1,1,1,0,0.0,2024-02-09 14:45:00
3804,sess_03804,Organic Search,Desktop,1,1,1,1,1,0,0.0,2024-02-09 15:00:00
3805,sess_03805,Paid Ad,Mobile,1,1,1,1,1,0,0.0,2024-02-09 15:15:00
3806,sess_03806,Referral,Tablet,1,1,1,1,1,0,0.0,2024-02-09 15:30:00
3807,sess_03807,Social Media,Desktop,1,1,1,1,1,0,0.0,2024-02-09 15:45:00
3808,sess_03808,Organic Search,Mobile,1,1,1,1,1,0,0.0,2024-02-09 16:00:00
3809,sess_03809,Paid Ad,Tablet,1,1,1,1,1,0,0.0,2024-02-09 16:15:00
3810,sess_03810,Referral,Desktop,1,1,1,1,1,0,0.0,2024-02-09 16:30:00
3811,sess_03811,Social Media,Mobile,1,1,1,1,1,0,0.0,2024-02-09 16:45:00
3812,sess_03812,Organic Search,Tablet,1,1,1,1,1,0,0.0,2024-02-09 17:00:00
3813,sess_03813,Paid Ad,Desktop,1,1,1,1,1,0,0.0,2024-02-09 17:15:00
3814,sess_03814,Referral,Mobile,1,1,1,1,1,0,0.0,2024-02-09 17:30:00
3815,sess_03815,Social Media,Tablet,1,1,1,1,1,0,0.0,2024-02-09 17:45:00
3816,sess_03816,Organic Search,Desktop,1,1,1,1,1,0,0.0,2024-02-09 18:00:00
3817,sess_03817,Paid Ad,Mobile,1,1,1,1,1,0,0.0,2024-02-09 18:15:00
3818,sess_03818,Referral,Tablet,1,1,1,1,1,0,0.0,2024-02-09 18:30:00
3819,sess_03819,Social Media,Desktop,1,1,1,1,1,0,0.0,2024-02-09 18:45:00
3820,sess_03820,Organic Search,Mobile,1,1,1,1,1,0,0.0,2024-02-09 19:00:00
3821,sess_03821,Paid Ad,Tablet,1,1,1,1,1,0,0.0,2024-02-09 19:15:00
3822,sess_03822,Referral,Desktop,1,1,1,1,1,0,0.0,2024-02-09 19:30:00
3823,sess_03823,Social Media,Mobile,1,1,1,1,1,0,0.0,2024-02-09 19:45:00
3824,sess_03824,Organic Search,Tablet,1,1,1,1,1,0,0.0,2024-02-09 20:00:00
3825,sess_03825,Paid Ad,Desktop,1,1,1,1,1,0,0.0,2024-02-09 20:15:00
3826,sess_03826,Referral,Mobile,1,1,1,1,1,0,0.0,2024-02-09 20:30:00
3827,sess_03827,Social Media,Tablet,1,1,1,1,1,0,0.0,2024-02-09 20:45:00
3828,sess_03828,Organic Search,Desktop,1,1,1,1,1,0,0.0,2024-02-09 21:00:00
3829,sess_03829,Paid Ad,Mobile,1,1,1,1,1,0,0.0,2024-02-09 21:15:00
3830,sess_03830,Referral,Tablet,1,1,1,1,1,0,0.0,2024-02-09 21:30:00
3831,sess_03831,Social Media,Desktop,1,1,1,1,1,0,0.0,2024-02-09 21:45:00
3832,sess_03832,Organic Search,Mobile,1,1,1,1,1,0,0.0,2024-02-09 22:00:00
3833,sess_03833,Paid Ad,Tablet,1,1,1,1,1,0,0.0,2024-02-09 22:15:00
3834,sess_03834,Referral,Desktop,1,1,1,1,1,0,0.0,2024-02-09 22:30:00
3835,sess_03835,Social Media,Mobile,1,1,1,1,1,0,0.0,2024-02-09 22:45:00
3836,sess_03836,Organic Search,Tablet,1,1,1,1,1,0,0.0,2024-02-09 23:00:00
3837,sess_03837,Paid Ad,Desktop,1,1,1,1,1,0,0.0,2024-02-09 23:15:00
3838,sess_03838,Referral,Mobile,1,1,1,1,1,0,0.0,2024-02-09 23:30:00
3839,sess_03839,Social Media,Tablet,1,1,1,1,1,0,0.0,2024-02-09 23:45:00
3840,sess_03840,Organic Search,Desktop,1,1,1,1,1,0,0.0,2024-02-10 00:00:00
3841,sess_03841,Paid Ad,Mobile,1,1,1,1,1,0,0.0,2024-02-10 00:15:00
3842,sess_03842,Referral,Tablet,1,1,1,1,1,0,0.0,2024-02-10 00:30:00
3843,sess_03843,Social Media,Desktop,1,1,1,1,1,0,0.0,2024-02-10 00:45:00
3844,sess_03844,Organic Search,Mobile,1,1,1,1,1,0,0.0,2024-02-10 01:00:00
3845,sess_03845,Paid Ad,Tablet,1,1,1,1,1,0,0.0,2024-02-10 01:15:00
3846,sess_03846,Referral,Desktop,1,1,1,1,1,0,0.0,2024-02-10 01:30:00
3847,sess_03847,Social Media,Mobile,1,1,1,1,1,0,0.0,2024-02-10 01:45:00
3848,sess_03848,Organic Search,Tablet,1,1,1,1,1,0,0.0,2024-02-10 02:00:00
3849,sess_03849,Paid Ad,Desktop,1,1,1,1,1,0,0.0,2024-02-10 02:15:00
3850,sess_03850,Referral,Mobile,1,1,1,1,1,0,0.0,2024-02-10 02:30:00
3851,sess_03851,Social Media,Tablet,1,1,1,1,1,0,0.0,2024-02-10 02:45:00
3852,sess_03852,Organic Search,Desktop,1,1,1,1,1,0,0.0,2024-02-10 03:00:00
3853,sess_03853,Paid Ad,Mobile,1,1,1,1,1,0,0.0,2024-02-10 03:15:00
3854,sess_03854,Referral,Tablet,1,1,1,1,1,0,0.0,2024-02-10 03:30:00
3855,sess_03855,Social Media,Desktop,1,1,1,1,1,0,0.0,2024-02-10 03:45:00
3856,sess_03856,Organic Search,Mobile,1,1,1,1,1,0,0.0,2024-02-10 04:00:00
3857,sess_03857,Paid Ad,Tablet,1,1,1,1,1,0,0.0,2024-02-10 04:15:00
3858,sess_03858,Referral,Desktop,1,1,1,1,1,0,0.0,2024-02-10 04:30:00
3859,sess_03859,Social Media,Mobile,1,1,1,1,1,0,0.0,2024-02-10 04:45:00
3860,sess_03860,Organic Search,Tablet,1,1,1,1,1,0,0.0,2024-02-10 05:00:00
3861,sess_03861,Paid Ad,Desktop,1,1,1,1,1,0,0.0,2024-02-10 05:15:00
3862,sess_03862,Referral,Mobile,1,1,1,1,1,0,0.0,2024-02-10 05:30:00
3863,sess_03863,Social Media,Tablet,1,1,1,1,1,0,0.0,2024-02-10 05:45:00
3864,sess_03864,Organic Search,Desktop,1,1,1,1,1,0,0.0,2024-02-10 06:00:00
3865,sess_03865,Paid Ad,Mobile,1,1,1,1,1,0,0.0,2024-02-10 06:15:00
3866,sess_03866,Referral,Tablet,1,1,1,1,1,0,0.0,2024-02-10 06:30:00
3867,sess_03867,Social Media,Desktop,1,1,1,1,1,0,0.0,2024-02-10 06:45:00
3868,sess_03868,Organic Search,Mobile,1,1,1,1,1,0,0.0,2024-02-10 07:00:00
3869,sess_03869,Paid Ad,Tablet,1,1,1,1,1,0,0.0,2024-02-10 07:15:00
3870,sess_03870,Referral,Desktop,1,1,1,1,1,0,0.0,2024-02-10 07:30:00
3871,sess_03871,Social Media,Mobile,1,1,1,1,1,0,0.0,2024-02-10 07:45:00
3872,sess_03872,Organic Search,Tablet,1,1,1,1,1,0,0.0,2024-02-10 08:00:00
3873,sess_03873,Paid Ad,Desktop,1,1,1,1,1,0,0.0,2024-02-10 08:15:00
3874,sess_03874,Referral,Mobile,1,1,1,1,1,0,0.0,2024-02-10 08:30:00
3875,sess_03875,Social Media,Tablet,1,1,1,1,1,0,0.0,2024-02-10 08:45:00
3876,sess_03876,Organic Search,Desktop,1,1,1,1,1,0,0.0,2024-02-10 09:00:00
3877,sess_03877,Paid Ad,Mobile,1,1,1,1,1,0,0.0,2024-02-10 09:15:00
3878,sess_03878,Referral,Tablet,1,1,1,1,1,0,0.0,2024-02-10 09:30:00
3879,sess_03879,Social Media,Desktop,1,1,1,1,1,0,0.0,2024-02-10 09:45:00
3880,sess_03880,Organic Search,Mobile,1,1,1,1,1,0,0.0,2024-02-10 10:00:00
3881,sess_03881,Paid Ad,Tablet,1,1,1,1,1,0,0.0,2024-02-10 10:15:00
3882,sess_03882,Referral,Desktop,1,1,1,1,1,0,0.0,2024-02-10 10:30:00
3883,sess_03883,Social Media,Mobile,1,1,1,1,1,0,0.0,2024-02-10 10:45:00
3884,sess_03884,Organic Search,Tablet,1,1,1,1,1,0,0.0,2024-02-10 11:00:00
3885,sess_03885,Paid Ad,Desktop,1,1,1,1,1,0,0.0,2024-02-10 11:15:00
3886,sess_03886,Referral,Mobile,1,1,1,1,1,0,0.0,2024-02-10 11:30:00
3887,sess_03887,Social Media,Tablet,1,1,1,1,1,0,0.0,2024-02-10 11:45:00
3888,sess_03888,Organic Search,Desktop,1,1,1,1,1,0,0.0,2024-02-10 12:00:00
3889,sess_03889,Paid Ad,Mobile,1,1,1,1,1,0,0.0,2024-02-10 12:15:00
3890,sess_03890,Referral,Tablet,1,1,1,1,1,0,0.0,2024-02-10 12:30:00
3891,sess_03891,Social Media,Desktop,1,1,1,1,1,0,0.0,2024-02-10 12:45:00
3892,sess_03892,Organic Search,Mobile,1,1,1,1,1,0,0.0,2024-02-10 13:00:00
3893,sess_03893,Paid Ad,Tablet,1,1,1,1,1,0,0.0,2024-02-10 13:15:00
3894,sess_03894,Referral,Desktop,1,1,1,1,1,0,0.0,2024-02-10 13:30:00
3895,sess_03895,Social Media,Mobile,1,1,1,1,1,0,0.0,2024-02-10 13:45:00
3896,sess_03896,Organic Search,Tablet,1,1,1,1,1,0,0.0,2024-02-10 14:00:00
3897,sess_03897,Paid Ad,Desktop,1,1,1,1,1,0,0.0,2024-02-10 14:15:00
3898,sess_03898,Referral,Mobile,1,1,1,1,1,0,0.0,2024-02-10 14:30:00
3899,sess_03899,Social Media,Tablet,1,1,1,1,1,0,0.0,2024-02-10 14:45:00
3900,sess_03900,Organic Search,Desktop,1,1,1,1,1,0,0.0,2024-02-10 15:00:00
3901,sess_03901,Paid Ad,Mobile,1,1,1,1,1,0,0.0,2024-02-10 15:15:00
3902,sess_03902,Referral,Tablet,1,1,1,1,1,0,0.0,2024-02-10 15:30:00
3903,sess_03903,Social Media,Desktop,1,1,1,1,1,0,0.0,2024-02-10 15:45:00
3904,sess_03904,Organic Search,Mobile,1,1,1,1,1,0,0.0,2024-02-10 16:00:00
3905,sess_03905,Paid Ad,Tablet,1,1,1,1,1,0,0.0,2024-02-10 16:15:00
3906,sess_03906,Referral,Desktop,1,1,1,1,1,0,0.0,2024-02-10 16:30:00
3907,sess_03907,Social Media,Mobile,1,1,1,1,1,0,0.0,2024-02-10 16:45:00
3908,sess_03908,Organic Search,Tablet,1,1,1,1,1,0,0.0,2024-02-10 17:00:00
3909,sess_03909,Paid Ad,Desktop,1,1,1,1,1,0,0.0,2024-02-10 17:15:00
3910,sess_03910,Referral,Mobile,1,1,1,1,1,0,0.0,2024-02-10 17:30:00
3911,sess_03911,Social Media,Tablet,1,1,1,1,1,0,0.0,2024-02-10 17:45:00
3912,sess_03912,Organic Search,Desktop,1,1,1,1,1,0,0.0,2024-02-10 18:00:00
3913,sess_03913,Paid Ad,Mobile,1,1,1,1,1,0,0.0,2024-02-10 18:15:00
3914,sess_03914,Referral,Tablet,1,1,1,1,1,0,0.0,2024-02-10 18:30:00
3915,sess_03915,Social Media,Desktop,1,1,1,1,1,0,0.0,2024-02-10 18:45:00
3916,sess_03916,Organic Search,Mobile,1,1,1,1,1,0,0.0,2024-02-10 19:00:00
3917,sess_03917,Paid Ad,Tablet,1,1,1,1,1,0,0.0,2024-02-10 19:15:00
3918,sess_03918,Referral,Desktop,1,1,1,1,1,0,0.0,2024-02-10 19:30:00
3919,sess_03919,Social Media,Mobile,1,1,1,1,1,0,0.0,2024-02-10 19:45:00
3920,sess_03920,Organic Search,Tablet,1,1,1,1,1,0,0.0,2024-02-10 20:00:00
3921,sess_03921,Paid Ad,Desktop,1,1,1,1,1,0,0.0,2024-02-10 20:15:00
3922,sess_03922,Referral,Mobile,1,1,1,1,1,0,0.0,2024-02-10 20:30:00
3923,sess_03923,Social Media,Tablet,1,1,1,1,1,0,0.0,2024-02-10 20:45:00
3924,sess_03924,Organic Search,Desktop,1,1,1,1,1,0,0.0,2024-02-10 21:00:00
3925,sess_03925,Paid Ad,Mobile,1,1,1,1,1,0,0.0,2024-02-10 21:15:00
3926,sess_03926,Referral,Tablet,1,1,1,1,1,0,0.0,2024-02-10 21:30:00
3927,sess_03927,Social Media,Desktop,1,1,1,1,1,0,0.0,2024-02-10 21:45:00
3928,sess_03928,Organic Search,Mobile,1,1,1,1,1,0,0.0,2024-02-10 22:00:00
3929,sess_03929,Paid Ad,Tablet,1,1,1,1,1,0,0.0,2024-02-10 22:15:00
3930,sess_03930,Referral,Desktop,1,1,1,1,1,0,0.0,2024-02-10 22:30:00
3931,sess_03931,Social Media,Mobile,1,1,1,1,1,0,0.0,2024-02-10 22:45:00
3932,sess_03932,Organic Search,Tablet,1,1,1,1,1,0,0.0,2024-02-10 23:00:00
3933,sess_03933,Paid Ad,Desktop,1,1,1,1,1,0,0.0,2024-02-10 23:15:00
3934,sess_03934,Referral,Mobile,1,1,1,1,1,0,0.0,2024-02-10 23:30:00
3935,sess_03935,Social Media,Tablet,1,1,1,1,1,0,0.0,2024-02-10 23:45:00
3936,sess_03936,Organic Search,Desktop,1,1,1,1,1,0,0.0,2024-02-11 00:00:00
3937,sess_03937,Paid Ad,Mobile,1,1,1,1,1,0,0.0,2024-02-11 00:15:00
3938,sess_03938,Referral,Tablet,1,1,1,1,1,0,0.0,2024-02-11 00:30:00
3939,sess_03939,Social Media,Desktop,1,1,1,1,1,0,0.0,2024-02-11 00:45:00
3940,sess_03940,Organic Search,Mobile,1,1,1,1,1,0,0.0,2024-02-11 01:00:00
3941,sess_03941,Paid Ad,Tablet,1,1,1,1,1,0,0.0,2024-02-11 01:15:00
3942,sess_03942,Referral,Desktop,1,1,1,1,1,0,0.0,2024-02-11 01:30:00
3943,sess_03943,Social Media,Mobile,1,1,1,1,1,0,0.0,2024-02-11 01:45:00
3944,sess_03944,Organic Search,Tablet,1,1,1,1,1,0,0.0,2024-02-11 02:00:00
3945,sess_03945,Paid Ad,Desktop,1,1,1,1,1,0,0.0,2024-02-11 02:15:00
3946,sess_03946,Referral,Mobile,1,1,1,1,1,0,0.0,2024-02-11 02:30:00
3947,sess_03947,Social Media,Tablet,1,1,1,1,1,0,0.0,2024-02-11 02:45:00
3948,sess_03948,Organic Search,Desktop,1,1,1,1,1,0,0.0,2024-02-11 03:00:00
3949,sess_03949,Paid Ad,Mobile,1,1,1,1,1,0,0.0,2024-02-11 03:15:00
3950,sess_03950,Referral,Tablet,1,1,1,1,1,0,0.0,2024-02-11 03:30:00
3951,sess_03951,Social Media,Desktop,1,1,1,1,1,0,0.0,2024-02-11 03:45:00
3952,sess_03952,Organic Search,Mobile,1,1,1,1,1,0,0.0,2024-02-11 04:00:00
3953,sess_03953,Paid Ad,Tablet,1,1,1,1,1,0,0.0,2024-02-11 04:15:00
3954,sess_03954,Referral,Desktop,1,1,1,1,1,0,0.0,2024-02-11 04:30:00
3955,sess_03955,Social Media,Mobile,1,1,1,1,1,0,0.0,2024-02-11 04:45:00
3956,sess_03956,Organic Search,Tablet,1,1,1,1,1,0,0.0,2024-02-11 05:00:00
3957,sess_03957,Paid Ad,Desktop,1,1,1,1,1,0,0.0,2024-02-11 05:15:00
3958,sess_03958,Referral,Mobile,1,1,1,1,1,0,0.0,2024-02-11 05:30:00
3959,sess_03959,Social Media,Tablet,1,1,1,1,1,0,0.0,2024-02-11 05:45:00
3960,sess_03960,Organic Search,Desktop,1,1,1,1,1,0,0.0,2024-02-11 06:00:00
3961,sess_03961,Paid Ad,Mobile,1,1,1,1,1,0,0.0,2024-02-11 06:15:00
3962,sess_03962,Referral,Tablet,1,1,1,1,1,0,0.0,2024-02-11 06:30:00
3963,sess_03963,Social Media,Desktop,1,1,1,1,1,0,0.0,2024-02-11 06:45:00
3964,sess_03964,Organic Search,Mobile,1,1,1,1,1,0,0.0,2024-02-11 07:00:00
3965,sess_03965,Paid Ad,Tablet,1,1,1,1,1,0,0.0,2024-02-11 07:15:00
3966,sess_03966,Referral,Desktop,1,1,1,1,1,0,0.0,2024-02-11 07:30:00
3967,sess_03967,Social Media,Mobile,1,1,1,1,1,0,0.0,2024-02-11 07:45:00
3968,sess_03968,Organic Search,Tablet,1,1,1,1,1,0,0.0,2024-02-11 08:00:00
3969,sess_03969,Paid Ad,Desktop,1,1,1,1,1,0,0.0,2024-02-11 08:15:00
3970,sess_03970,Referral,Mobile,1,1,1,1,1,0,0.0,2024-02-11 08:30:00
3971,sess_03971,Social Media,Tablet,1,1,1,1,1,0,0.0,2024-02-11 08:45:00
3972,sess_03972,Organic Search,Desktop,1,1,1,1,1,0,0.0,2024-02-11 09:00:00
3973,sess_03973,Paid Ad,Mobile,1,1,1,1,1,0,0.0,2024-02-11 09:15:00
3974,sess_03974,Referral,Tablet,1,1,1,1,1,0,0.0,2024-02-11 09:30:00
3975,sess_03975,Social Media,Desktop,1,1,1,1,1,0,0.0,2024-02-11 09:45:00
3976,sess_03976,Organic Search,Mobile,1,1,1,1,1,0,0.0,2024-02-11 10:00:00
3977,sess_03977,Paid Ad,Tablet,1,1,1,1,1,0,0.0,2024-02-11 10:15:00
3978,sess_03978,Referral,Desktop,1,1,1,1,1,0,0.0,2024-02-11 10:30:00
3979,sess_03979,Social Media,Mobile,1,1,1,1,1,0,0.0,2024-02-11 10:45:00
3980,sess_03980,Organic Search,Tablet,1,1,1,1,1,0,0.0,2024-02-11 11:00:00
3981,sess_03981,Paid Ad,Desktop,1,1,1,1,1,0,0.0,2024-02-11 11:15:00
3982,sess_03982,Referral,Mobile,1,1,1,1,1,0,0.0,2024-02-11 11:30:00
3983,sess_03983,Social Media,Tablet,1,1,1,1,1,0,0.0,2024-02-11 11:45:00
3984,sess_03984,Organic Search,Desktop,1,1,1,1,1,0,0.0,2024-02-11 12:00:00
3985,sess_03985,Paid Ad,Mobile,1,1,1,1,1,0,0.0,2024-02-11 12:15:00
3986,sess_03986,Referral,Tablet,1,1,1,1,1,0,0.0,2024-02-11 12:30:00
3987,sess_03987,Social Media,Desktop,1,1,1,1,1,0,0.0,2024-02-11 12:45:00
3988,sess_03988,Organic Search,Mobile,1,1,1,1,1,0,0.0,2024-02-11 13:00:00
3989,sess_03989,Paid Ad,Tablet,1,1,1,1,1,0,0.0,2024-02-11 13:15:00
3990,sess_03990,Referral,Desktop,1,1,1,1,1,0,0.0,2024-02-11 13:30:00
3991,sess_03991,Social Media,Mobile,1,1,1,1,1,0,0.0,2024-02-11 13:45:00
3992,sess_03992,Organic Search,Tablet,1,1,1,1,1,0,0.0,2024-02-11 14:00:00
3993,sess_03993,Paid Ad,Desktop,1,1,1,1,1,0,0.0,2024-02-11 14:15:00
3994,sess_03994,Referral,Mobile,1,1,1,1,1,0,0.0,2024-02-11 14:30:00
3995,sess_03995,Social Media,Tablet,1,1,1,1,1,0,0.0,2024-02-11 14:45:00
3996,sess_03996,Organic Search,Desktop,1,1,1,1,1,0,0.0,2024-02-11 15:00:00
3997,sess_03997,Paid Ad,Mobile,1,1,1,1,1,0,0.0,2024-02-11 15:15:00
3998,sess_03998,Referral,Tablet,1,1,1,1,1,0,0.0,2024-02-11 15:30:00
3999,sess_03999,Social Media,Desktop,1,1,1,1,1,0,0.0,2024-02-11 15:45:00
4000,sess_04000,Organic Search,Mobile,1,1,1,1,1,0,0.0,2024-02-11 16:00:00
4001,sess_04001,Paid Ad,Tablet,1,1,1,1,0,0,0.0,2024-02-11 16:15:00
4002,sess_04002,Referral,Desktop,1,1,1,1,0,0,0.0,2024-02-11 16:30:00
4003,sess_04003,Social Media,Mobile,1,1,1,1,0,0,0.0,2024-02-11 16:45:00
4004,sess_04004,Organic Search,Tablet,1,1,1,1,0,0,0.0,2024-02-11 17:00:00
4005,sess_04005,Paid Ad,Desktop,1,1,1,1,0,0,0.0,2024-02-11 17:15:00
4006,sess_04006,Referral,Mobile,1,1,1,1,0,0,0.0,2024-02-11 17:30:00
4007,sess_04007,Social Media,Tablet,1,1,1,1,0,0,0.0,2024-02-11 17:45:00
4008,sess_04008,Organic Search,Desktop,1,1,1,1,0,0,0.0,2024-02-11 18:00:00
4009,sess_04009,Paid Ad,Mobile,1,1,1,1,0,0,0.0,2024-02-11 18:15:00
4010,sess_04010,Referral,Tablet,1,1,1,1,0,0,0.0,2024-02-11 18:30:00
4011,sess_04011,Social Media,Desktop,1,1,1,1,0,0,0.0,2024-02-11 18:45:00
4012,sess_04012,Organic Search,Mobile,1,1,1,1,0,0,0.0,2024-02-11 19:00:00
4013,sess_04013,Paid Ad,Tablet,1,1,1,1,0,0,0.0,2024-02-11 19:15:00
4014,sess_04014,Referral,Desktop,1,1,1,1,0,0,0.0,2024-02-11 19:30:00
4015,sess_04015,Social Media,Mobile,1,1,1,1,0,0,0.0,2024-02-11 19:45:00
4016,sess_04016,Organic Search,Tablet,1,1,1,1,0,0,0.0,2024-02-11 20:00:00
4017,sess_04017,Paid Ad,Desktop,1,1,1,1,0,0,0.0,2024-02-11 20:15:00
4018,sess_04018,Referral,Mobile,1,1,1,1,0,0,0.0,2024-02-11 20:30:00
4019,sess_04019,Social Media,Tablet,1,1,1,1,0,0,0.0,2024-02-11 20:45:00
4020,sess_04020,Organic Search,Desktop,1,1,1,1,0,0,0.0,2024-02-11 21:00:00
4021,sess_04021,Paid Ad,Mobile,1,1,1,1,0,0,0.0,2024-02-11 21:15:00
4022,sess_04022,Referral,Tablet,1,1,1,1,0,0,0.0,2024-02-11 21:30:00
4023,sess_04023,Social Media,Desktop,1,1,1,1,0,0,0.0,2024-02-11 21:45:00
4024,sess_04024,Organic Search,Mobile,1,1,1,1,0,0,0.0,2024-02-11 22:00:00
4025,sess_04025,Paid Ad,Tablet,1,1,1,1,0,0,0.0,2024-02-11 22:15:00
4026,sess_04026,Referral,Desktop,1,1,1,1,0,0,0.0,2024-02-11 22:30:00
4027,sess_04027,Social Media,Mobile,1,1,1,1,0,0,0.0,2024-02-11 22:45:00
4028,sess_04028,Organic Search,Tablet,1,1,1,1,0,0,0.0,2024-02-11 23:00:00
4029,sess_04029,Paid Ad,Desktop,1,1,1,1,0,0,0.0,2024-02-11 23:15:00
4030,sess_04030,Referral,Mobile,1,1,1,1,0,0,0.0,2024-02-11 23:30:00
4031,sess_04031,Social Media,Tablet,1,1,1,1,0,0,0.0,2024-02-11 23:45:00
4032,sess_04032,Organic Search,Desktop,1,1,1,1,0,0,0.0,2024-02-12 00:00:00
4033,sess_04033,Paid Ad,Mobile,1,1,1,1,0,0,0.0,2024-02-12 00:15:00
4034,sess_04034,Referral,Tablet,1,1,1,1,0,0,0.0,2024-02-12 00:30:00
4035,sess_04035,Social Media,Desktop,1,1,1,1,0,0,0.0,2024-02-12 00:45:00
4036,sess_04036,Organic Search,Mobile,1,1,1,1,0,0,0.0,2024-02-12 01:00:00
4037,sess_04037,Paid Ad,Tablet,1,1,1,1,0,0,0.0,2024-02-12 01:15:00
4038,sess_04038,Referral,Desktop,1,1,1,1,0,0,0.0,2024-02-12 01:30:00
4039,sess_04039,Social Media,Mobile,1,1,1,1,0,0,0.0,2024-02-12 01:45:00
4040,sess_04040,Organic Search,Tablet,1,1,1,1,0,0,0.0,2024-02-12 02:00:00
4041,sess_04041,Paid Ad,Desktop,1,1,1,1,0,0,0.0,2024-02-12 02:15:00
4042,sess_04042,Referral,Mobile,1,1,1,1,0,0,0.0,2024-02-12 02:30:00
4043,sess_04043,Social Media,Tablet,1,1,1,1,0,0,0.0,2024-02-12 02:45:00
4044,sess_04044,Organic Search,Desktop,1,1,1,1,0,0,0.0,2024-02-12 03:00:00
4045,sess_04045,Paid Ad,Mobile,1,1,1,1,0,0,0.0,2024-02-12 03:15:00
4046,sess_04046,Referral,Tablet,1,1,1,1,0,0,0.0,2024-02-12 03:30:00
4047,sess_04047,Social Media,Desktop,1,1,1,1,0,0,0.0,2024-02-12 03:45:00
4048,sess_04048,Organic Search,Mobile,1,1,1,1,0,0,0.0,2024-02-12 04:00:00
4049,sess_04049,Paid Ad,Tablet,1,1,1,1,0,0,0.0,2024-02-12 04:15:00
4050,sess_04050,Referral,Desktop,1,1,1,1,0,0,0.0,2024-02-12 04:30:00
4051,sess_04051,Social Media,Mobile,1,1,1,1,0,0,0.0,2024-02-12 04:45:00
4052,sess_04052,Organic Search,Tablet,1,1,1,1,0,0,0.0,2024-02-12 05:00:00
4053,sess_04053,Paid Ad,Desktop,1,1,1,1,0,0,0.0,2024-02-12 05:15:00
4054,sess_04054,Referral,Mobile,1,1,1,1,0,0,0.0,2024-02-12 05:30:00
4055,sess_04055,Social Media,Tablet,1,1,1,1,0,0,0.0,2024-02-12 05:45:00
4056,sess_04056,Organic Search,Desktop,1,1,1,1,0,0,0.0,2024-02-12 06:00:00
4057,sess_04057,Paid Ad,Mobile,1,1,1,1,0,0,0.0,2024-02-12 06:15:00
4058,sess_04058,Referral,Tablet,1,1,1,1,0,0,0.0,2024-02-12 06:30:00
4059,sess_04059,Social Media,Desktop,1,1,1,1,0,0,0.0,2024-02-12 06:45:00
4060,sess_04060,Organic Search,Mobile,1,1,1,1,0,0,0.0,2024-02-12 07:00:00
4061,sess_04061,Paid Ad,Tablet,1,1,1,1,0,0,0.0,2024-02-12 07:15:00
4062,sess_04062,Referral,Desktop,1,1,1,1,0,0,0.0,2024-02-12 07:30:00
4063,sess_04063,Social Media,Mobile,1,1,1,1,0,0,0.0,2024-02-12 07:45:00
4064,sess_04064,Organic Search,Tablet,1,1,1,1,0,0,0.0,2024-02-12 08:00:00
4065,sess_04065,Paid Ad,Desktop,1,1,1,1,0,0,0.0,2024-02-12 08:15:00
4066,sess_04066,Referral,Mobile,1,1,1,1,0,0,0.0,2024-02-12 08:30:00
4067,sess_04067,Social Media,Tablet,1,1,1,1,0,0,0.0,2024-02-12 08:45:00
4068,sess_04068,Organic Search,Desktop,1,1,1,1,0,0,0.0,2024-02-12 09:00:00
4069,sess_04069,Paid Ad,Mobile,1,1,1,1,0,0,0.0,2024-02-12 09:15:00
4070,sess_04070,Referral,Tablet,1,1,1,1,0,0,0.0,2024-02-12 09:30:00
4071,sess_04071,Social Media,Desktop,1,1,1,1,0,0,0.0,2024-02-12 09:45:00
4072,sess_04072,Organic Search,Mobile,1,1,1,1,0,0,0.0,2024-02-12 10:00:00
4073,sess_04073,Paid Ad,Tablet,1,1,1,1,0,0,0.0,2024-02-12 10:15:00
4074,sess_04074,Referral,Desktop,1,1,1,1,0,0,0.0,2024-02-12 10:30:00
4075,sess_04075,Social Media,Mobile,1,1,1,1,0,0,0.0,2024-02-12 10:45:00
4076,sess_04076,Organic Search,Tablet,1,1,1,1,0,0,0.0,2024-02-12 11:00:00
4077,sess_04077,Paid Ad,Desktop,1,1,1,1,0,0,0.0,2024-02-12 11:15:00
4078,sess_04078,Referral,Mobile,1,1,1,1,0,0,0.0,2024-02-12 11:30:00
4079,sess_04079,Social Media,Tablet,1,1,1,1,0,0,0.0,2024-02-12 11:45:00
4080,sess_04080,Organic Search,Desktop,1,1,1,1,0,0,0.0,2024-02-12 12:00:00
4081,sess_04081,Paid Ad,Mobile,1,1,1,1,0,0,0.0,2024-02-12 12:15:00
4082,sess_04082,Referral,Tablet,1,1,1,1,0,0,0.0,2024-02-12 12:30:00
4083,sess_04083,Social Media,Desktop,1,1,1,1,0,0,0.0,2024-02-12 12:45:00
4084,sess_04084,Organic Search,Mobile,1,1,1,1,0,0,0.0,2024-02-12 13:00:00
4085,sess_04085,Paid Ad,Tablet,1,1,1,1,0,0,0.0,2024-02-12 13:15:00
4086,sess_04086,Referral,Desktop,1,1,1,1,0,0,0.0,2024-02-12 13:30:00
4087,sess_04087,Social Media,Mobile,1,1,1,1,0,0,0.0,2024-02-12 13:45:00
4088,sess_04088,Organic Search,Tablet,1,1,1,1,0,0,0.0,2024-02-12 14:00:00
4089,sess_04089,Paid Ad,Desktop,1,1,1,1,0,0,0.0,2024-02-12 14:15:00
4090,sess_04090,Referral,Mobile,1,1,1,1,0,0,0.0,2024-02-12 14:30:00
4091,sess_04091,Social Media,Tablet,1,1,1,1,0,0,0.0,2024-02-12 14:45:00
4092,sess_04092,Organic Search,Desktop,1,1,1,1,0,0,0.0,2024-02-12 15:00:00
4093,sess_04093,Paid Ad,Mobile,1,1,1,1,0,0,0.0,2024-02-12 15:15:00
4094,sess_04094,Referral,Tablet,1,1,1,1,0,0,0.0,2024-02-12 15:30:00
4095,sess_04095,Social Media,Desktop,1,1,1,1,0,0,0.0,2024-02-12 15:45:00
4096,sess_04096,Organic Search,Mobile,1,1,1,1,0,0,0.0,2024-02-12 16:00:00
4097,sess_04097,Paid Ad,Tablet,1,1,1,1,0,0,0.0,2024-02-12 16:15:00
4098,sess_04098,Referral,Desktop,1,1,1,1,0,0,0.0,2024-02-12 16:30:00
4099,sess_04099,Social Media,Mobile,1,1,1,1,0,0,0.0,2024-02-12 16:45:00
4100,sess_04100,Organic Search,Tablet,1,1,1,1,0,0,0.0,2024-02-12 17:00:00
4101,sess_04101,Paid Ad,Desktop,1,1,1,1,0,0,0.0,2024-02-12 17:15:00
4102,sess_04102,Referral,Mobile,1,1,1,1,0,0,0.0,2024-02-12 17:30:00
4103,sess_04103,Social Media,Tablet,1,1,1,1,0,0,0.0,2024-02-12 17:45:00
4104,sess_04104,Organic Search,Desktop,1,1,1,1,0,0,0.0,2024-02-12 18:00:00
4105,sess_04105,Paid Ad,Mobile,1,1,1,1,0,0,0.0,2024-02-12 18:15:00
4106,sess_04106,Referral,Tablet,1,1,1,1,0,0,0.0,2024-02-12 18:30:00
4107,sess_04107,Social Media,Desktop,1,1,1,1,0,0,0.0,2024-02-12 18:45:00
4108,sess_04108,Organic Search,Mobile,1,1,1,1,0,0,0.0,2024-02-12 19:00:00
4109,sess_04109,Paid Ad,Tablet,1,1,1,1,0,0,0.0,2024-02-12 19:15:00
4110,sess_04110,Referral,Desktop,1,1,1,1,0,0,0.0,2024-02-12 19:30:00
4111,sess_04111,Social Media,Mobile,1,1,1,1,0,0,0.0,2024-02-12 19:45:00
4112,sess_04112,Organic Search,Tablet,1,1,1,1,0,0,0.0,2024-02-12 20:00:00
4113,sess_04113,Paid Ad,Desktop,1,1,1,1,0,0,0.0,2024-02-12 20:15:00
4114,sess_04114,Referral,Mobile,1,1,1,1,0,0,0.0,2024-02-12 20:30:00
4115,sess_04115,Social Media,Tablet,1,1,1,1,0,0,0.0,2024-02-12 20:45:00
4116,sess_04116,Organic Search,Desktop,1,1,1,1,0,0,0.0,2024-02-12 21:00:00
4117,sess_04117,Paid Ad,Mobile,1,1,1,1,0,0,0.0,2024-02-12 21:15:00
4118,sess_04118,Referral,Tablet,1,1,1,1,0,0,0.0,2024-02-12 21:30:00
4119,sess_04119,Social Media,Desktop,1,1,1,1,0,0,0.0,2024-02-12 21:45:00
4120,sess_04120,Organic Search,Mobile,1,1,1,1,0,0,0.0,2024-02-12 22:00:00
4121,sess_04121,Paid Ad,Tablet,1,1,1,1,0,0,0.0,2024-02-12 22:15:00
4122,sess_04122,Referral,Desktop,1,1,1,1,0,0,0.0,2024-02-12 22:30:00
4123,sess_04123,Social Media,Mobile,1,1,1,1,0,0,0.0,2024-02-12 22:45:00
4124,sess_04124,Organic Search,Tablet,1,1,1,1,0,0,0.0,2024-02-12 23:00:00
4125,sess_04125,Paid Ad,Desktop,1,1,1,1,0,0,0.0,2024-02-12 23:15:00
4126,sess_04126,Referral,Mobile,1,1,1,1,0,0,0.0,2024-02-12 23:30:00
4127,sess_04127,Social Media,Tablet,1,1,1,1,0,0,0.0,2024-02-12 23:45:00
4128,sess_04128,Organic Search,Desktop,1,1,1,1,0,0,0.0,2024-02-13 00:00:00
4129,sess_04129,Paid Ad,Mobile,1,1,1,1,0,0,0.0,2024-02-13 00:15:00
4130,sess_04130,Referral,Tablet,1,1,1,1,0,0,0.0,2024-02-13 00:30:00
4131,sess_04131,Social Media,Desktop,1,1,1,1,0,0,0.0,2024-02-13 00:45:00
4132,sess_04132,Organic Search,Mobile,1,1,1,1,0,0,0.0,2024-02-13 01:00:00
4133,sess_04133,Paid Ad,Tablet,1,1,1,1,0,0,0.0,2024-02-13 01:15:00
4134,sess_04134,Referral,Desktop,1,1,1,1,0,0,0.0,2024-02-13 01:30:00
4135,sess_04135,Social Media,Mobile,1,1,1,1,0,0,0.0,2024-02-13 01:45:00
4136,sess_04136,Organic Search,Tablet,1,1,1,1,0,0,0.0,2024-02-13 02:00:00
4137,sess_04137,Paid Ad,Desktop,1,1,1,1,0,0,0.0,2024-02-13 02:15:00
4138,sess_04138,Referral,Mobile,1,1,1,1,0,0,0.0,2024-02-13 02:30:00
4139,sess_04139,Social Media,Tablet,1,1,1,1,0,0,0.0,2024-02-13 02:45:00
4140,sess_04140,Organic Search,Desktop,1,1,1,1,0,0,0.0,2024-02-13 03:00:00
4141,sess_04141,Paid Ad,Mobile,1,1,1,1,0,0,0.0,2024-02-13 03:15:00
4142,sess_04142,Referral,Tablet,1,1,1,1,0,0,0.0,2024-02-13 03:30:00
4143,sess_04143,Social Media,Desktop,1,1,1,1,0,0,0.0,2024-02-13 03:45:00
4144,sess_04144,Organic Search,Mobile,1,1,1,1,0,0,0.0,2024-02-13 04:00:00
4145,sess_04145,Paid Ad,Tablet,1,1,1,1,0,0,0.0,2024-02-13 04:15:00
4146,sess_04146,Referral,Desktop,1,1,1,1,0,0,0.0,2024-02-13 04:30:00
4147,sess_04147,Social Media,Mobile,1,1,1,1,0,0,0.0,2024-02-13 04:45:00
4148,sess_04148,Organic Search,Tablet,1,1,1,1,0,0,0.0,2024-02-13 05:00:00
4149,sess_04149,Paid Ad,Desktop,1,1,1,1,0,0,0.0,2024-02-13 05:15:00
4150,sess_04150,Referral,Mobile,1,1,1,1,0,0,0.0,2024-02-13 05:30:00
4151,sess_04151,Social Media,Tablet,1,1,1,1,0,0,0.0,2024-02-13 05:45:00
4152,sess_04152,Organic Search,Desktop,1,1,1,1,0,0,0.0,2024-02-13 06:00:00
4153,sess_04153,Paid Ad,Mobile,1,1,1,1,0,0,0.0,2024-02-13 06:15:00
4154,sess_04154,Referral,Tablet,1,1,1,1,0,0,0.0,2024-02-13 06:30:00
4155,sess_04155,Social Media,Desktop,1,1,1,1,0,0,0.0,2024-02-13 06:45:00
4156,sess_04156,Organic Search,Mobile,1,1,1,1,0,0,0.0,2024-02-13 07:00:00
4157,sess_04157,Paid Ad,Tablet,1,1,1,1,0,0,0.0,2024-02-13 07:15:00
4158,sess_04158,Referral,Desktop,1,1,1,1,0,0,0.0,2024-02-13 07:30:00
4159,sess_04159,Social Media,Mobile,1,1,1,1,0,0,0.0,2024-02-13 07:45:00
4160,sess_04160,Organic Search,Tablet,1,1,1,1,0,0,0.0,2024-02-13 08:00:00
4161,sess_04161,Paid Ad,Desktop,1,1,1,1,0,0,0.0,2024-02-13 08:15:00
4162,sess_04162,Referral,Mobile,1,1,1,1,0,0,0.0,2024-02-13 08:30:00
4163,sess_04163,Social Media,Tablet,1,1,1,1,0,0,0.0,2024-02-13 08:45:00
4164,sess_04164,Organic Search,Desktop,1,1,1,1,0,0,0.0,2024-02-13 09:00:00
4165,sess_04165,Paid Ad,Mobile,1,1,1,1,0,0,0.0,2024-02-13 09:15:00
4166,sess_04166,Referral,Tablet,1,1,1,1,0,0,0.0,2024-02-13 09:30:00
4167,sess_04167,Social Media,Desktop,1,1,1,1,0,0,0.0,2024-02-13 09:45:00
4168,sess_04168,Organic Search,Mobile,1,1,1,1,0,0,0.0,2024-02-13 10:00:00
4169,sess_04169,Paid Ad,Tablet,1,1,1,1,0,0,0.0,2024-02-13 10:15:00
4170,sess_04170,Referral,Desktop,1,1,1,1,0,0,0.0,2024-02-13 10:30:00
4171,sess_04171,Social Media,Mobile,1,1,1,1,0,0,0.0,2024-02-13 10:45:00
4172,sess_04172,Organic Search,Tablet,1,1,1,1,0,0,0.0,2024-02-13 11:00:00
4173,sess_04173,Paid Ad,Desktop,1,1,1,1,0,0,0.0,2024-02-13 11:15:00
4174,sess_04174,Referral,Mobile,1,1,1,1,0,0,0.0,2024-02-13 11:30:00
4175,sess_04175,Social Media,Tablet,1,1,1,1,0,0,0.0,2024-02-13 11:45:00
4176,sess_04176,Organic Search,Desktop,1,1,1,1,0,0,0.0,2024-02-13 12:00:00
4177,sess_04177,Paid Ad,Mobile,1,1,1,1,0,0,0.0,2024-02-13 12:15:00
4178,sess_04178,Referral,Tablet,1,1,1,1,0,0,0.0,2024-02-13 12:30:00
4179,sess_04179,Social Media,Desktop,1,1,1,1,0,0,0.0,2024-02-13 12:45:00
4180,sess_04180,Organic Search,Mobile,1,1,1,1,0,0,0.0,2024-02-13 13:00:00
4181,sess_04181,Paid Ad,Tablet,1,1,1,1,0,0,0.0,2024-02-13 13:15:00
4182,sess_04182,Referral,Desktop,1,1,1,1,0,0,0.0,2024-02-13 13:30:00
4183,sess_04183,Social Media,Mobile,1,1,1,1,0,0,0.0,2024-02-13 13:45:00
4184,sess_04184,Organic Search,Tablet,1,1,1,1,0,0,0.0,2024-02-13 14:00:00
4185,sess_04185,Paid Ad,Desktop,1,1,1,1,0,0,0.0,2024-02-13 14:15:00
4186,sess_04186,Referral,Mobile,1,1,1,1,0,0,0.0,2024-02-13 14:30:00
4187,sess_04187,Social Media,Tablet,1,1,1,1,0,0,0.0,2024-02-13 14:45:00
4188,sess_04188,Organic Search,Desktop,1,1,1,1,0,0,0.0,2024-02-13 15:00:00
4189,sess_04189,Paid Ad,Mobile,1,1,1,1,0,0,0.0,2024-02-13 15:15:00
4190,sess_04190,Referral,Tablet,1,1,1,1,0,0,0.0,2024-02-13 15:30:00
4191,sess_04191,Social Media,Desktop,1,1,1,1,0,0,0.0,2024-02-13 15:45:00
4192,sess_04192,Organic Search,Mobile,1,1,1,1,0,0,0.0,2024-02-13 16:00:00
4193,sess_04193,Paid Ad,Tablet,1,1,1,1,0,0,0.0,2024-02-13 16:15:00
4194,sess_04194,Referral,Desktop,1,1,1,1,0,0,0.0,2024-02-13 16:30:00
4195,sess_04195,Social Media,Mobile,1,1,1,1,0,0,0.0,2024-02-13 16:45:00
4196,sess_04196,Organic Search,Tablet,1,1,1,1,0,0,0.0,2024-02-13 17:00:00
4197,sess_04197,Paid Ad,Desktop,1,1,1,1,0,0,0.0,2024-02-13 17:15:00
4198,sess_04198,Referral,Mobile,1,1,1,1,0,0,0.0,2024-02-13 17:30:00
4199,sess_04199,Social Media,Tablet,1,1,1,1,0,0,0.0,2024-02-13 17:45:00
4200,sess_04200,Organic Search,Desktop,1,1,1,1,0,0,0.0,2024-02-13 18:00:00
4201,sess_04201,Paid Ad,Mobile,1,1,1,1,0,0,0.0,2024-02-13 18:15:00
4202,sess_04202,Referral,Tablet,1,1,1,1,0,0,0.0,2024-02-13 18:30:00
4203,sess_04203,Social Media,Desktop,1,1,1,1,0,0,0.0,2024-02-13 18:45:00
4204,sess_04204,Organic Search,Mobile,1,1,1,1,0,0,0.0,2024-02-13 19:00:00
4205,sess_04205,Paid Ad,Tablet,1,1,1,1,0,0,0.0,2024-02-13 19:15:00
4206,sess_04206,Referral,Desktop,1,1,1,1,0,0,0.0,2024-02-13 19:30:00
4207,sess_04207,Social Media,Mobile,1,1,1,1,0,0,0.0,2024-02-13 19:45:00
4208,sess_04208,Organic Search,Tablet,1,1,1,1,0,0,0.0,2024-02-13 20:00:00
4209,sess_04209,Paid Ad,Desktop,1,1,1,1,0,0,0.0,2024-02-13 20:15:00
4210,sess_04210,Referral,Mobile,1,1,1,1,0,0,0.0,2024-02-13 20:30:00
4211,sess_04211,Social Media,Tablet,1,1,1,1,0,0,0.0,2024-02-13 20:45:00
4212,sess_04212,Organic Search,Desktop,1,1,1,1,0,0,0.0,2024-02-13 21:00:00
4213,sess_04213,Paid Ad,Mobile,1,1,1,1,0,0,0.0,2024-02-13 21:15:00
4214,sess_04214,Referral,Tablet,1,1,1,1,0,0,0.0,2024-02-13 21:30:00
4215,sess_04215,Social Media,Desktop,1,1,1,1,0,0,0.0,2024-02-13 21:45:00
4216,sess_04216,Organic Search,Mobile,1,1,1,1,0,0,0.0,2024-02-13 22:00:00
4217,sess_04217,Paid Ad,Tablet,1,1,1,1,0,0,0.0,2024-02-13 22:15:00
4218,sess_04218,Referral,Desktop,1,1,1,1,0,0,0.0,2024-02-13 22:30:00
4219,sess_04219,Social Media,Mobile,1,1,1,1,0,0,0.0,2024-02-13 22:45:00
4220,sess_04220,Organic Search,Tablet,1,1,1,1,0,0,0.0,2024-02-13 23:00:00
4221,sess_04221,Paid Ad,Desktop,1,1,1,1,0,0,0.0,2024-02-13 23:15:00
4222,sess_04222,Referral,Mobile,1,1,1,1,0,0,0.0,2024-02-13 23:30:00
4223,sess_04223,Social Media,Tablet,1,1,1,1,0,0,0.0,2024-02-13 23:45:00
4224,sess_04224,Organic Search,Desktop,1,1,1,1,0,0,0.0,2024-02-14 00:00:00
4225,sess_04225,Paid Ad,Mobile,1,1,1,1,0,0,0.0,2024-02-14 00:15:00
4226,sess_04226,Referral,Tablet,1,1,1,1,0,0,0.0,2024-02-14 00:30:00
4227,sess_04227,Social Media,Desktop,1,1,1,1,0,0,0.0,2024-02-14 00:45:00
4228,sess_04228,Organic Search,Mobile,1,1,1,1,0,0,0.0,2024-02-14 01:00:00
4229,sess_04229,Paid Ad,Tablet,1,1,1,1,0,0,0.0,2024-02-14 01:15:00
4230,sess_04230,Referral,Desktop,1,1,1,1,0,0,0.0,2024-02-14 01:30:00
4231,sess_04231,Social Media,Mobile,1,1,1,1,0,0,0.0,2024-02-14 01:45:00
4232,sess_04232,Organic Search,Tablet,1,1,1,1,0,0,0.0,2024-02-14 02:00:00
4233,sess_04233,Paid Ad,Desktop,1,1,1,1,0,0,0.0,2024-02-14 02:15:00
4234,sess_04234,Referral,Mobile,1,1,1,1,0,0,0.0,2024-02-14 02:30:00
4235,sess_04235,Social Media,Tablet,1,1,1,1,0,0,0.0,2024-02-14 02:45:00
4236,sess_04236,Organic Search,Desktop,1,1,1,1,0,0,0.0,2024-02-14 03:00:00
4237,sess_04237,Paid Ad,Mobile,1,1,1,1,0,0,0.0,2024-02-14 03:15:00
4238,sess_04238,Referral,Tablet,1,1,1,1,0,0,0.0,2024-02-14 03:30:00
4239,sess_04239,Social Media,Desktop,1,1,1,1,0,0,0.0,2024-02-14 03:45:00
4240,sess_04240,Organic Search,Mobile,1,1,1,1,0,0,0.0,2024-02-14 04:00:00
4241,sess_04241,Paid Ad,Tablet,1,1,1,1,0,0,0.0,2024-02-14 04:15:00
4242,sess_04242,Referral,Desktop,1,1,1,1,0,0,0.0,2024-02-14 04:30:00
4243,sess_04243,Social Media,Mobile,1,1,1,1,0,0,0.0,2024-02-14 04:45:00
4244,sess_04244,Organic Search,Tablet,1,1,1,1,0,0,0.0,2024-02-14 05:00:00
4245,sess_04245,Paid Ad,Desktop,1,1,1,1,0,0,0.0,2024-02-14 05:15:00
4246,sess_04246,Referral,Mobile,1,1,1,1,0,0,0.0,2024-02-14 05:30:00
4247,sess_04247,Social Media,Tablet,1,1,1,1,0,0,0.0,2024-02-14 05:45:00
4248,sess_04248,Organic Search,Desktop,1,1,1,1,0,0,0.0,2024-02-14 06:00:00
4249,sess_04249,Paid Ad,Mobile,1,1,1,1,0,0,0.0,2024-02-14 06:15:00
4250,sess_04250,Referral,Tablet,1,1,1,1,0,0,0.0,2024-02-14 06:30:00
4251,sess_04251,Social Media,Desktop,1,1,1,1,0,0,0.0,2024-02-14 06:45:00
4252,sess_04252,Organic Search,Mobile,1,1,1,1,0,0,0.0,2024-02-14 07:00:00
4253,sess_04253,Paid Ad,Tablet,1,1,1,1,0,0,0.0,2024-02-14 07:15:00
4254,sess_04254,Referral,Desktop,1,1,1,1,0,0,0.0,2024-02-14 07:30:00
4255,sess_04255,Social Media,Mobile,1,1,1,1,0,0,0.0,2024-02-14 07:45:00
4256,sess_04256,Organic Search,Tablet,1,1,1,1,0,0,0.0,2024-02-14 08:00:00
4257,sess_04257,Paid Ad,Desktop,1,1,1,1,0,0,0.0,2024-02-14 08:15:00
4258,sess_04258,Referral,Mobile,1,1,1,1,0,0,0.0,2024-02-14 08:30:00
4259,sess_04259,Social Media,Tablet,1,1,1,1,0,0,0.0,2024-02-14 08:45:00
4260,sess_04260,Organic Search,Desktop,1,1,1,1,0,0,0.0,2024-02-14 09:00:00
4261,sess_04261,Paid Ad,Mobile,1,1,1,1,0,0,0.0,2024-02-14 09:15:00
4262,sess_04262,Referral,Tablet,1,1,1,1,0,0,0.0,2024-02-14 09:30:00
4263,sess_04263,Social Media,Desktop,1,1,1,1,0,0,0.0,2024-02-14 09:45:00
4264,sess_04264,Organic Search,Mobile,1,1,1,1,0,0,0.0,2024-02-14 10:00:00
4265,sess_04265,Paid Ad,Tablet,1,1,1,1,0,0,0.0,2024-02-14 10:15:00
4266,sess_04266,Referral,Desktop,1,1,1,1,0,0,0.0,2024-02-14 10:30:00
4267,sess_04267,Social Media,Mobile,1,1,1,1,0,0,0.0,2024-02-14 10:45:00
4268,sess_04268,Organic Search,Tablet,1,1,1,1,0,0,0.0,2024-02-14 11:00:00
4269,sess_04269,Paid Ad,Desktop,1,1,1,1,0,0,0.0,2024-02-14 11:15:00
4270,sess_04270,Referral,Mobile,1,1,1,1,0,0,0.0,2024-02-14 11:30:00
4271,sess_04271,Social Media,Tablet,1,1,1,1,0,0,0.0,2024-02-14 11:45:00
4272,sess_04272,Organic Search,Desktop,1,1,1,1,0,0,0.0,2024-02-14 12:00:00
4273,sess_04273,Paid Ad,Mobile,1,1,1,1,0,0,0.0,2024-02-14 12:15:00
4274,sess_04274,Referral,Tablet,1,1,1,1,0,0,0.0,2024-02-14 12:30:00
4275,sess_04275,Social Media,Desktop,1,1,1,1,0,0,0.0,2024-02-14 12:45:00
4276,sess_04276,Organic Search,Mobile,1,1,1,1,0,0,0.0,2024-02-14 13:00:00
4277,sess_04277,Paid Ad,Tablet,1,1,1,1,0,0,0.0,2024-02-14 13:15:00
4278,sess_04278,Referral,Desktop,1,1,1,1,0,0,0.0,2024-02-14 13:30:00
4279,sess_04279,Social Media,Mobile,1,1,1,1,0,0,0.0,2024-02-14 13:45:00
4280,sess_04280,Organic Search,Tablet,1,1,1,1,0,0,0.0,2024-02-14 14:00:00
4281,sess_04281,Paid Ad,Desktop,1,1,1,1,0,0,0.0,2024-02-14 14:15:00
4282,sess_04282,Referral,Mobile,1,1,1,1,0,0,0.0,2024-02-14 14:30:00
4283,sess_04283,Social Media,Tablet,1,1,1,1,0,0,0.0,2024-02-14 14:45:00
4284,sess_04284,Organic Search,Desktop,1,1,1,1,0,0,0.0,2024-02-14 15:00:00
4285,sess_04285,Paid Ad,Mobile,1,1,1,1,0,0,0.0,2024-02-14 15:15:00
4286,sess_04286,Referral,Tablet,1,1,1,1,0,0,0.0,2024-02-14 15:30:00
4287,sess_04287,Social Media,Desktop,1,1,1,1,0,0,0.0,2024-02-14 15:45:00
4288,sess_04288,Organic Search,Mobile,1,1,1,1,0,0,0.0,2024-02-14 16:00:00
4289,sess_04289,Paid Ad,Tablet,1,1,1,1,0,0,0.0,2024-02-14 16:15:00
4290,sess_04290,Referral,Desktop,1,1,1,1,0,0,0.0,2024-02-14 16:30:00
4291,sess_04291,Social Media,Mobile,1,1,1,1,0,0,0.0,2024-02-14 16:45:00
4292,sess_04292,Organic Search,Tablet,1,1,1,1,0,0,0.0,2024-02-14 17:00:00
4293,sess_04293,Paid Ad,Desktop,1,1,1,1,0,0,0.0,2024-02-14 17:15:00
4294,sess_04294,Referral,Mobile,1,1,1,1,0,0,0.0,2024-02-14 17:30:00
4295,sess_04295,Social Media,Tablet,1,1,1,1,0,0,0.0,2024-02-14 17:45:00
4296,sess_04296,Organic Search,Desktop,1,1,1,1,0,0,0.0,2024-02-14 18:00:00
4297,sess_04297,Paid Ad,Mobile,1,1,1,1,0,0,0.0,2024-02-14 18:15:00
4298,sess_04298,Referral,Tablet,1,1,1,1,0,0,0.0,2024-02-14 18:30:00
4299,sess_04299,Social Media,Desktop,1,1,1,1,0,0,0.0,2024-02-14 18:45:00
4300,sess_04300,Organic Search,Mobile,1,1,1,1,0,0,0.0,2024-02-14 19:00:00
4301,sess_04301,Paid Ad,Tablet,1,1,1,1,0,0,0.0,2024-02-14 19:15:00
4302,sess_04302,Referral,Desktop,1,1,1,1,0,0,0.0,2024-02-14 19:30:00
4303,sess_04303,Social Media,Mobile,1,1,1,1,0,0,0.0,2024-02-14 19:45:00
4304,sess_04304,Organic Search,Tablet,1,1,1,1,0,0,0.0,2024-02-14 20:00:00
4305,sess_04305,Paid Ad,Desktop,1,1,1,1,0,0,0.0,2024-02-14 20:15:00
4306,sess_04306,Referral,Mobile,1,1,1,1,0,0,0.0,2024-02-14 20:30:00
4307,sess_04307,Social Media,Tablet,1,1,1,1,0,0,0.0,2024-02-14 20:45:00
4308,sess_04308,Organic Search,Desktop,1,1,1,1,0,0,0.0,2024-02-14 21:00:00
4309,sess_04309,Paid Ad,Mobile,1,1,1,1,0,0,0.0,2024-02-14 21:15:00
4310,sess_04310,Referral,Tablet,1,1,1,1,0,0,0.0,2024-02-14 21:30:00
4311,sess_04311,Social Media,Desktop,1,1,1,1,0,0,0.0,2024-02-14 21:45:00
4312,sess_04312,Organic Search,Mobile,1,1,1,1,0,0,0.0,2024-02-14 22:00:00
4313,sess_04313,Paid Ad,Tablet,1,1,1,1,0,0,0.0,2024-02-14 22:15:00
4314,sess_04314,Referral,Desktop,1,1,1,1,0,0,0.0,2024-02-14 22:30:00
4315,sess_04315,Social Media,Mobile,1,1,1,1,0,0,0.0,2024-02-14 22:45:00
4316,sess_04316,Organic Search,Tablet,1,1,1,1,0,0,0.0,2024-02-14 23:00:00
4317,sess_04317,Paid Ad,Desktop,1,1,1,1,0,0,0.0,2024-02-14 23:15:00
4318,sess_04318,Referral,Mobile,1,1,1,1,0,0,0.0,2024-02-14 23:30:00
4319,sess_04319,Social Media,Tablet,1,1,1,1,0,0,0.0,2024-02-14 23:45:00
4320,sess_04320,Organic Search,Desktop,1,1,1,1,0,0,0.0,2024-02-15 00:00:00
4321,sess_04321,Paid Ad,Mobile,1,1,1,1,0,0,0.0,2024-02-15 00:15:00
4322,sess_04322,Referral,Tablet,1,1,1,1,0,0,0.0,2024-02-15 00:30:00
4323,sess_04323,Social Media,Desktop,1,1,1,1,0,0,0.0,2024-02-15 00:45:00
4324,sess_04324,Organic Search,Mobile,1,1,1,1,0,0,0.0,2024-02-15 01:00:00
4325,sess_04325,Paid Ad,Tablet,1,1,1,1,0,0,0.0,2024-02-15 01:15:00
4326,sess_04326,Referral,Desktop,1,1,1,1,0,0,0.0,2024-02-15 01:30:00
4327,sess_04327,Social Media,Mobile,1,1,1,1,0,0,0.0,2024-02-15 01:45:00
4328,sess_04328,Organic Search,Tablet,1,1,1,1,0,0,0.0,2024-02-15 02:00:00
4329,sess_04329,Paid Ad,Desktop,1,1,1,1,0,0,0.0,2024-02-15 02:15:00
4330,sess_04330,Referral,Mobile,1,1,1,1,0,0,0.0,2024-02-15 02:30:00
4331,sess_04331,Social Media,Tablet,1,1,1,1,0,0,0.0,2024-02-15 02:45:00
4332,sess_04332,Organic Search,Desktop,1,1,1,1,0,0,0.0,2024-02-15 03:00:00
4333,sess_04333,Paid Ad,Mobile,1,1,1,1,0,0,0.0,2024-02-15 03:15:00
4334,sess_04334,Referral,Tablet,1,1,1,1,0,0,0.0,2024-02-15 03:30:00
4335,sess_04335,Social Media,Desktop,1,1,1,1,0,0,0.0,2024-02-15 03:45:00
4336,sess_04336,Organic Search,Mobile,1,1,1,1,0,0,0.0,2024-02-15 04:00:00
4337,sess_04337,Paid Ad,Tablet,1,1,1,1,0,0,0.0,2024-02-15 04:15:00
4338,sess_04338,Referral,Desktop,1,1,1,1,0,0,0.0,2024-02-15 04:30:00
4339,sess_04339,Social Media,Mobile,1,1,1,1,0,0,0.0,2024-02-15 04:45:00
4340,sess_04340,Organic Search,Tablet,1,1,1,1,0,0,0.0,2024-02-15 05:00:00
4341,sess_04341,Paid Ad,Desktop,1,1,1,1,0,0,0.0,2024-02-15 05:15:00
4342,sess_04342,Referral,Mobile,1,1,1,1,0,0,0.0,2024-02-15 05:30:00
4343,sess_04343,Social Media,Tablet,1,1,1,1,0,0,0.0,2024-02-15 05:45:00
4344,sess_04344,Organic Search,Desktop,1,1,1,1,0,0,0.0,2024-02-15 06:00:00
4345,sess_04345,Paid Ad,Mobile,1,1,1,1,0,0,0.0,2024-02-15 06:15:00
4346,sess_04346,Referral,Tablet,1,1,1,1,0,0,0.0,2024-02-15 06:30:00
4347,sess_04347,Social Media,Desktop,1,1,1,1,0,0,0.0,2024-02-15 06:45:00
4348,sess_04348,Organic Search,Mobile,1,1,1,1,0,0,0.0,2024-02-15 07:00:00
4349,sess_04349,Paid Ad,Tablet,1,1,1,1,0,0,0.0,2024-02-15 07:15:00
4350,sess_04350,Referral,Desktop,1,1,1,1,0,0,0.0,2024-02-15 07:30:00
4351,sess_04351,Social Media,Mobile,1,1,1,1,0,0,0.0,2024-02-15 07:45:00
4352,sess_04352,Organic Search,Tablet,1,1,1,1,0,0,0.0,2024-02-15 08:00:00
4353,sess_04353,Paid Ad,Desktop,1,1,1,1,0,0,0.0,2024-02-15 08:15:00
4354,sess_04354,Referral,Mobile,1,1,1,1,0,0,0.0,2024-02-15 08:30:00
4355,sess_04355,Social Media,Tablet,1,1,1,1,0,0,0.0,2024-02-15 08:45:00
4356,sess_04356,Organic Search,Desktop,1,1,1,1,0,0,0.0,2024-02-15 09:00:00
4357,sess_04357,Paid Ad,Mobile,1,1,1,1,0,0,0.0,2024-02-15 09:15:00
4358,sess_04358,Referral,Tablet,1,1,1,1,0,0,0.0,2024-02-15 09:30:00
4359,sess_04359,Social Media,Desktop,1,1,1,1,0,0,0.0,2024-02-15 09:45:00
4360,sess_04360,Organic Search,Mobile,1,1,1,1,0,0,0.0,2024-02-15 10:00:00
4361,sess_04361,Paid Ad,Tablet,1,1,1,1,0,0,0.0,2024-02-15 10:15:00
4362,sess_04362,Referral,Desktop,1,1,1,1,0,0,0.0,2024-02-15 10:30:00
4363,sess_04363,Social Media,Mobile,1,1,1,1,0,0,0.0,2024-02-15 10:45:00
4364,sess_04364,Organic Search,Tablet,1,1,1,1,0,0,0.0,2024-02-15 11:00:00
4365,sess_04365,Paid Ad,Desktop,1,1,1,1,0,0,0.0,2024-02-15 11:15:00
4366,sess_04366,Referral,Mobile,1,1,1,1,0,0,0.0,2024-02-15 11:30:00
4367,sess_04367,Social Media,Tablet,1,1,1,1,0,0,0.0,2024-02-15 11:45:00
4368,sess_04368,Organic Search,Desktop,1,1,1,1,0,0,0.0,2024-02-15 12:00:00
4369,sess_04369,Paid Ad,Mobile,1,1,1,1,0,0,0.0,2024-02-15 12:15:00
4370,sess_04370,Referral,Tablet,1,1,1,1,0,0,0.0,2024-02-15 12:30:00
4371,sess_04371,Social Media,Desktop,1,1,1,1,0,0,0.0,2024-02-15 12:45:00
4372,sess_04372,Organic Search,Mobile,1,1,1,1,0,0,0.0,2024-02-15 13:00:00
4373,sess_04373,Paid Ad,Tablet,1,1,1,1,0,0,0.0,2024-02-15 13:15:00
4374,sess_04374,Referral,Desktop,1,1,1,1,0,0,0.0,2024-02-15 13:30:00
4375,sess_04375,Social Media,Mobile,1,1,1,1,0,0,0.0,2024-02-15 13:45:00
4376,sess_04376,Organic Search,Tablet,1,1,1,1,0,0,0.0,2024-02-15 14:00:00
4377,sess_04377,Paid Ad,Desktop,1,1,1,1,0,0,0.0,2024-02-15 14:15:00
4378,sess_04378,Referral,Mobile,1,1,1,1,0,0,0.0,2024-02-15 14:30:00
4379,sess_04379,Social Media,Tablet,1,1,1,1,0,0,0.0,2024-02-15 14:45:00
4380,sess_04380,Organic Search,Desktop,1,1,1,1,0,0,0.0,2024-02-15 15:00:00
4381,sess_04381,Paid Ad,Mobile,1,1,1,1,0,0,0.0,2024-02-15 15:15:00
4382,sess_04382,Referral,Tablet,1,1,1,1,0,0,0.0,2024-02-15 15:30:00
4383,sess_04383,Social Media,Desktop,1,1,1,1,0,0,0.0,2024-02-15 15:45:00
4384,sess_04384,Organic Search,Mobile,1,1,1,1,0,0,0.0,2024-02-15 16:00:00
4385,sess_04385,Paid Ad,Tablet,1,1,1,1,0,0,0.0,2024-02-15 16:15:00
4386,sess_04386,Referral,Desktop,1,1,1,1,0,0,0.0,2024-02-15 16:30:00
4387,sess_04387,Social Media,Mobile,1,1,1,1,0,0,0.0,2024-02-15 16:45:00
4388,sess_04388,Organic Search,Tablet,1,1,1,1,0,0,0.0,2024-02-15 17:00:00
4389,sess_04389,Paid Ad,Desktop,1,1,1,1,0,0,0.0,2024-02-15 17:15:00
4390,sess_04390,Referral,Mobile,1,1,1,1,0,0,0.0,2024-02-15 17:30:00
4391,sess_04391,Social Media,Tablet,1,1,1,1,0,0,0.0,2024-02-15 17:45:00
4392,sess_04392,Organic Search,Desktop,1,1,1,1,0,0,0.0,2024-02-15 18:00:00
4393,sess_04393,Paid Ad,Mobile,1,1,1,1,0,0,0.0,2024-02-15 18:15:00
4394,sess_04394,Referral,Tablet,1,1,1,1,0,0,0.0,2024-02-15 18:30:00
4395,sess_04395,Social Media,Desktop,1,1,1,1,0,0,0.0,2024-02-15 18:45:00
4396,sess_04396,Organic Search,Mobile,1,1,1,1,0,0,0.0,2024-02-15 19:00:00
4397,sess_04397,Paid Ad,Tablet,1,1,1,1,0,0,0.0,2024-02-15 19:15:00
4398,sess_04398,Referral,Desktop,1,1,1,1,0,0,0.0,2024-02-15 19:30:00
4399,sess_04399,Social Media,Mobile,1,1,1,1,0,0,0.0,2024-02-15 19:45:00
4400,sess_04400,Organic Search,Tablet,1,1,1,1,0,0,0.0,2024-02-15 20:00:00
4401,sess_04401,Paid Ad,Desktop,1,1,1,1,0,0,0.0,2024-02-15 20:15:00
4402,sess_04402,Referral,Mobile,1,1,1,1,0,0,0.0,2024-02-15 20:30:00
4403,sess_04403,Social Media,Tablet,1,1,1,1,0,0,0.0,2024-02-15 20:45:00
4404,sess_04404,Organic Search,Desktop,1,1,1,1,0,0,0.0,2024-02-15 21:00:00
4405,sess_04405,Paid Ad,Mobile,1,1,1,1,0,0,0.0,2024-02-15 21:15:00
4406,sess_04406,Referral,Tablet,1,1,1,1,0,0,0.0,2024-02-15 21:30:00
4407,sess_04407,Social Media,Desktop,1,1,1,1,0,0,0.0,2024-02-15 21:45:00
4408,sess_04408,Organic Search,Mobile,1,1,1,1,0,0,0.0,2024-02-15 22:00:00
4409,sess_04409,Paid Ad,Tablet,1,1,1,1,0,0,0.0,2024-02-15 22:15:00
4410,sess_04410,Referral,Desktop,1,1,1,1,0,0,0.0,2024-02-15 22:30:00
4411,sess_04411,Social Media,Mobile,1,1,1,1,0,0,0.0,2024-02-15 22:45:00
4412,sess_04412,Organic Search,Tablet,1,1,1,1,0,0,0.0,2024-02-15 23:00:00
4413,sess_04413,Paid Ad,Desktop,1,1,1,1,0,0,0.0,2024-02-15 23:15:00
4414,sess_04414,Referral,Mobile,1,1,1,1,0,0,0.0,2024-02-15 23:30:00
4415,sess_04415,Social Media,Tablet,1,1,1,1,0,0,0.0,2024-02-15 23:45:00
4416,sess_04416,Organic Search,Desktop,1,1,1,1,0,0,0.0,2024-02-16 00:00:00
4417,sess_04417,Paid Ad,Mobile,1,1,1,1,0,0,0.0,2024-02-16 00:15:00
4418,sess_04418,Referral,Tablet,1,1,1,1,0,0,0.0,2024-02-16 00:30:00
4419,sess_04419,Social Media,Desktop,1,1,1,1,0,0,0.0,2024-02-16 00:45:00
4420,sess_04420,Organic Search,Mobile,1,1,1,1,0,0,0.0,2024-02-16 01:00:00
4421,sess_04421,Paid Ad,Tablet,1,1,1,1,0,0,0.0,2024-02-16 01:15:00
4422,sess_04422,Referral,Desktop,1,1,1,1,0,0,0.0,2024-02-16 01:30:00
4423,sess_04423,Social Media,Mobile,1,1,1,1,0,0,0.0,2024-02-16 01:45:00
4424,sess_04424,Organic Search,Tablet,1,1,1,1,0,0,0.0,2024-02-16 02:00:00
4425,sess_04425,Paid Ad,Desktop,1,1,1,1,0,0,0.0,2024-02-16 02:15:00
4426,sess_04426,Referral,Mobile,1,1,1,1,0,0,0.0,2024-02-16 02:30:00
4427,sess_04427,Social Media,Tablet,1,1,1,1,0,0,0.0,2024-02-16 02:45:00
4428,sess_04428,Organic Search,Desktop,1,1,1,1,0,0,0.0,2024-02-16 03:00:00
4429,sess_04429,Paid Ad,Mobile,1,1,1,1,0,0,0.0,2024-02-16 03:15:00
4430,sess_04430,Referral,Tablet,1,1,1,1,0,0,0.0,2024-02-16 03:30:00
4431,sess_04431,Social Media,Desktop,1,1,1,1,0,0,0.0,2024-02-16 03:45:00
4432,sess_04432,Organic Search,Mobile,1,1,1,1,0,0,0.0,2024-02-16 04:00:00
4433,sess_04433,Paid Ad,Tablet,1,1,1,1,0,0,0.0,2024-02-16 04:15:00
4434,sess_04434,Referral,Desktop,1,1,1,1,0,0,0.0,2024-02-16 04:30:00
4435,sess_04435,Social Media,Mobile,1,1,1,1,0,0,0.0,2024-02-16 04:45:00
4436,sess_04436,Organic Search,Tablet,1,1,1,1,0,0,0.0,2024-02-16 05:00:00
4437,sess_04437,Paid Ad,Desktop,1,1,1,1,0,0,0.0,2024-02-16 05:15:00
4438,sess_04438,Referral,Mobile,1,1,1,1,0,0,0.0,2024-02-16 05:30:00
4439,sess_04439,Social Media,Tablet,1,1,1,1,0,0,0.0,2024-02-16 05:45:00
4440,sess_04440,Organic Search,Desktop,1,1,1,1,0,0,0.0,2024-02-16 06:00:00
4441,sess_04441,Paid Ad,Mobile,1,1,1,1,0,0,0.0,2024-02-16 06:15:00
4442,sess_04442,Referral,Tablet,1,1,1,1,0,0,0.0,2024-02-16 06:30:00
4443,sess_04443,Social Media,Desktop,1,1,1,1,0,0,0.0,2024-02-16 06:45:00
4444,sess_04444,Organic Search,Mobile,1,1,1,1,0,0,0.0,2024-02-16 07:00:00
4445,sess_04445,Paid Ad,Tablet,1,1,1,1,0,0,0.0,2024-02-16 07:15:00
4446,sess_04446,Referral,Desktop,1,1,1,1,0,0,0.0,2024-02-16 07:30:00
4447,sess_04447,Social Media,Mobile,1,1,1,1,0,0,0.0,2024-02-16 07:45:00
4448,sess_04448,Organic Search,Tablet,1,1,1,1,0,0,0.0,2024-02-16 08:00:00
4449,sess_04449,Paid Ad,Desktop,1,1,1,1,0,0,0.0,2024-02-16 08:15:00
4450,sess_04450,Referral,Mobile,1,1,1,1,0,0,0.0,2024-02-16 08:30:00
4451,sess_04451,Social Media,Tablet,1,1,1,1,0,0,0.0,2024-02-16 08:45:00
4452,sess_04452,Organic Search,Desktop,1,1,1,1,0,0,0.0,2024-02-16 09:00:00
4453,sess_04453,Paid Ad,Mobile,1,1,1,1,0,0,0.0,2024-02-16 09:15:00
4454,sess_04454,Referral,Tablet,1,1,1,1,0,0,0.0,2024-02-16 09:30:00
4455,sess_04455,Social Media,Desktop,1,1,1,1,0,0,0.0,2024-02-16 09:45:00
4456,sess_04456,Organic Search,Mobile,1,1,1,1,0,0,0.0,2024-02-16 10:00:00
4457,sess_04457,Paid Ad,Tablet,1,1,1,1,0,0,0.0,2024-02-16 10:15:00
4458,sess_04458,Referral,Desktop,1,1,1,1,0,0,0.0,2024-02-16 10:30:00
4459,sess_04459,Social Media,Mobile,1,1,1,1,0,0,0.0,2024-02-16 10:45:00
4460,sess_04460,Organic Search,Tablet,1,1,1,1,0,0,0.0,2024-02-16 11:00:00
4461,sess_04461,Paid Ad,Desktop,1,1,1,1,0,0,0.0,2024-02-16 11:15:00
4462,sess_04462,Referral,Mobile,1,1,1,1,0,0,0.0,2024-02-16 11:30:00
4463,sess_04463,Social Media,Tablet,1,1,1,1,0,0,0.0,2024-02-16 11:45:00
4464,sess_04464,Organic Search,Desktop,1,1,1,1,0,0,0.0,2024-02-16 12:00:00
4465,sess_04465,Paid Ad,Mobile,1,1,1,1,0,0,0.0,2024-02-16 12:15:00
4466,sess_04466,Referral,Tablet,1,1,1,1,0,0,0.0,2024-02-16 12:30:00
4467,sess_04467,Social Media,Desktop,1,1,1,1,0,0,0.0,2024-02-16 12:45:00
4468,sess_04468,Organic Search,Mobile,1,1,1,1,0,0,0.0,2024-02-16 13:00:00
4469,sess_04469,Paid Ad,Tablet,1,1,1,1,0,0,0.0,2024-02-16 13:15:00
4470,sess_04470,Referral,Desktop,1,1,1,1,0,0,0.0,2024-02-16 13:30:00
4471,sess_04471,Social Media,Mobile,1,1,1,1,0,0,0.0,2024-02-16 13:45:00
4472,sess_04472,Organic Search,Tablet,1,1,1,1,0,0,0.0,2024-02-16 14:00:00
4473,sess_04473,Paid Ad,Desktop,1,1,1,1,0,0,0.0,2024-02-16 14:15:00
4474,sess_04474,Referral,Mobile,1,1,1,1,0,0,0.0,2024-02-16 14:30:00
4475,sess_04475,Social Media,Tablet,1,1,1,1,0,0,0.0,2024-02-16 14:45:00
4476,sess_04476,Organic Search,Desktop,1,1,1,1,0,0,0.0,2024-02-16 15:00:00
4477,sess_04477,Paid Ad,Mobile,1,1,1,1,0,0,0.0,2024-02-16 15:15:00
4478,sess_04478,Referral,Tablet,1,1,1,1,0,0,0.0,2024-02-16 15:30:00
4479,sess_04479,Social Media,Desktop,1,1,1,1,0,0,0.0,2024-02-16 15:45:00
4480,sess_04480,Organic Search,Mobile,1,1,1,1,0,0,0.0,2024-02-16 16:00:00
4481,sess_04481,Paid Ad,Tablet,1,1,1,1,0,0,0.0,2024-02-16 16:15:00
4482,sess_04482,Referral,Desktop,1,1,1,1,0,0,0.0,2024-02-16 16:30:00
4483,sess_04483,Social Media,Mobile,1,1,1,1,0,0,0.0,2024-02-16 16:45:00
4484,sess_04484,Organic Search,Tablet,1,1,1,1,0,0,0.0,2024-02-16 17:00:00
4485,sess_04485,Paid Ad,Desktop,1,1,1,1,0,0,0.0,2024-02-16 17:15:00
4486,sess_04486,Referral,Mobile,1,1,1,1,0,0,0.0,2024-02-16 17:30:00
4487,sess_04487,Social Media,Tablet,1,1,1,1,0,0,0.0,2024-02-16 17:45:00
4488,sess_04488,Organic Search,Desktop,1,1,1,1,0,0,0.0,2024-02-16 18:00:00
4489,sess_04489,Paid Ad,Mobile,1,1,1,1,0,0,0.0,2024-02-16 18:15:00
4490,sess_04490,Referral,Tablet,1,1,1,1,0,0,0.0,2024-02-16 18:30:00
4491,sess_04491,Social Media,Desktop,1,1,1,1,0,0,0.0,2024-02-16 18:45:00
4492,sess_04492,Organic Search,Mobile,1,1,1,1,0,0,0.0,2024-02-16 19:00:00
4493,sess_04493,Paid Ad,Tablet,1,1,1,1,0,0,0.0,2024-02-16 19:15:00
4494,sess_04494,Referral,Desktop,1,1,1,1,0,0,0.0,2024-02-16 19:30:00
4495,sess_04495,Social Media,Mobile,1,1,1,1,0,0,0.0,2024-02-16 19:45:00
4496,sess_04496,Organic Search,Tablet,1,1,1,1,0,0,0.0,2024-02-16 20:00:00
4497,sess_04497,Paid Ad,Desktop,1,1,1,1,0,0,0.0,2024-02-16 20:15:00
4498,sess_04498,Referral,Mobile,1,1,1,1,0,0,0.0,2024-02-16 20:30:00
4499,sess_04499,Social Media,Tablet,1,1,1,1,0,0,0.0,2024-02-16 20:45:00
4500,sess_04500,Organic Search,Desktop,1,1,1,1,0,0,0.0,2024-02-16 21:00:00
4501,sess_04501,Paid Ad,Mobile,1,1,1,1,0,0,0.0,2024-02-16 21:15:00
4502,sess_04502,Referral,Tablet,1,1,1,1,0,0,0.0,2024-02-16 21:30:00
4503,sess_04503,Social Media,Desktop,1,1,1,1,0,0,0.0,2024-02-16 21:45:00
4504,sess_04504,Organic Search,Mobile,1,1,1,1,0,0,0.0,2024-02-16 22:00:00
4505,sess_04505,Paid Ad,Tablet,1,1,1,1,0,0,0.0,2024-02-16 22:15:00
4506,sess_04506,Referral,Desktop,1,1,1,1,0,0,0.0,2024-02-16 22:30:00
4507,sess_04507,Social Media,Mobile,1,1,1,1,0,0,0.0,2024-02-16 22:45:00
4508,sess_04508,Organic Search,Tablet,1,1,1,1,0,0,0.0,2024-02-16 23:00:00
4509,sess_04509,Paid Ad,Desktop,1,1,1,1,0,0,0.0,2024-02-16 23:15:00
4510,sess_04510,Referral,Mobile,1,1,1,1,0,0,0.0,2024-02-16 23:30:00
4511,sess_04511,Social Media,Tablet,1,1,1,1,0,0,0.0,2024-02-16 23:45:00
4512,sess_04512,Organic Search,Desktop,1,1,1,1,0,0,0.0,2024-02-17 00:00:00
4513,sess_04513,Paid Ad,Mobile,1,1,1,1,0,0,0.0,2024-02-17 00:15:00
4514,sess_04514,Referral,Tablet,1,1,1,1,0,0,0.0,2024-02-17 00:30:00
4515,sess_04515,Social Media,Desktop,1,1,1,1,0,0,0.0,2024-02-17 00:45:00
4516,sess_04516,Organic Search,Mobile,1,1,1,1,0,0,0.0,2024-02-17 01:00:00
4517,sess_04517,Paid Ad,Tablet,1,1,1,1,0,0,0.0,2024-02-17 01:15:00
4518,sess_04518,Referral,Desktop,1,1,1,1,0,0,0.0,2024-02-17 01:30:00
4519,sess_04519,Social Media,Mobile,1,1,1,1,0,0,0.0,2024-02-17 01:45:00
4520,sess_04520,Organic Search,Tablet,1,1,1,1,0,0,0.0,2024-02-17 02:00:00
4521,sess_04521,Paid Ad,Desktop,1,1,1,1,0,0,0.0,2024-02-17 02:15:00
4522,sess_04522,Referral,Mobile,1,1,1,1,0,0,0.0,2024-02-17 02:30:00
4523,sess_04523,Social Media,Tablet,1,1,1,1,0,0,0.0,2024-02-17 02:45:00
4524,sess_04524,Organic Search,Desktop,1,1,1,1,0,0,0.0,2024-02-17 03:00:00
4525,sess_04525,Paid Ad,Mobile,1,1,1,1,0,0,0.0,2024-02-17 03:15:00
4526,sess_04526,Referral,Tablet,1,1,1,1,0,0,0.0,2024-02-17 03:30:00
4527,sess_04527,Social Media,Desktop,1,1,1,1,0,0,0.0,2024-02-17 03:45:00
4528,sess_04528,Organic Search,Mobile,1,1,1,1,0,0,0.0,2024-02-17 04:00:00
4529,sess_04529,Paid Ad,Tablet,1,1,1,1,0,0,0.0,2024-02-17 04:15:00
4530,sess_04530,Referral,Desktop,1,1,1,1,0,0,0.0,2024-02-17 04:30:00
4531,sess_04531,Social Media,Mobile,1,1,1,1,0,0,0.0,2024-02-17 04:45:00
4532,sess_04532,Organic Search,Tablet,1,1,1,1,0,0,0.0,2024-02-17 05:00:00
4533,sess_04533,Paid Ad,Desktop,1,1,1,1,0,0,0.0,2024-02-17 05:15:00
4534,sess_04534,Referral,Mobile,1,1,1,1,0,0,0.0,2024-02-17 05:30:00
4535,sess_04535,Social Media,Tablet,1,1,1,1,0,0,0.0,2024-02-17 05:45:00
4536,sess_04536,Organic Search,Desktop,1,1,1,1,0,0,0.0,2024-02-17 06:00:00
4537,sess_04537,Paid Ad,Mobile,1,1,1,1,0,0,0.0,2024-02-17 06:15:00
4538,sess_04538,Referral,Tablet,1,1,1,1,0,0,0.0,2024-02-17 06:30:00
4539,sess_04539,Social Media,Desktop,1,1,1,1,0,0,0.0,2024-02-17 06:45:00
4540,sess_04540,Organic Search,Mobile,1,1,1,1,0,0,0.0,2024-02-17 07:00:00
4541,sess_04541,Paid Ad,Tablet,1,1,1,1,0,0,0.0,2024-02-17 07:15:00
4542,sess_04542,Referral,Desktop,1,1,1,1,0,0,0.0,2024-02-17 07:30:00
4543,sess_04543,Social Media,Mobile,1,1,1,1,0,0,0.0,2024-02-17 07:45:00
4544,sess_04544,Organic Search,Tablet,1,1,1,1,0,0,0.0,2024-02-17 08:00:00
4545,sess_04545,Paid Ad,Desktop,1,1,1,1,0,0,0.0,2024-02-17 08:15:00
4546,sess_04546,Referral,Mobile,1,1,1,1,0,0,0.0,2024-02-17 08:30:00
4547,sess_04547,Social Media,Tablet,1,1,1,1,0,0,0.0,2024-02-17 08:45:00
4548,sess_04548,Organic Search,Desktop,1,1,1,1,0,0,0.0,2024-02-17 09:00:00
4549,sess_04549,Paid Ad,Mobile,1,1,1,1,0,0,0.0,2024-02-17 09:15:00
4550,sess_04550,Referral,Tablet,1,1,1,1,0,0,0.0,2024-02-17 09:30:00
4551,sess_04551,Social Media,Desktop,1,1,1,1,0,0,0.0,2024-02-17 09:45:00
4552,sess_04552,Organic Search,Mobile,1,1,1,1,0,0,0.0,2024-02-17 10:00:00
4553,sess_04553,Paid Ad,Tablet,1,1,1,1,0,0,0.0,2024-02-17 10:15:00
4554,sess_04554,Referral,Desktop,1,1,1,1,0,0,0.0,2024-02-17 10:30:00
4555,sess_04555,Social Media,Mobile,1,1,1,1,0,0,0.0,2024-02-17 10:45:00
4556,sess_04556,Organic Search,Tablet,1,1,1,1,0,0,0.0,2024-02-17 11:00:00
4557,sess_04557,Paid Ad,Desktop,1,1,1,1,0,0,0.0,2024-02-17 11:15:00
4558,sess_04558,Referral,Mobile,1,1,1,1,0,0,0.0,2024-02-17 11:30:00
4559,sess_04559,Social Media,Tablet,1,1,1,1,0,0,0.0,2024-02-17 11:45:00
4560,sess_04560,Organic Search,Desktop,1,1,1,1,0,0,0.0,2024-02-17 12:00:00
4561,sess_04561,Paid Ad,Mobile,1,1,1,1,0,0,0.0,2024-02-17 12:15:00
4562,sess_04562,Referral,Tablet,1,1,1,1,0,0,0.0,2024-02-17 12:30:00
4563,sess_04563,Social Media,Desktop,1,1,1,1,0,0,0.0,2024-02-17 12:45:00
4564,sess_04564,Organic Search,Mobile,1,1,1,1,0,0,0.0,2024-02-17 13:00:00
4565,sess_04565,Paid Ad,Tablet,1,1,1,1,0,0,0.0,2024-02-17 13:15:00
4566,sess_04566,Referral,Desktop,1,1,1,1,0,0,0.0,2024-02-17 13:30:00
4567,sess_04567,Social Media,Mobile,1,1,1,1,0,0,0.0,2024-02-17 13:45:00
4568,sess_04568,Organic Search,Tablet,1,1,1,1,0,0,0.0,2024-02-17 14:00:00
4569,sess_04569,Paid Ad,Desktop,1,1,1,1,0,0,0.0,2024-02-17 14:15:00
4570,sess_04570,Referral,Mobile,1,1,1,1,0,0,0.0,2024-02-17 14:30:00
4571,sess_04571,Social Media,Tablet,1,1,1,1,0,0,0.0,2024-02-17 14:45:00
4572,sess_04572,Organic Search,Desktop,1,1,1,1,0,0,0.0,2024-02-17 15:00:00
4573,sess_04573,Paid Ad,Mobile,1,1,1,1,0,0,0.0,2024-02-17 15:15:00
4574,sess_04574,Referral,Tablet,1,1,1,1,0,0,0.0,2024-02-17 15:30:00
4575,sess_04575,Social Media,Desktop,1,1,1,1,0,0,0.0,2024-02-17 15:45:00
4576,sess_04576,Organic Search,Mobile,1,1,1,1,0,0,0.0,2024-02-17 16:00:00
4577,sess_04577,Paid Ad,Tablet,1,1,1,1,0,0,0.0,2024-02-17 16:15:00
4578,sess_04578,Referral,Desktop,1,1,1,1,0,0,0.0,2024-02-17 16:30:00
4579,sess_04579,Social Media,Mobile,1,1,1,1,0,0,0.0,2024-02-17 16:45:00
4580,sess_04580,Organic Search,Tablet,1,1,1,1,0,0,0.0,2024-02-17 17:00:00
4581,sess_04581,Paid Ad,Desktop,1,1,1,1,0,0,0.0,2024-02-17 17:15:00
4582,sess_04582,Referral,Mobile,1,1,1,1,0,0,0.0,2024-02-17 17:30:00
4583,sess_04583,Social Media,Tablet,1,1,1,1,0,0,0.0,2024-02-17 17:45:00
4584,sess_04584,Organic Search,Desktop,1,1,1,1,0,0,0.0,2024-02-17 18:00:00
4585,sess_04585,Paid Ad,Mobile,1,1,1,1,0,0,0.0,2024-02-17 18:15:00
4586,sess_04586,Referral,Tablet,1,1,1,1,0,0,0.0,2024-02-17 18:30:00
4587,sess_04587,Social Media,Desktop,1,1,1,1,0,0,0.0,2024-02-17 18:45:00
4588,sess_04588,Organic Search,Mobile,1,1,1,1,0,0,0.0,2024-02-17 19:00:00
4589,sess_04589,Paid Ad,Tablet,1,1,1,1,0,0,0.0,2024-02-17 19:15:00
4590,sess_04590,Referral,Desktop,1,1,1,1,0,0,0.0,2024-02-17 19:30:00
4591,sess_04591,Social Media,Mobile,1,1,1,1,0,0,0.0,2024-02-17 19:45:00
4592,sess_04592,Organic Search,Tablet,1,1,1,1,0,0,0.0,2024-02-17 20:00:00
4593,sess_04593,Paid Ad,Desktop,1,1,1,1,0,0,0.0,2024-02-17 20:15:00
4594,sess_04594,Referral,Mobile,1,1,1,1,0,0,0.0,2024-02-17 20:30:00
4595,sess_04595,Social Media,Tablet,1,1,1,1,0,0,0.0,2024-02-17 20:45:00
4596,sess_04596,Organic Search,Desktop,1,1,1,1,0,0,0.0,2024-02-17 21:00:00
4597,sess_04597,Paid Ad,Mobile,1,1,1,1,0,0,0.0,2024-02-17 21:15:00
4598,sess_04598,Referral,Tablet,1,1,1,1,0,0,0.0,2024-02-17 21:30:00
4599,sess_04599,Social Media,Desktop,1,1,1,1,0,0,0.0,2024-02-17 21:45:00
4600,sess_04600,Organic Search,Mobile,1,1,1,1,0,0,0.0,2024-02-17 22:00:00
4601,sess_04601,Paid Ad,Tablet,1,1,1,1,0,0,0.0,2024-02-17 22:15:00
4602,sess_04602,Referral,Desktop,1,1,1,1,0,0,0.0,2024-02-17 22:30:00
4603,sess_04603,Social Media,Mobile,1,1,1,1,0,0,0.0,2024-02-17 22:45:00
4604,sess_04604,Organic Search,Tablet,1,1,1,1,0,0,0.0,2024-02-17 23:00:00
4605,sess_04605,Paid Ad,Desktop,1,1,1,1,0,0,0.0,2024-02-17 23:15:00
4606,sess_04606,Referral,Mobile,1,1,1,1,0,0,0.0,2024-02-17 23:30:00
4607,sess_04607,Social Media,Tablet,1,1,1,1,0,0,0.0,2024-02-17 23:45:00
4608,sess_04608,Organic Search,Desktop,1,1,1,1,0,0,0.0,2024-02-18 00:00:00
4609,sess_04609,Paid Ad,Mobile,1,1,1,1,0,0,0.0,2024-02-18 00:15:00
4610,sess_04610,Referral,Tablet,1,1,1,1,0,0,0.0,2024-02-18 00:30:00
4611,sess_04611,Social Media,Desktop,1,1,1,1,0,0,0.0,2024-02-18 00:45:00
4612,sess_04612,Organic Search,Mobile,1,1,1,1,0,0,0.0,2024-02-18 01:00:00
4613,sess_04613,Paid Ad,Tablet,1,1,1,1,0,0,0.0,2024-02-18 01:15:00
4614,sess_04614,Referral,Desktop,1,1,1,1,0,0,0.0,2024-02-18 01:30:00
4615,sess_04615,Social Media,Mobile,1,1,1,1,0,0,0.0,2024-02-18 01:45:00
4616,sess_04616,Organic Search,Tablet,1,1,1,1,0,0,0.0,2024-02-18 02:00:00
4617,sess_04617,Paid Ad,Desktop,1,1,1,1,0,0,0.0,2024-02-18 02:15:00
4618,sess_04618,Referral,Mobile,1,1,1,1,0,0,0.0,2024-02-18 02:30:00
4619,sess_04619,Social Media,Tablet,1,1,1,1,0,0,0.0,2024-02-18 02:45:00
4620,sess_04620,Organic Search,Desktop,1,1,1,1,0,0,0.0,2024-02-18 03:00:00
4621,sess_04621,Paid Ad,Mobile,1,1,1,1,0,0,0.0,2024-02-18 03:15:00
4622,sess_04622,Referral,Tablet,1,1,1,1,0,0,0.0,2024-02-18 03:30:00
4623,sess_04623,Social Media,Desktop,1,1,1,1,0,0,0.0,2024-02-18 03:45:00
4624,sess_04624,Organic Search,Mobile,1,1,1,1,0,0,0.0,2024-02-18 04:00:00
4625,sess_04625,Paid Ad,Tablet,1,1,1,1,0,0,0.0,2024-02-18 04:15:00
4626,sess_04626,Referral,Desktop,1,1,1,1,0,0,0.0,2024-02-18 04:30:00
4627,sess_04627,Social Media,Mobile,1,1,1,1,0,0,0.0,2024-02-18 04:45:00
4628,sess_04628,Organic Search,Tablet,1,1,1,1,0,0,0.0,2024-02-18 05:00:00
4629,sess_04629,Paid Ad,Desktop,1,1,1,1,0,0,0.0,2024-02-18 05:15:00
4630,sess_04630,Referral,Mobile,1,1,1,1,0,0,0.0,2024-02-18 05:30:00
4631,sess_04631,Social Media,Tablet,1,1,1,1,0,0,0.0,2024-02-18 05:45:00
4632,sess_04632,Organic Search,Desktop,1,1,1,1,0,0,0.0,2024-02-18 06:00:00
4633,sess_04633,Paid Ad,Mobile,1,1,1,1,0,0,0.0,2024-02-18 06:15:00
4634,sess_04634,Referral,Tablet,1,1,1,1,0,0,0.0,2024-02-18 06:30:00
4635,sess_04635,Social Media,Desktop,1,1,1,1,0,0,0.0,2024-02-18 06:45:00
4636,sess_04636,Organic Search,Mobile,1,1,1,1,0,0,0.0,2024-02-18 07:00:00
4637,sess_04637,Paid Ad,Tablet,1,1,1,1,0,0,0.0,2024-02-18 07:15:00
4638,sess_04638,Referral,Desktop,1,1,1,1,0,0,0.0,2024-02-18 07:30:00
4639,sess_04639,Social Media,Mobile,1,1,1,1,0,0,0.0,2024-02-18 07:45:00
4640,sess_04640,Organic Search,Tablet,1,1,1,1,0,0,0.0,2024-02-18 08:00:00
4641,sess_04641,Paid Ad,Desktop,1,1,1,1,0,0,0.0,2024-02-18 08:15:00
4642,sess_04642,Referral,Mobile,1,1,1,1,0,0,0.0,2024-02-18 08:30:00
4643,sess_04643,Social Media,Tablet,1,1,1,1,0,0,0.0,2024-02-18 08:45:00
4644,sess_04644,Organic Search,Desktop,1,1,1,1,0,0,0.0,2024-02-18 09:00:00
4645,sess_04645,Paid Ad,Mobile,1,1,1,1,0,0,0.0,2024-02-18 09:15:00
4646,sess_04646,Referral,Tablet,1,1,1,1,0,0,0.0,2024-02-18 09:30:00
4647,sess_04647,Social Media,Desktop,1,1,1,1,0,0,0.0,2024-02-18 09:45:00
4648,sess_04648,Organic Search,Mobile,1,1,1,1,0,0,0.0,2024-02-18 10:00:00
4649,sess_04649,Paid Ad,Tablet,1,1,1,1,0,0,0.0,2024-02-18 10:15:00
4650,sess_04650,Referral,Desktop,1,1,1,1,0,0,0.0,2024-02-18 10:30:00
4651,sess_04651,Social Media,Mobile,1,1,1,1,0,0,0.0,2024-02-18 10:45:00
4652,sess_04652,Organic Search,Tablet,1,1,1,1,0,0,0.0,2024-02-18 11:00:00
4653,sess_04653,Paid Ad,Desktop,1,1,1,1,0,0,0.0,2024-02-18 11:15:00
4654,sess_04654,Referral,Mobile,1,1,1,1,0,0,0.0,2024-02-18 11:30:00
4655,sess_04655,Social Media,Tablet,1,1,1,1,0,0,0.0,2024-02-18 11:45:00
4656,sess_04656,Organic Search,Desktop,1,1,1,1,0,0,0.0,2024-02-18 12:00:00
4657,sess_04657,Paid Ad,Mobile,1,1,1,1,0,0,0.0,2024-02-18 12:15:00
4658,sess_04658,Referral,Tablet,1,1,1,1,0,0,0.0,2024-02-18 12:30:00
4659,sess_04659,Social Media,Desktop,1,1,1,1,0,0,0.0,2024-02-18 12:45:00
4660,sess_04660,Organic Search,Mobile,1,1,1,1,0,0,0.0,2024-02-18 13:00:00
4661,sess_04661,Paid Ad,Tablet,1,1,1,1,0,0,0.0,2024-02-18 13:15:00
4662,sess_04662,Referral,Desktop,1,1,1,1,0,0,0.0,2024-02-18 13:30:00
4663,sess_04663,Social Media,Mobile,1,1,1,1,0,0,0.0,2024-02-18 13:45:00
4664,sess_04664,Organic Search,Tablet,1,1,1,1,0,0,0.0,2024-02-18 14:00:00
4665,sess_04665,Paid Ad,Desktop,1,1,1,1,0,0,0.0,2024-02-18 14:15:00
4666,sess_04666,Referral,Mobile,1,1,1,1,0,0,0.0,2024-02-18 14:30:00
4667,sess_04667,Social Media,Tablet,1,1,1,1,0,0,0.0,2024-02-18 14:45:00
4668,sess_04668,Organic Search,Desktop,1,1,1,1,0,0,0.0,2024-02-18 15:00:00
4669,sess_04669,Paid Ad,Mobile,1,1,1,1,0,0,0.0,2024-02-18 15:15:00
4670,sess_04670,Referral,Tablet,1,1,1,1,0,0,0.0,2024-02-18 15:30:00
4671,sess_04671,Social Media,Desktop,1,1,1,1,0,0,0.0,2024-02-18 15:45:00
4672,sess_04672,Organic Search,Mobile,1,1,1,1,0,0,0.0,2024-02-18 16:00:00
4673,sess_04673,Paid Ad,Tablet,1,1,1,1,0,0,0.0,2024-02-18 16:15:00
4674,sess_04674,Referral,Desktop,1,1,1,1,0,0,0.0,2024-02-18 16:30:00
4675,sess_04675,Social Media,Mobile,1,1,1,1,0,0,0.0,2024-02-18 16:45:00
4676,sess_04676,Organic Search,Tablet,1,1,1,1,0,0,0.0,2024-02-18 17:00:00
4677,sess_04677,Paid Ad,Desktop,1,1,1,1,0,0,0.0,2024-02-18 17:15:00
4678,sess_04678,Referral,Mobile,1,1,1,1,0,0,0.0,2024-02-18 17:30:00
4679,sess_04679,Social Media,Tablet,1,1,1,1,0,0,0.0,2024-02-18 17:45:00
4680,sess_04680,Organic Search,Desktop,1,1,1,1,0,0,0.0,2024-02-18 18:00:00
4681,sess_04681,Paid Ad,Mobile,1,1,1,1,0,0,0.0,2024-02-18 18:15:00
4682,sess_04682,Referral,Tablet,1,1,1,1,0,0,0.0,2024-02-18 18:30:00
4683,sess_04683,Social Media,Desktop,1,1,1,1,0,0,0.0,2024-02-18 18:45:00
4684,sess_04684,Organic Search,Mobile,1,1,1,1,0,0,0.0,2024-02-18 19:00:00
4685,sess_04685,Paid Ad,Tablet,1,1,1,1,0,0,0.0,2024-02-18 19:15:00
4686,sess_04686,Referral,Desktop,1,1,1,1,0,0,0.0,2024-02-18 19:30:00
4687,sess_04687,Social Media,Mobile,1,1,1,1,0,0,0.0,2024-02-18 19:45:00
4688,sess_04688,Organic Search,Tablet,1,1,1,1,0,0,0.0,2024-02-18 20:00:00
4689,sess_04689,Paid Ad,Desktop,1,1,1,1,0,0,0.0,2024-02-18 20:15:00
4690,sess_04690,Referral,Mobile,1,1,1,1,0,0,0.0,2024-02-18 20:30:00
4691,sess_04691,Social Media,Tablet,1,1,1,1,0,0,0.0,2024-02-18 20:45:00
4692,sess_04692,Organic Search,Desktop,1,1,1,1,0,0,0.0,2024-02-18 21:00:00
4693,sess_04693,Paid Ad,Mobile,1,1,1,1,0,0,0.0,2024-02-18 21:15:00
4694,sess_04694,Referral,Tablet,1,1,1,1,0,0,0.0,2024-02-18 21:30:00
4695,sess_04695,Social Media,Desktop,1,1,1,1,0,0,0.0,2024-02-18 21:45:00
4696,sess_04696,Organic Search,Mobile,1,1,1,1,0,0,0.0,2024-02-18 22:00:00
4697,sess_04697,Paid Ad,Tablet,1,1,1,1,0,0,0.0,2024-02-18 22:15:00
4698,sess_04698,Referral,Desktop,1,1,1,1,0,0,0.0,2024-02-18 22:30:00
4699,sess_04699,Social Media,Mobile,1,1,1,1,0,0,0.0,2024-02-18 22:45:00
4700,sess_04700,Organic Search,Tablet,1,1,1,1,0,0,0.0,2024-02-18 23:00:00
4701,sess_04701,Paid Ad,Desktop,1,1,1,1,0,0,0.0,2024-02-18 23:15:00
4702,sess_04702,Referral,Mobile,1,1,1,1,0,0,0.0,2024-02-18 23:30:00
4703,sess_04703,Social Media,Tablet,1,1,1,1,0,0,0.0,2024-02-18 23:45:00
4704,sess_04704,Organic Search,Desktop,1,1,1,1,0,0,0.0,2024-02-19 00:00:00
4705,sess_04705,Paid Ad,Mobile,1,1,1,1,0,0,0.0,2024-02-19 00:15:00
4706,sess_04706,Referral,Tablet,1,1,1,1,0,0,0.0,2024-02-19 00:30:00
4707,sess_04707,Social Media,Desktop,1,1,1,1,0,0,0.0,2024-02-19 00:45:00
4708,sess_04708,Organic Search,Mobile,1,1,1,1,0,0,0.0,2024-02-19 01:00:00
4709,sess_04709,Paid Ad,Tablet,1,1,1,1,0,0,0.0,2024-02-19 01:15:00
4710,sess_04710,Referral,Desktop,1,1,1,1,0,0,0.0,2024-02-19 01:30:00
4711,sess_04711,Social Media,Mobile,1,1,1,1,0,0,0.0,2024-02-19 01:45:00
4712,sess_04712,Organic Search,Tablet,1,1,1,1,0,0,0.0,2024-02-19 02:00:00
4713,sess_04713,Paid Ad,Desktop,1,1,1,1,0,0,0.0,2024-02-19 02:15:00
4714,sess_04714,Referral,Mobile,1,1,1,1,0,0,0.0,2024-02-19 02:30:00
4715,sess_04715,Social Media,Tablet,1,1,1,1,0,0,0.0,2024-02-19 02:45:00
4716,sess_04716,Organic Search,Desktop,1,1,1,1,0,0,0.0,2024-02-19 03:00:00
4717,sess_04717,Paid Ad,Mobile,1,1,1,1,0,0,0.0,2024-02-19 03:15:00
4718,sess_04718,Referral,Tablet,1,1,1,1,0,0,0.0,2024-02-19 03:30:00
4719,sess_04719,Social Media,Desktop,1,1,1,1,0,0,0.0,2024-02-19 03:45:00
4720,sess_04720,Organic Search,Mobile,1,1,1,1,0,0,0.0,2024-02-19 04:00:00
4721,sess_04721,Paid Ad,Tablet,1,1,1,1,0,0,0.0,2024-02-19 04:15:00
4722,sess_04722,Referral,Desktop,1,1,1,1,0,0,0.0,2024-02-19 04:30:00
4723,sess_04723,Social Media,Mobile,1,1,1,1,0,0,0.0,2024-02-19 04:45:00
4724,sess_04724,Organic Search,Tablet,1,1,1,1,0,0,0.0,2024-02-19 05:00:00
4725,sess_04725,Paid Ad,Desktop,1,1,1,1,0,0,0.0,2024-02-19 05:15:00
4726,sess_04726,Referral,Mobile,1,1,1,1,0,0,0.0,2024-02-19 05:30:00
4727,sess_04727,Social Media,Tablet,1,1,1,1,0,0,0.0,2024-02-19 05:45:00
4728,sess_04728,Organic Search,Desktop,1,1,1,1,0,0,0.0,2024-02-19 06:00:00
4729,sess_04729,Paid Ad,Mobile,1,1,1,1,0,0,0.0,2024-02-19 06:15:00
4730,sess_04730,Referral,Tablet,1,1,1,1,0,0,0.0,2024-02-19 06:30:00
4731,sess_04731,Social Media,Desktop,1,1,1,1,0,0,0.0,2024-02-19 06:45:00
4732,sess_04732,Organic Search,Mobile,1,1,1,1,0,0,0.0,2024-02-19 07:00:00
4733,sess_04733,Paid Ad,Tablet,1,1,1,1,0,0,0.0,2024-02-19 07:15:00
4734,sess_04734,Referral,Desktop,1,1,1,1,0,0,0.0,2024-02-19 07:30:00
4735,sess_04735,Social Media,Mobile,1,1,1,1,0,0,0.0,2024-02-19 07:45:00
4736,sess_04736,Organic Search,Tablet,1,1,1,1,0,0,0.0,2024-02-19 08:00:00
4737,sess_04737,Paid Ad,Desktop,1,1,1,1,0,0,0.0,2024-02-19 08:15:00
4738,sess_04738,Referral,Mobile,1,1,1,1,0,0,0.0,2024-02-19 08:30:00
4739,sess_04739,Social Media,Tablet,1,1,1,1,0,0,0.0,2024-02-19 08:45:00
4740,sess_04740,Organic Search,Desktop,1,1,1,1,0,0,0.0,2024-02-19 09:00:00
4741,sess_04741,Paid Ad,Mobile,1,1,1,1,0,0,0.0,2024-02-19 09:15:00
4742,sess_04742,Referral,Tablet,1,1,1,1,0,0,0.0,2024-02-19 09:30:00
4743,sess_04743,Social Media,Desktop,1,1,1,1,0,0,0.0,2024-02-19 09:45:00
4744,sess_04744,Organic Search,Mobile,1,1,1,1,0,0,0.0,2024-02-19 10:00:00
4745,sess_04745,Paid Ad,Tablet,1,1,1,1,0,0,0.0,2024-02-19 10:15:00
4746,sess_04746,Referral,Desktop,1,1,1,1,0,0,0.0,2024-02-19 10:30:00
4747,sess_04747,Social Media,Mobile,1,1,1,1,0,0,0.0,2024-02-19 10:45:00
4748,sess_04748,Organic Search,Tablet,1,1,1,1,0,0,0.0,2024-02-19 11:00:00
4749,sess_04749,Paid Ad,Desktop,1,1,1,1,0,0,0.0,2024-02-19 11:15:00
4750,sess_04750,Referral,Mobile,1,1,1,1,0,0,0.0,2024-02-19 11:30:00
4751,sess_04751,Social Media,Tablet,1,1,1,1,0,0,0.0,2024-02-19 11:45:00
4752,sess_04752,Organic Search,Desktop,1,1,1,1,0,0,0.0,2024-02-19 12:00:00
4753,sess_04753,Paid Ad,Mobile,1,1,1,1,0,0,0.0,2024-02-19 12:15:00
4754,sess_04754,Referral,Tablet,1,1,1,1,0,0,0.0,2024-02-19 12:30:00
4755,sess_04755,Social Media,Desktop,1,1,1,1,0,0,0.0,2024-02-19 12:45:00
4756,sess_04756,Organic Search,Mobile,1,1,1,1,0,0,0.0,2024-02-19 13:00:00
4757,sess_04757,Paid Ad,Tablet,1,1,1,1,0,0,0.0,2024-02-19 13:15:00
4758,sess_04758,Referral,Desktop,1,1,1,1,0,0,0.0,2024-02-19 13:30:00
4759,sess_04759,Social Media,Mobile,1,1,1,1,0,0,0.0,2024-02-19 13:45:00
4760,sess_04760,Organic Search,Tablet,1,1,1,1,0,0,0.0,2024-02-19 14:00:00
4761,sess_04761,Paid Ad,Desktop,1,1,1,1,0,0,0.0,2024-02-19 14:15:00
4762,sess_04762,Referral,Mobile,1,1,1,1,0,0,0.0,2024-02-19 14:30:00
4763,sess_04763,Social Media,Tablet,1,1,1,1,0,0,0.0,2024-02-19 14:45:00
4764,sess_04764,Organic Search,Desktop,1,1,1,1,0,0,0.0,2024-02-19 15:00:00
4765,sess_04765,Paid Ad,Mobile,1,1,1,1,0,0,0.0,2024-02-19 15:15:00
4766,sess_04766,Referral,Tablet,1,1,1,1,0,0,0.0,2024-02-19 15:30:00
4767,sess_04767,Social Media,Desktop,1,1,1,1,0,0,0.0,2024-02-19 15:45:00
4768,sess_04768,Organic Search,Mobile,1,1,1,1,0,0,0.0,2024-02-19 16:00:00
4769,sess_04769,Paid Ad,Tablet,1,1,1,1,0,0,0.0,2024-02-19 16:15:00
4770,sess_04770,Referral,Desktop,1,1,1,1,0,0,0.0,2024-02-19 16:30:00
4771,sess_04771,Social Media,Mobile,1,1,1,1,0,0,0.0,2024-02-19 16:45:00
4772,sess_04772,Organic Search,Tablet,1,1,1,1,0,0,0.0,2024-02-19 17:00:00
4773,sess_04773,Paid Ad,Desktop,1,1,1,1,0,0,0.0,2024-02-19 17:15:00
4774,sess_04774,Referral,Mobile,1,1,1,1,0,0,0.0,2024-02-19 17:30:00
4775,sess_04775,Social Media,Tablet,1,1,1,1,0,0,0.0,2024-02-19 17:45:00
4776,sess_04776,Organic Search,Desktop,1,1,1,1,0,0,0.0,2024-02-19 18:00:00
4777,sess_04777,Paid Ad,Mobile,1,1,1,1,0,0,0.0,2024-02-19 18:15:00
4778,sess_04778,Referral,Tablet,1,1,1,1,0,0,0.0,2024-02-19 18:30:00
4779,sess_04779,Social Media,Desktop,1,1,1,1,0,0,0.0,2024-02-19 18:45:00
4780,sess_04780,Organic Search,Mobile,1,1,1,1,0,0,0.0,2024-02-19 19:00:00
4781,sess_04781,Paid Ad,Tablet,1,1,1,1,0,0,0.0,2024-02-19 19:15:00
4782,sess_04782,Referral,Desktop,1,1,1,1,0,0,0.0,2024-02-19 19:30:00
4783,sess_04783,Social Media,Mobile,1,1,1,1,0,0,0.0,2024-02-19 19:45:00
4784,sess_04784,Organic Search,Tablet,1,1,1,1,0,0,0.0,2024-02-19 20:00:00
4785,sess_04785,Paid Ad,Desktop,1,1,1,1,0,0,0.0,2024-02-19 20:15:00
4786,sess_04786,Referral,Mobile,1,1,1,1,0,0,0.0,2024-02-19 20:30:00
4787,sess_04787,Social Media,Tablet,1,1,1,1,0,0,0.0,2024-02-19 20:45:00
4788,sess_04788,Organic Search,Desktop,1,1,1,1,0,0,0.0,2024-02-19 21:00:00
4789,sess_04789,Paid Ad,Mobile,1,1,1,1,0,0,0.0,2024-02-19 21:15:00
4790,sess_04790,Referral,Tablet,1,1,1,1,0,0,0.0,2024-02-19 21:30:00
4791,sess_04791,Social Media,Desktop,1,1,1,1,0,0,0.0,2024-02-19 21:45:00
4792,sess_04792,Organic Search,Mobile,1,1,1,1,0,0,0.0,2024-02-19 22:00:00
4793,sess_04793,Paid Ad,Tablet,1,1,1,1,0,0,0.0,2024-02-19 22:15:00
4794,sess_04794,Referral,Desktop,1,1,1,1,0,0,0.0,2024-02-19 22:30:00
4795,sess_04795,Social Media,Mobile,1,1,1,1,0,0,0.0,2024-02-19 22:45:00
4796,sess_04796,Organic Search,Tablet,1,1,1,1,0,0,0.0,2024-02-19 23:00:00
4797,sess_04797,Paid Ad,Desktop,1,1,1,1,0,0,0.0,2024-02-19 23:15:00
4798,sess_04798,Referral,Mobile,1,1,1,1,0,0,0.0,2024-02-19 23:30:00
4799,sess_04799,Social Media,Tablet,1,1,1,1,0,0,0.0,2024-02-19 23:45:00
4800,sess_04800,Organic Search,Desktop,1,1,1,1,0,0,0.0,2024-02-20 00:00:00
4801,sess_04801,Paid Ad,Mobile,1,1,1,1,0,0,0.0,2024-02-20 00:15:00
4802,sess_04802,Referral,Tablet,1,1,1,1,0,0,0.0,2024-02-20 00:30:00
4803,sess_04803,Social Media,Desktop,1,1,1,1,0,0,0.0,2024-02-20 00:45:00
4804,sess_04804,Organic Search,Mobile,1,1,1,1,0,0,0.0,2024-02-20 01:00:00
4805,sess_04805,Paid Ad,Tablet,1,1,1,1,0,0,0.0,2024-02-20 01:15:00
4806,sess_04806,Referral,Desktop,1,1,1,1,0,0,0.0,2024-02-20 01:30:00
4807,sess_04807,Social Media,Mobile,1,1,1,1,0,0,0.0,2024-02-20 01:45:00
4808,sess_04808,Organic Search,Tablet,1,1,1,1,0,0,0.0,2024-02-20 02:00:00
4809,sess_04809,Paid Ad,Desktop,1,1,1,1,0,0,0.0,2024-02-20 02:15:00
4810,sess_04810,Referral,Mobile,1,1,1,1,0,0,0.0,2024-02-20 02:30:00
4811,sess_04811,Social Media,Tablet,1,1,1,1,0,0,0.0,2024-02-20 02:45:00
4812,sess_04812,Organic Search,Desktop,1,1,1,1,0,0,0.0,2024-02-20 03:00:00
4813,sess_04813,Paid Ad,Mobile,1,1,1,1,0,0,0.0,2024-02-20 03:15:00
4814,sess_04814,Referral,Tablet,1,1,1,1,0,0,0.0,2024-02-20 03:30:00
4815,sess_04815,Social Media,Desktop,1,1,1,1,0,0,0.0,2024-02-20 03:45:00
4816,sess_04816,Organic Search,Mobile,1,1,1,1,0,0,0.0,2024-02-20 04:00:00
4817,sess_04817,Paid Ad,Tablet,1,1,1,1,0,0,0.0,2024-02-20 04:15:00
4818,sess_04818,Referral,Desktop,1,1,1,1,0,0,0.0,2024-02-20 04:30:00
4819,sess_04819,Social Media,Mobile,1,1,1,1,0,0,0.0,2024-02-20 04:45:00
4820,sess_04820,Organic Search,Tablet,1,1,1,1,0,0,0.0,2024-02-20 05:00:00
4821,sess_04821,Paid Ad,Desktop,1,1,1,1,0,0,0.0,2024-02-20 05:15:00
4822,sess_04822,Referral,Mobile,1,1,1,1,0,0,0.0,2024-02-20 05:30:00
4823,sess_04823,Social Media,Tablet,1,1,1,1,0,0,0.0,2024-02-20 05:45:00
4824,sess_04824,Organic Search,Desktop,1,1,1,1,0,0,0.0,2024-02-20 06:00:00
4825,sess_04825,Paid Ad,Mobile,1,1,1,1,0,0,0.0,2024-02-20 06:15:00
4826,sess_04826,Referral,Tablet,1,1,1,1,0,0,0.0,2024-02-20 06:30:00
4827,sess_04827,Social Media,Desktop,1,1,1,1,0,0,0.0,2024-02-20 06:45:00
4828,sess_04828,Organic Search,Mobile,1,1,1,1,0,0,0.0,2024-02-20 07:00:00
4829,sess_04829,Paid Ad,Tablet,1,1,1,1,0,0,0.0,2024-02-20 07:15:00
4830,sess_04830,Referral,Desktop,1,1,1,1,0,0,0.0,2024-02-20 07:30:00
4831,sess_04831,Social Media,Mobile,1,1,1,1,0,0,0.0,2024-02-20 07:45:00
4832,sess_04832,Organic Search,Tablet,1,1,1,1,0,0,0.0,2024-02-20 08:00:00
4833,sess_04833,Paid Ad,Desktop,1,1,1,1,0,0,0.0,2024-02-20 08:15:00
4834,sess_04834,Referral,Mobile,1,1,1,1,0,0,0.0,2024-02-20 08:30:00
4835,sess_04835,Social Media,Tablet,1,1,1,1,0,0,0.0,2024-02-20 08:45:00
4836,sess_04836,Organic Search,Desktop,1,1,1,1,0,0,0.0,2024-02-20 09:00:00
4837,sess_04837,Paid Ad,Mobile,1,1,1,1,0,0,0.0,2024-02-20 09:15:00
4838,sess_04838,Referral,Tablet,1,1,1,1,0,0,0.0,2024-02-20 09:30:00
4839,sess_04839,Social Media,Desktop,1,1,1,1,0,0,0.0,2024-02-20 09:45:00
4840,sess_04840,Organic Search,Mobile,1,1,1,1,0,0,0.0,2024-02-20 10:00:00
4841,sess_04841,Paid Ad,Tablet,1,1,1,1,0,0,0.0,2024-02-20 10:15:00
4842,sess_04842,Referral,Desktop,1,1,1,1,0,0,0.0,2024-02-20 10:30:00
4843,sess_04843,Social Media,Mobile,1,1,1,1,0,0,0.0,2024-02-20 10:45:00
4844,sess_04844,Organic Search,Tablet,1,1,1,1,0,0,0.0,2024-02-20 11:00:00
4845,sess_04845,Paid Ad,Desktop,1,1,1,1,0,0,0.0,2024-02-20 11:15:00
4846,sess_04846,Referral,Mobile,1,1,1,1,0,0,0.0,2024-02-20 11:30:00
4847,sess_04847,Social Media,Tablet,1,1,1,1,0,0,0.0,2024-02-20 11:45:00
4848,sess_04848,Organic Search,Desktop,1,1,1,1,0,0,0.0,2024-02-20 12:00:00
4849,sess_04849,Paid Ad,Mobile,1,1,1,1,0,0,0.0,2024-02-20 12:15:00
4850,sess_04850,Referral,Tablet,1,1,1,1,0,0,0.0,2024-02-20 12:30:00
4851,sess_04851,Social Media,Desktop,1,1,1,1,0,0,0.0,2024-02-20 12:45:00
4852,sess_04852,Organic Search,Mobile,1,1,1,1,0,0,0.0,2024-02-20 13:00:00
4853,sess_04853,Paid Ad,Tablet,1,1,1,1,0,0,0.0,2024-02-20 13:15:00
4854,sess_04854,Referral,Desktop,1,1,1,1,0,0,0.0,2024-02-20 13:30:00
4855,sess_04855,Social Media,Mobile,1,1,1,1,0,0,0.0,2024-02-20 13:45:00
4856,sess_04856,Organic Search,Tablet,1,1,1,1,0,0,0.0,2024-02-20 14:00:00
4857,sess_04857,Paid Ad,Desktop,1,1,1,1,0,0,0.0,2024-02-20 14:15:00
4858,sess_04858,Referral,Mobile,1,1,1,1,0,0,0.0,2024-02-20 14:30:00
4859,sess_04859,Social Media,Tablet,1,1,1,1,0,0,0.0,2024-02-20 14:45:00
4860,sess_04860,Organic Search,Desktop,1,1,1,1,0,0,0.0,2024-02-20 15:00:00
4861,sess_04861,Paid Ad,Mobile,1,1,1,1,0,0,0.0,2024-02-20 15:15:00
4862,sess_04862,Referral,Tablet,1,1,1,1,0,0,0.0,2024-02-20 15:30:00
4863,sess_04863,Social Media,Desktop,1,1,1,1,0,0,0.0,2024-02-20 15:45:00
4864,sess_04864,Organic Search,Mobile,1,1,1,1,0,0,0.0,2024-02-20 16:00:00
4865,sess_04865,Paid Ad,Tablet,1,1,1,1,0,0,0.0,2024-02-20 16:15:00
4866,sess_04866,Referral,Desktop,1,1,1,1,0,0,0.0,2024-02-20 16:30:00
4867,sess_04867,Social Media,Mobile,1,1,1,1,0,0,0.0,2024-02-20 16:45:00
4868,sess_04868,Organic Search,Tablet,1,1,1,1,0,0,0.0,2024-02-20 17:00:00
4869,sess_04869,Paid Ad,Desktop,1,1,1,1,0,0,0.0,2024-02-20 17:15:00
4870,sess_04870,Referral,Mobile,1,1,1,1,0,0,0.0,2024-02-20 17:30:00
4871,sess_04871,Social Media,Tablet,1,1,1,1,0,0,0.0,2024-02-20 17:45:00
4872,sess_04872,Organic Search,Desktop,1,1,1,1,0,0,0.0,2024-02-20 18:00:00
4873,sess_04873,Paid Ad,Mobile,1,1,1,1,0,0,0.0,2024-02-20 18:15:00
4874,sess_04874,Referral,Tablet,1,1,1,1,0,0,0.0,2024-02-20 18:30:00
4875,sess_04875,Social Media,Desktop,1,1,1,1,0,0,0.0,2024-02-20 18:45:00
4876,sess_04876,Organic Search,Mobile,1,1,1,1,0,0,0.0,2024-02-20 19:00:00
4877,sess_04877,Paid Ad,Tablet,1,1,1,1,0,0,0.0,2024-02-20 19:15:00
4878,sess_04878,Referral,Desktop,1,1,1,1,0,0,0.0,2024-02-20 19:30:00
4879,sess_04879,Social Media,Mobile,1,1,1,1,0,0,0.0,2024-02-20 19:45:00
4880,sess_04880,Organic Search,Tablet,1,1,1,1,0,0,0.0,2024-02-20 20:00:00
4881,sess_04881,Paid Ad,Desktop,1,1,1,1,0,0,0.0,2024-02-20 20:15:00
4882,sess_04882,Referral,Mobile,1,1,1,1,0,0,0.0,2024-02-20 20:30:00
4883,sess_04883,Social Media,Tablet,1,1,1,1,0,0,0.0,2024-02-20 20:45:00
4884,sess_04884,Organic Search,Desktop,1,1,1,1,0,0,0.0,2024-02-20 21:00:00
4885,sess_04885,Paid Ad,Mobile,1,1,1,1,0,0,0.0,2024-02-20 21:15:00
4886,sess_04886,Referral,Tablet,1,1,1,1,0,0,0.0,2024-02-20 21:30:00
4887,sess_04887,Social Media,Desktop,1,1,1,1,0,0,0.0,2024-02-20 21:45:00
4888,sess_04888,Organic Search,Mobile,1,1,1,1,0,0,0.0,2024-02-20 22:00:00
4889,sess_04889,Paid Ad,Tablet,1,1,1,1,0,0,0.0,2024-02-20 22:15:00
4890,sess_04890,Referral,Desktop,1,1,1,1,0,0,0.0,2024-02-20 22:30:00
4891,sess_04891,Social Media,Mobile,1,1,1,1,0,0,0.0,2024-02-20 22:45:00
4892,sess_04892,Organic Search,Tablet,1,1,1,1,0,0,0.0,2024-02-20 23:00:00
4893,sess_04893,Paid Ad,Desktop,1,1,1,1,0,0,0.0,2024-02-20 23:15:00
4894,sess_04894,Referral,Mobile,1,1,1,1,0,0,0.0,2024-02-20 23:30:00
4895,sess_04895,Social Media,Tablet,1,1,1,1,0,0,0.0,2024-02-20 23:45:00
4896,sess_04896,Organic Search,Desktop,1,1,1,1,0,0,0.0,2024-02-21 00:00:00
4897,sess_04897,Paid Ad,Mobile,1,1,1,1,0,0,0.0,2024-02-21 00:15:00
4898,sess_04898,Referral,Tablet,1,1,1,1,0,0,0.0,2024-02-21 00:30:00
4899,sess_04899,Social Media,Desktop,1,1,1,1,0,0,0.0,2024-02-21 00:45:00
4900,sess_04900,Organic Search,Mobile,1,1,1,1,0,0,0.0,2024-02-21 01:00:00
4901,sess_04901,Paid Ad,Tablet,1,1,1,1,0,0,0.0,2024-02-21 01:15:00
4902,sess_04902,Referral,Desktop,1,1,1,1,0,0,0.0,2024-02-21 01:30:00
4903,sess_04903,Social Media,Mobile,1,1,1,1,0,0,0.0,2024-02-21 01:45:00
4904,sess_04904,Organic Search,Tablet,1,1,1,1,0,0,0.0,2024-02-21 02:00:00
4905,sess_04905,Paid Ad,Desktop,1,1,1,1,0,0,0.0,2024-02-21 02:15:00
4906,sess_04906,Referral,Mobile,1,1,1,1,0,0,0.0,2024-02-21 02:30:00
4907,sess_04907,Social Media,Tablet,1,1,1,1,0,0,0.0,2024-02-21 02:45:00
4908,sess_04908,Organic Search,Desktop,1,1,1,1,0,0,0.0,2024-02-21 03:00:00
4909,sess_04909,Paid Ad,Mobile,1,1,1,1,0,0,0.0,2024-02-21 03:15:00
4910,sess_04910,Referral,Tablet,1,1,1,1,0,0,0.0,2024-02-21 03:30:00
4911,sess_04911,Social Media,Desktop,1,1,1,1,0,0,0.0,2024-02-21 03:45:00
4912,sess_04912,Organic Search,Mobile,1,1,1,1,0,0,0.0,2024-02-21 04:00:00
4913,sess_04913,Paid Ad,Tablet,1,1,1,1,0,0,0.0,2024-02-21 04:15:00
4914,sess_04914,Referral,Desktop,1,1,1,1,0,0,0.0,2024-02-21 04:30:00
4915,sess_04915,Social Media,Mobile,1,1,1,1,0,0,0.0,2024-02-21 04:45:00
4916,sess_04916,Organic Search,Tablet,1,1,1,1,0,0,0.0,2024-02-21 05:00:00
4917,sess_04917,Paid Ad,Desktop,1,1,1,1,0,0,0.0,2024-02-21 05:15:00
4918,sess_04918,Referral,Mobile,1,1,1,1,0,0,0.0,2024-02-21 05:30:00
4919,sess_04919,Social Media,Tablet,1,1,1,1,0,0,0.0,2024-02-21 05:45:00
4920,sess_04920,Organic Search,Desktop,1,1,1,1,0,0,0.0,2024-02-21 06:00:00
4921,sess_04921,Paid Ad,Mobile,1,1,1,1,0,0,0.0,2024-02-21 06:15:00
4922,sess_04922,Referral,Tablet,1,1,1,1,0,0,0.0,2024-02-21 06:30:00
4923,sess_04923,Social Media,Desktop,1,1,1,1,0,0,0.0,2024-02-21 06:45:00
4924,sess_04924,Organic Search,Mobile,1,1,1,1,0,0,0.0,2024-02-21 07:00:00
4925,sess_04925,Paid Ad,Tablet,1,1,1,1,0,0,0.0,2024-02-21 07:15:00
4926,sess_04926,Referral,Desktop,1,1,1,1,0,0,0.0,2024-02-21 07:30:00
4927,sess_04927,Social Media,Mobile,1,1,1,1,0,0,0.0,2024-02-21 07:45:00
4928,sess_04928,Organic Search,Tablet,1,1,1,1,0,0,0.0,2024-02-21 08:00:00
4929,sess_04929,Paid Ad,Desktop,1,1,1,1,0,0,0.0,2024-02-21 08:15:00
4930,sess_04930,Referral,Mobile,1,1,1,1,0,0,0.0,2024-02-21 08:30:00
4931,sess_04931,Social Media,Tablet,1,1,1,1,0,0,0.0,2024-02-21 08:45:00
4932,sess_04932,Organic Search,Desktop,1,1,1,1,0,0,0.0,2024-02-21 09:00:00
4933,sess_04933,Paid Ad,Mobile,1,1,1,1,0,0,0.0,2024-02-21 09:15:00
4934,sess_04934,Referral,Tablet,1,1,1,1,0,0,0.0,2024-02-21 09:30:00
4935,sess_04935,Social Media,Desktop,1,1,1,1,0,0,0.0,2024-02-21 09:45:00
4936,sess_04936,Organic Search,Mobile,1,1,1,1,0,0,0.0,2024-02-21 10:00:00
4937,sess_04937,Paid Ad,Tablet,1,1,1,1,0,0,0.0,2024-02-21 10:15:00
4938,sess_04938,Referral,Desktop,1,1,1,1,0,0,0.0,2024-02-21 10:30:00
4939,sess_04939,Social Media,Mobile,1,1,1,1,0,0,0.0,2024-02-21 10:45:00
4940,sess_04940,Organic Search,Tablet,1,1,1,1,0,0,0.0,2024-02-21 11:00:00
4941,sess_04941,Paid Ad,Desktop,1,1,1,1,0,0,0.0,2024-02-21 11:15:00
4942,sess_04942,Referral,Mobile,1,1,1,1,0,0,0.0,2024-02-21 11:30:00
4943,sess_04943,Social Media,Tablet,1,1,1,1,0,0,0.0,2024-02-21 11:45:00
4944,sess_04944,Organic Search,Desktop,1,1,1,1,0,0,0.0,2024-02-21 12:00:00
4945,sess_04945,Paid Ad,Mobile,1,1,1,1,0,0,0.0,2024-02-21 12:15:00
4946,sess_04946,Referral,Tablet,1,1,1,1,0,0,0.0,2024-02-21 12:30:00
4947,sess_04947,Social Media,Desktop,1,1,1,1,0,0,0.0,2024-02-21 12:45:00
4948,sess_04948,Organic Search,Mobile,1,1,1,1,0,0,0.0,2024-02-21 13:00:00
4949,sess_04949,Paid Ad,Tablet,1,1,1,1,0,0,0.0,2024-02-21 13:15:00
4950,sess_04950,Referral,Desktop,1,1,1,1,0,0,0.0,2024-02-21 13:30:00
4951,sess_04951,Social Media,Mobile,1,1,1,1,0,0,0.0,2024-02-21 13:45:00
4952,sess_04952,Organic Search,Tablet,1,1,1,1,0,0,0.0,2024-02-21 14:00:00
4953,sess_04953,Paid Ad,Desktop,1,1,1,1,0,0,0.0,2024-02-21 14:15:00
4954,sess_04954,Referral,Mobile,1,1,1,1,0,0,0.0,2024-02-21 14:30:00
4955,sess_04955,Social Media,Tablet,1,1,1,1,0,0,0.0,2024-02-21 14:45:00
4956,sess_04956,Organic Search,Desktop,1,1,1,1,0,0,0.0,2024-02-21 15:00:00
4957,sess_04957,Paid Ad,Mobile,1,1,1,1,0,0,0.0,2024-02-21 15:15:00
4958,sess_04958,Referral,Tablet,1,1,1,1,0,0,0.0,2024-02-21 15:30:00
4959,sess_04959,Social Media,Desktop,1,1,1,1,0,0,0.0,2024-02-21 15:45:00
4960,sess_04960,Organic Search,Mobile,1,1,1,1,0,0,0.0,2024-02-21 16:00:00
4961,sess_04961,Paid Ad,Tablet,1,1,1,1,0,0,0.0,2024-02-21 16:15:00
4962,sess_04962,Referral,Desktop,1,1,1,1,0,0,0.0,2024-02-21 16:30:00
4963,sess_04963,Social Media,Mobile,1,1,1,1,0,0,0.0,2024-02-21 16:45:00
4964,sess_04964,Organic Search,Tablet,1,1,1,1,0,0,0.0,2024-02-21 17:00:00
4965,sess_04965,Paid Ad,Desktop,1,1,1,1,0,0,0.0,2024-02-21 17:15:00
4966,sess_04966,Referral,Mobile,1,1,1,1,0,0,0.0,2024-02-21 17:30:00
4967,sess_04967,Social Media,Tablet,1,1,1,1,0,0,0.0,2024-02-21 17:45:00
4968,sess_04968,Organic Search,Desktop,1,1,1,1,0,0,0.0,2024-02-21 18:00:00
4969,sess_04969,Paid Ad,Mobile,1,1,1,1,0,0,0.0,2024-02-21 18:15:00
4970,sess_04970,Referral,Tablet,1,1,1,1,0,0,0.0,2024-02-21 18:30:00
4971,sess_04971,Social Media,Desktop,1,1,1,1,0,0,0.0,2024-02-21 18:45:00
4972,sess_04972,Organic Search,Mobile,1,1,1,1,0,0,0.0,2024-02-21 19:00:00
4973,sess_04973,Paid Ad,Tablet,1,1,1,1,0,0,0.0,2024-02-21 19:15:00
4974,sess_04974,Referral,Desktop,1,1,1,1,0,0,0.0,2024-02-21 19:30:00
4975,sess_04975,Social Media,Mobile,1,1,1,1,0,0,0.0,2024-02-21 19:45:00
4976,sess_04976,Organic Search,Tablet,1,1,1,1,0,0,0.0,2024-02-21 20:00:00
4977,sess_04977,Paid Ad,Desktop,1,1,1,1,0,0,0.0,2024-02-21 20:15:00
4978,sess_04978,Referral,Mobile,1,1,1,1,0,0,0.0,2024-02-21 20:30:00
4979,sess_04979,Social Media,Tablet,1,1,1,1,0,0,0.0,2024-02-21 20:45:00
4980,sess_04980,Organic Search,Desktop,1,1,1,1,0,0,0.0,2024-02-21 21:00:00
4981,sess_04981,Paid Ad,Mobile,1,1,1,1,0,0,0.0,2024-02-21 21:15:00
4982,sess_04982,Referral,Tablet,1,1,1,1,0,0,0.0,2024-02-21 21:30:00
4983,sess_04983,Social Media,Desktop,1,1,1,1,0,0,0.0,2024-02-21 21:45:00
4984,sess_04984,Organic Search,Mobile,1,1,1,1,0,0,0.0,2024-02-21 22:00:00
4985,sess_04985,Paid Ad,Tablet,1,1,1,1,0,0,0.0,2024-02-21 22:15:00
4986,sess_04986,Referral,Desktop,1,1,1,1,0,0,0.0,2024-02-21 22:30:00
4987,sess_04987,Social Media,Mobile,1,1,1,1,0,0,0.0,2024-02-21 22:45:00
4988,sess_04988,Organic Search,Tablet,1,1,1,1,0,0,0.0,2024-02-21 23:00:00
4989,sess_04989,Paid Ad,Desktop,1,1,1,1,0,0,0.0,2024-02-21 23:15:00
4990,sess_04990,Referral,Mobile,1,1,1,1,0,0,0.0,2024-02-21 23:30:00
4991,sess_04991,Social Media,Tablet,1,1,1,1,0,0,0.0,2024-02-21 23:45:00
4992,sess_04992,Organic Search,Desktop,1,1,1,1,0,0,0.0,2024-02-22 00:00:00
4993,sess_04993,Paid Ad,Mobile,1,1,1,1,0,0,0.0,2024-02-22 00:15:00
4994,sess_04994,Referral,Tablet,1,1,1,1,0,0,0.0,2024-02-22 00:30:00
4995,sess_04995,Social Media,Desktop,1,1,1,1,0,0,0.0,2024-02-22 00:45:00
4996,sess_04996,Organic Search,Mobile,1,1,1,1,0,0,0.0,2024-02-22 01:00:00
4997,sess_04997,Paid Ad,Tablet,1,1,1,1,0,0,0.0,2024-02-22 01:15:00
4998,sess_04998,Referral,Desktop,1,1,1,1,0,0,0.0,2024-02-22 01:30:00
4999,sess_04999,Social Media,Mobile,1,1,1,1,0,0,0.0,2024-02-22 01:45:00
5000,sess_05000,Organic Search,Tablet,1,1,1,1,0,0,0.0,2024-02-22 02:00:00
5001,sess_05001,Paid Ad,Desktop,1,1,1,0,0,0,0.0,2024-02-22 02:15:00
5002,sess_05002,Referral,Mobile,1,1,1,0,0,0,0.0,2024-02-22 02:30:00
5003,sess_05003,Social Media,Tablet,1,1,1,0,0,0,0.0,2024-02-22 02:45:00
5004,sess_05004,Organic Search,Desktop,1,1,1,0,0,0,0.0,2024-02-22 03:00:00
5005,sess_05005,Paid Ad,Mobile,1,1,1,0,0,0,0.0,2024-02-22 03:15:00
5006,sess_05006,Referral,Tablet,1,1,1,0,0,0,0.0,2024-02-22 03:30:00
5007,sess_05007,Social Media,Desktop,1,1,1,0,0,0,0.0,2024-02-22 03:45:00
5008,sess_05008,Organic Search,Mobile,1,1,1,0,0,0,0.0,2024-02-22 04:00:00
5009,sess_05009,Paid Ad,Tablet,1,1,1,0,0,0,0.0,2024-02-22 04:15:00
5010,sess_05010,Referral,Desktop,1,1,1,0,0,0,0.0,2024-02-22 04:30:00
5011,sess_05011,Social Media,Mobile,1,1,1,0,0,0,0.0,2024-02-22 04:45:00
5012,sess_05012,Organic Search,Tablet,1,1,1,0,0,0,0.0,2024-02-22 05:00:00
5013,sess_05013,Paid Ad,Desktop,1,1,1,0,0,0,0.0,2024-02-22 05:15:00
5014,sess_05014,Referral,Mobile,1,1,1,0,0,0,0.0,2024-02-22 05:30:00
5015,sess_05015,Social Media,Tablet,1,1,1,0,0,0,0.0,2024-02-22 05:45:00
5016,sess_05016,Organic Search,Desktop,1,1,1,0,0,0,0.0,2024-02-22 06:00:00
5017,sess_05017,Paid Ad,Mobile,1,1,1,0,0,0,0.0,2024-02-22 06:15:00
5018,sess_05018,Referral,Tablet,1,1,1,0,0,0,0.0,2024-02-22 06:30:00
5019,sess_05019,Social Media,Desktop,1,1,1,0,0,0,0.0,2024-02-22 06:45:00
5020,sess_05020,Organic Search,Mobile,1,1,1,0,0,0,0.0,2024-02-22 07:00:00
5021,sess_05021,Paid Ad,Tablet,1,1,1,0,0,0,0.0,2024-02-22 07:15:00
5022,sess_05022,Referral,Desktop,1,1,1,0,0,0,0.0,2024-02-22 07:30:00
5023,sess_05023,Social Media,Mobile,1,1,1,0,0,0,0.0,2024-02-22 07:45:00
5024,sess_05024,Organic Search,Tablet,1,1,1,0,0,0,0.0,2024-02-22 08:00:00
5025,sess_05025,Paid Ad,Desktop,1,1,1,0,0,0,0.0,2024-02-22 08:15:00
5026,sess_05026,Referral,Mobile,1,1,1,0,0,0,0.0,2024-02-22 08:30:00
5027,sess_05027,Social Media,Tablet,1,1,1,0,0,0,0.0,2024-02-22 08:45:00
5028,sess_05028,Organic Search,Desktop,1,1,1,0,0,0,0.0,2024-02-22 09:00:00
5029,sess_05029,Paid Ad,Mobile,1,1,1,0,0,0,0.0,2024-02-22 09:15:00
5030,sess_05030,Referral,Tablet,1,1,1,0,0,0,0.0,2024-02-22 09:30:00
5031,sess_05031,Social Media,Desktop,1,1,1,0,0,0,0.0,2024-02-22 09:45:00
5032,sess_05032,Organic Search,Mobile,1,1,1,0,0,0,0.0,2024-02-22 10:00:00
5033,sess_05033,Paid Ad,Tablet,1,1,1,0,0,0,0.0,2024-02-22 10:15:00
5034,sess_05034,Referral,Desktop,1,1,1,0,0,0,0.0,2024-02-22 10:30:00
5035,sess_05035,Social Media,Mobile,1,1,1,0,0,0,0.0,2024-02-22 10:45:00
5036,sess_05036,Organic Search,Tablet,1,1,1,0,0,0,0.0,2024-02-22 11:00:00
5037,sess_05037,Paid Ad,Desktop,1,1,1,0,0,0,0.0,2024-02-22 11:15:00
5038,sess_05038,Referral,Mobile,1,1,1,0,0,0,0.0,2024-02-22 11:30:00
5039,sess_05039,Social Media,Tablet,1,1,1,0,0,0,0.0,2024-02-22 11:45:00
5040,sess_05040,Organic Search,Desktop,1,1,1,0,0,0,0.0,2024-02-22 12:00:00
5041,sess_05041,Paid Ad,Mobile,1,1,1,0,0,0,0.0,2024-02-22 12:15:00
5042,sess_05042,Referral,Tablet,1,1,1,0,0,0,0.0,2024-02-22 12:30:00
5043,sess_05043,Social Media,Desktop,1,1,1,0,0,0,0.0,2024-02-22 12:45:00
5044,sess_05044,Organic Search,Mobile,1,1,1,0,0,0,0.0,2024-02-22 13:00:00
5045,sess_05045,Paid Ad,Tablet,1,1,1,0,0,0,0.0,2024-02-22 13:15:00
5046,sess_05046,Referral,Desktop,1,1,1,0,0,0,0.0,2024-02-22 13:30:00
5047,sess_05047,Social Media,Mobile,1,1,1,0,0,0,0.0,2024-02-22 13:45:00
5048,sess_05048,Organic Search,Tablet,1,1,1,0,0,0,0.0,2024-02-22 14:00:00
5049,sess_05049,Paid Ad,Desktop,1,1,1,0,0,0,0.0,2024-02-22 14:15:00
5050,sess_05050,Referral,Mobile,1,1,1,0,0,0,0.0,2024-02-22 14:30:00
5051,sess_05051,Social Media,Tablet,1,1,1,0,0,0,0.0,2024-02-22 14:45:00
5052,sess_05052,Organic Search,Desktop,1,1,1,0,0,0,0.0,2024-02-22 15:00:00
5053,sess_05053,Paid Ad,Mobile,1,1,1,0,0,0,0.0,2024-02-22 15:15:00
5054,sess_05054,Referral,Tablet,1,1,1,0,0,0,0.0,2024-02-22 15:30:00
5055,sess_05055,Social Media,Desktop,1,1,1,0,0,0,0.0,2024-02-22 15:45:00
5056,sess_05056,Organic Search,Mobile,1,1,1,0,0,0,0.0,2024-02-22 16:00:00
5057,sess_05057,Paid Ad,Tablet,1,1,1,0,0,0,0.0,2024-02-22 16:15:00
5058,sess_05058,Referral,Desktop,1,1,1,0,0,0,0.0,2024-02-22 16:30:00
5059,sess_05059,Social Media,Mobile,1,1,1,0,0,0,0.0,2024-02-22 16:45:00
5060,sess_05060,Organic Search,Tablet,1,1,1,0,0,0,0.0,2024-02-22 17:00:00
5061,sess_05061,Paid Ad,Desktop,1,1,1,0,0,0,0.0,2024-02-22 17:15:00
5062,sess_05062,Referral,Mobile,1,1,1,0,0,0,0.0,2024-02-22 17:30:00
5063,sess_05063,Social Media,Tablet,1,1,1,0,0,0,0.0,2024-02-22 17:45:00
5064,sess_05064,Organic Search,Desktop,1,1,1,0,0,0,0.0,2024-02-22 18:00:00
5065,sess_05065,Paid Ad,Mobile,1,1,1,0,0,0,0.0,2024-02-22 18:15:00
5066,sess_05066,Referral,Tablet,1,1,1,0,0,0,0.0,2024-02-22 18:30:00
5067,sess_05067,Social Media,Desktop,1,1,1,0,0,0,0.0,2024-02-22 18:45:00
5068,sess_05068,Organic Search,Mobile,1,1,1,0,0,0,0.0,2024-02-22 19:00:00
5069,sess_05069,Paid Ad,Tablet,1,1,1,0,0,0,0.0,2024-02-22 19:15:00
5070,sess_05070,Referral,Desktop,1,1,1,0,0,0,0.0,2024-02-22 19:30:00
5071,sess_05071,Social Media,Mobile,1,1,1,0,0,0,0.0,2024-02-22 19:45:00
5072,sess_05072,Organic Search,Tablet,1,1,1,0,0,0,0.0,2024-02-22 20:00:00
5073,sess_05073,Paid Ad,Desktop,1,1,1,0,0,0,0.0,2024-02-22 20:15:00
5074,sess_05074,Referral,Mobile,1,1,1,0,0,0,0.0,2024-02-22 20:30:00
5075,sess_05075,Social Media,Tablet,1,1,1,0,0,0,0.0,2024-02-22 20:45:00
5076,sess_05076,Organic Search,Desktop,1,1,1,0,0,0,0.0,2024-02-22 21:00:00
5077,sess_05077,Paid Ad,Mobile,1,1,1,0,0,0,0.0,2024-02-22 21:15:00
5078,sess_05078,Referral,Tablet,1,1,1,0,0,0,0.0,2024-02-22 21:30:00
5079,sess_05079,Social Media,Desktop,1,1,1,0,0,0,0.0,2024-02-22 21:45:00
5080,sess_05080,Organic Search,Mobile,1,1,1,0,0,0,0.0,2024-02-22 22:00:00
5081,sess_05081,Paid Ad,Tablet,1,1,1,0,0,0,0.0,2024-02-22 22:15:00
5082,sess_05082,Referral,Desktop,1,1,1,0,0,0,0.0,2024-02-22 22:30:00
5083,sess_05083,Social Media,Mobile,1,1,1,0,0,0,0.0,2024-02-22 22:45:00
5084,sess_05084,Organic Search,Tablet,1,1,1,0,0,0,0.0,2024-02-22 23:00:00
5085,sess_05085,Paid Ad,Desktop,1,1,1,0,0,0,0.0,2024-02-22 23:15:00
5086,sess_05086,Referral,Mobile,1,1,1,0,0,0,0.0,2024-02-22 23:30:00
5087,sess_05087,Social Media,Tablet,1,1,1,0,0,0,0.0,2024-02-22 23:45:00
5088,sess_05088,Organic Search,Desktop,1,1,1,0,0,0,0.0,2024-02-23 00:00:00
5089,sess_05089,Paid Ad,Mobile,1,1,1,0,0,0,0.0,2024-02-23 00:15:00
5090,sess_05090,Referral,Tablet,1,1,1,0,0,0,0.0,2024-02-23 00:30:00
5091,sess_05091,Social Media,Desktop,1,1,1,0,0,0,0.0,2024-02-23 00:45:00
5092,sess_05092,Organic Search,Mobile,1,1,1,0,0,0,0.0,2024-02-23 01:00:00
5093,sess_05093,Paid Ad,Tablet,1,1,1,0,0,0,0.0,2024-02-23 01:15:00
5094,sess_05094,Referral,Desktop,1,1,1,0,0,0,0.0,2024-02-23 01:30:00
5095,sess_05095,Social Media,Mobile,1,1,1,0,0,0,0.0,2024-02-23 01:45:00
5096,sess_05096,Organic Search,Tablet,1,1,1,0,0,0,0.0,2024-02-23 02:00:00
5097,sess_05097,Paid Ad,Desktop,1,1,1,0,0,0,0.0,2024-02-23 02:15:00
5098,sess_05098,Referral,Mobile,1,1,1,0,0,0,0.0,2024-02-23 02:30:00
5099,sess_05099,Social Media,Tablet,1,1,1,0,0,0,0.0,2024-02-23 02:45:00
5100,sess_05100,Organic Search,Desktop,1,1,1,0,0,0,0.0,2024-02-23 03:00:00
5101,sess_05101,Paid Ad,Mobile,1,1,1,0,0,0,0.0,2024-02-23 03:15:00
5102,sess_05102,Referral,Tablet,1,1,1,0,0,0,0.0,2024-02-23 03:30:00
5103,sess_05103,Social Media,Desktop,1,1,1,0,0,0,0.0,2024-02-23 03:45:00
5104,sess_05104,Organic Search,Mobile,1,1,1,0,0,0,0.0,2024-02-23 04:00:00
5105,sess_05105,Paid Ad,Tablet,1,1,1,0,0,0,0.0,2024-02-23 04:15:00
5106,sess_05106,Referral,Desktop,1,1,1,0,0,0,0.0,2024-02-23 04:30:00
5107,sess_05107,Social Media,Mobile,1,1,1,0,0,0,0.0,2024-02-23 04:45:00
5108,sess_05108,Organic Search,Tablet,1,1,1,0,0,0,0.0,2024-02-23 05:00:00
5109,sess_05109,Paid Ad,Desktop,1,1,1,0,0,0,0.0,2024-02-23 05:15:00
5110,sess_05110,Referral,Mobile,1,1,1,0,0,0,0.0,2024-02-23 05:30:00
5111,sess_05111,Social Media,Tablet,1,1,1,0,0,0,0.0,2024-02-23 05:45:00
5112,sess_05112,Organic Search,Desktop,1,1,1,0,0,0,0.0,2024-02-23 06:00:00
5113,sess_05113,Paid Ad,Mobile,1,1,1,0,0,0,0.0,2024-02-23 06:15:00
5114,sess_05114,Referral,Tablet,1,1,1,0,0,0,0.0,2024-02-23 06:30:00
5115,sess_05115,Social Media,Desktop,1,1,1,0,0,0,0.0,2024-02-23 06:45:00
5116,sess_05116,Organic Search,Mobile,1,1,1,0,0,0,0.0,2024-02-23 07:00:00
5117,sess_05117,Paid Ad,Tablet,1,1,1,0,0,0,0.0,2024-02-23 07:15:00
5118,sess_05118,Referral,Desktop,1,1,1,0,0,0,0.0,2024-02-23 07:30:00
5119,sess_05119,Social Media,Mobile,1,1,1,0,0,0,0.0,2024-02-23 07:45:00
5120,sess_05120,Organic Search,Tablet,1,1,1,0,0,0,0.0,2024-02-23 08:00:00
5121,sess_05121,Paid Ad,Desktop,1,1,1,0,0,0,0.0,2024-02-23 08:15:00
5122,sess_05122,Referral,Mobile,1,1,1,0,0,0,0.0,2024-02-23 08:30:00
5123,sess_05123,Social Media,Tablet,1,1,1,0,0,0,0.0,2024-02-23 08:45:00
5124,sess_05124,Organic Search,Desktop,1,1,1,0,0,0,0.0,2024-02-23 09:00:00
5125,sess_05125,Paid Ad,Mobile,1,1,1,0,0,0,0.0,2024-02-23 09:15:00
5126,sess_05126,Referral,Tablet,1,1,1,0,0,0,0.0,2024-02-23 09:30:00
5127,sess_05127,Social Media,Desktop,1,1,1,0,0,0,0.0,2024-02-23 09:45:00
5128,sess_05128,Organic Search,Mobile,1,1,1,0,0,0,0.0,2024-02-23 10:00:00
5129,sess_05129,Paid Ad,Tablet,1,1,1,0,0,0,0.0,2024-02-23 10:15:00
5130,sess_05130,Referral,Desktop,1,1,1,0,0,0,0.0,2024-02-23 10:30:00
5131,sess_05131,Social Media,Mobile,1,1,1,0,0,0,0.0,2024-02-23 10:45:00
5132,sess_05132,Organic Search,Tablet,1,1,1,0,0,0,0.0,2024-02-23 11:00:00
5133,sess_05133,Paid Ad,Desktop,1,1,1,0,0,0,0.0,2024-02-23 11:15:00
5134,sess_05134,Referral,Mobile,1,1,1,0,0,0,0.0,2024-02-23 11:30:00
5135,sess_05135,Social Media,Tablet,1,1,1,0,0,0,0.0,2024-02-23 11:45:00
5136,sess_05136,Organic Search,Desktop,1,1,1,0,0,0,0.0,2024-02-23 12:00:00
5137,sess_05137,Paid Ad,Mobile,1,1,1,0,0,0,0.0,2024-02-23 12:15:00
5138,sess_05138,Referral,Tablet,1,1,1,0,0,0,0.0,2024-02-23 12:30:00
5139,sess_05139,Social Media,Desktop,1,1,1,0,0,0,0.0,2024-02-23 12:45:00
5140,sess_05140,Organic Search,Mobile,1,1,1,0,0,0,0.0,2024-02-23 13:00:00
5141,sess_05141,Paid Ad,Tablet,1,1,1,0,0,0,0.0,2024-02-23 13:15:00
5142,sess_05142,Referral,Desktop,1,1,1,0,0,0,0.0,2024-02-23 13:30:00
5143,sess_05143,Social Media,Mobile,1,1,1,0,0,0,0.0,2024-02-23 13:45:00
5144,sess_05144,Organic Search,Tablet,1,1,1,0,0,0,0.0,2024-02-23 14:00:00
5145,sess_05145,Paid Ad,Desktop,1,1,1,0,0,0,0.0,2024-02-23 14:15:00
5146,sess_05146,Referral,Mobile,1,1,1,0,0,0,0.0,2024-02-23 14:30:00
5147,sess_05147,Social Media,Tablet,1,1,1,0,0,0,0.0,2024-02-23 14:45:00
5148,sess_05148,Organic Search,Desktop,1,1,1,0,0,0,0.0,2024-02-23 15:00:00
5149,sess_05149,Paid Ad,Mobile,1,1,1,0,0,0,0.0,2024-02-23 15:15:00
5150,sess_05150,Referral,Tablet,1,1,1,0,0,0,0.0,2024-02-23 15:30:00
5151,sess_05151,Social Media,Desktop,1,1,1,0,0,0,0.0,2024-02-23 15:45:00
5152,sess_05152,Organic Search,Mobile,1,1,1,0,0,0,0.0,2024-02-23 16:00:00
5153,sess_05153,Paid Ad,Tablet,1,1,1,0,0,0,0.0,2024-02-23 16:15:00
5154,sess_05154,Referral,Desktop,1,1,1,0,0,0,0.0,2024-02-23 16:30:00
5155,sess_05155,Social Media,Mobile,1,1,1,0,0,0,0.0,2024-02-23 16:45:00
5156,sess_05156,Organic Search,Tablet,1,1,1,0,0,0,0.0,2024-02-23 17:00:00
5157,sess_05157,Paid Ad,Desktop,1,1,1,0,0,0,0.0,2024-02-23 17:15:00
5158,sess_05158,Referral,Mobile,1,1,1,0,0,0,0.0,2024-02-23 17:30:00
5159,sess_05159,Social Media,Tablet,1,1,1,0,0,0,0.0,2024-02-23 17:45:00
5160,sess_05160,Organic Search,Desktop,1,1,1,0,0,0,0.0,2024-02-23 18:00:00
5161,sess_05161,Paid Ad,Mobile,1,1,1,0,0,0,0.0,2024-02-23 18:15:00
5162,sess_05162,Referral,Tablet,1,1,1,0,0,0,0.0,2024-02-23 18:30:00
5163,sess_05163,Social Media,Desktop,1,1,1,0,0,0,0.0,2024-02-23 18:45:00
5164,sess_05164,Organic Search,Mobile,1,1,1,0,0,0,0.0,2024-02-23 19:00:00
5165,sess_05165,Paid Ad,Tablet,1,1,1,0,0,0,0.0,2024-02-23 19:15:00
5166,sess_05166,Referral,Desktop,1,1,1,0,0,0,0.0,2024-02-23 19:30:00
5167,sess_05167,Social Media,Mobile,1,1,1,0,0,0,0.0,2024-02-23 19:45:00
5168,sess_05168,Organic Search,Tablet,1,1,1,0,0,0,0.0,2024-02-23 20:00:00
5169,sess_05169,Paid Ad,Desktop,1,1,1,0,0,0,0.0,2024-02-23 20:15:00
5170,sess_05170,Referral,Mobile,1,1,1,0,0,0,0.0,2024-02-23 20:30:00
5171,sess_05171,Social Media,Tablet,1,1,1,0,0,0,0.0,2024-02-23 20:45:00
5172,sess_05172,Organic Search,Desktop,1,1,1,0,0,0,0.0,2024-02-23 21:00:00
5173,sess_05173,Paid Ad,Mobile,1,1,1,0,0,0,0.0,2024-02-23 21:15:00
5174,sess_05174,Referral,Tablet,1,1,1,0,0,0,0.0,2024-02-23 21:30:00
5175,sess_05175,Social Media,Desktop,1,1,1,0,0,0,0.0,2024-02-23 21:45:00
5176,sess_05176,Organic Search,Mobile,1,1,1,0,0,0,0.0,2024-02-23 22:00:00
5177,sess_05177,Paid Ad,Tablet,1,1,1,0,0,0,0.0,2024-02-23 22:15:00
5178,sess_05178,Referral,Desktop,1,1,1,0,0,0,0.0,2024-02-23 22:30:00
5179,sess_05179,Social Media,Mobile,1,1,1,0,0,0,0.0,2024-02-23 22:45:00
5180,sess_05180,Organic Search,Tablet,1,1,1,0,0,0,0.0,2024-02-23 23:00:00
5181,sess_05181,Paid Ad,Desktop,1,1,1,0,0,0,0.0,2024-02-23 23:15:00
5182,sess_05182,Referral,Mobile,1,1,1,0,0,0,0.0,2024-02-23 23:30:00
5183,sess_05183,Social Media,Tablet,1,1,1,0,0,0,0.0,2024-02-23 23:45:00
5184,sess_05184,Organic Search,Desktop,1,1,1,0,0,0,0.0,2024-02-24 00:00:00
5185,sess_05185,Paid Ad,Mobile,1,1,1,0,0,0,0.0,2024-02-24 00:15:00
5186,sess_05186,Referral,Tablet,1,1,1,0,0,0,0.0,2024-02-24 00:30:00
5187,sess_05187,Social Media,Desktop,1,1,1,0,0,0,0.0,2024-02-24 00:45:00
5188,sess_05188,Organic Search,Mobile,1,1,1,0,0,0,0.0,2024-02-24 01:00:00
5189,sess_05189,Paid Ad,Tablet,1,1,1,0,0,0,0.0,2024-02-24 01:15:00
5190,sess_05190,Referral,Desktop,1,1,1,0,0,0,0.0,2024-02-24 01:30:00
5191,sess_05191,Social Media,Mobile,1,1,1,0,0,0,0.0,2024-02-24 01:45:00
5192,sess_05192,Organic Search,Tablet,1,1,1,0,0,0,0.0,2024-02-24 02:00:00
5193,sess_05193,Paid Ad,Desktop,1,1,1,0,0,0,0.0,2024-02-24 02:15:00
5194,sess_05194,Referral,Mobile,1,1,1,0,0,0,0.0,2024-02-24 02:30:00
5195,sess_05195,Social Media,Tablet,1,1,1,0,0,0,0.0,2024-02-24 02:45:00
5196,sess_05196,Organic Search,Desktop,1,1,1,0,0,0,0.0,2024-02-24 03:00:00
5197,sess_05197,Paid Ad,Mobile,1,1,1,0,0,0,0.0,2024-02-24 03:15:00
5198,sess_05198,Referral,Tablet,1,1,1,0,0,0,0.0,2024-02-24 03:30:00
5199,sess_05199,Social Media,Desktop,1,1,1,0,0,0,0.0,2024-02-24 03:45:00
5200,sess_05200,Organic Search,Mobile,1,1,1,0,0,0,0.0,2024-02-24 04:00:00
5201,sess_05201,Paid Ad,Tablet,1,1,1,0,0,0,0.0,2024-02-24 04:15:00
5202,sess_05202,Referral,Desktop,1,1,1,0,0,0,0.0,2024-02-24 04:30:00
5203,sess_05203,Social Media,Mobile,1,1,1,0,0,0,0.0,2024-02-24 04:45:00
5204,sess_05204,Organic Search,Tablet,1,1,1,0,0,0,0.0,2024-02-24 05:00:00
5205,sess_05205,Paid Ad,Desktop,1,1,1,0,0,0,0.0,2024-02-24 05:15:00
5206,sess_05206,Referral,Mobile,1,1,1,0,0,0,0.0,2024-02-24 05:30:00
5207,sess_05207,Social Media,Tablet,1,1,1,0,0,0,0.0,2024-02-24 05:45:00
5208,sess_05208,Organic Search,Desktop,1,1,1,0,0,0,0.0,2024-02-24 06:00:00
5209,sess_05209,Paid Ad,Mobile,1,1,1,0,0,0,0.0,2024-02-24 06:15:00
5210,sess_05210,Referral,Tablet,1,1,1,0,0,0,0.0,2024-02-24 06:30:00
5211,sess_05211,Social Media,Desktop,1,1,1,0,0,0,0.0,2024-02-24 06:45:00
5212,sess_05212,Organic Search,Mobile,1,1,1,0,0,0,0.0,2024-02-24 07:00:00
5213,sess_05213,Paid Ad,Tablet,1,1,1,0,0,0,0.0,2024-02-24 07:15:00
5214,sess_05214,Referral,Desktop,1,1,1,0,0,0,0.0,2024-02-24 07:30:00
5215,sess_05215,Social Media,Mobile,1,1,1,0,0,0,0.0,2024-02-24 07:45:00
5216,sess_05216,Organic Search,Tablet,1,1,1,0,0,0,0.0,2024-02-24 08:00:00
5217,sess_05217,Paid Ad,Desktop,1,1,1,0,0,0,0.0,2024-02-24 08:15:00
5218,sess_05218,Referral,Mobile,1,1,1,0,0,0,0.0,2024-02-24 08:30:00
5219,sess_05219,Social Media,Tablet,1,1,1,0,0,0,0.0,2024-02-24 08:45:00
5220,sess_05220,Organic Search,Desktop,1,1,1,0,0,0,0.0,2024-02-24 09:00:00
5221,sess_05221,Paid Ad,Mobile,1,1,1,0,0,0,0.0,2024-02-24 09:15:00
5222,sess_05222,Referral,Tablet,1,1,1,0,0,0,0.0,2024-02-24 09:30:00
5223,sess_05223,Social Media,Desktop,1,1,1,0,0,0,0.0,2024-02-24 09:45:00
5224,sess_05224,Organic Search,Mobile,1,1,1,0,0,0,0.0,2024-02-24 10:00:00
5225,sess_05225,Paid Ad,Tablet,1,1,1,0,0,0,0.0,2024-02-24 10:15:00
5226,sess_05226,Referral,Desktop,1,1,1,0,0,0,0.0,2024-02-24 10:30:00
5227,sess_05227,Social Media,Mobile,1,1,1,0,0,0,0.0,2024-02-24 10:45:00
5228,sess_05228,Organic Search,Tablet,1,1,1,0,0,0,0.0,2024-02-24 11:00:00
5229,sess_05229,Paid Ad,Desktop,1,1,1,0,0,0,0.0,2024-02-24 11:15:00
5230,sess_05230,Referral,Mobile,1,1,1,0,0,0,0.0,2024-02-24 11:30:00
5231,sess_05231,Social Media,Tablet,1,1,1,0,0,0,0.0,2024-02-24 11:45:00
5232,sess_05232,Organic Search,Desktop,1,1,1,0,0,0,0.0,2024-02-24 12:00:00
5233,sess_05233,Paid Ad,Mobile,1,1,1,0,0,0,0.0,2024-02-24 12:15:00
5234,sess_05234,Referral,Tablet,1,1,1,0,0,0,0.0,2024-02-24 12:30:00
5235,sess_05235,Social Media,Desktop,1,1,1,0,0,0,0.0,2024-02-24 12:45:00
5236,sess_05236,Organic Search,Mobile,1,1,1,0,0,0,0.0,2024-02-24 13:00:00
5237,sess_05237,Paid Ad,Tablet,1,1,1,0,0,0,0.0,2024-02-24 13:15:00
5238,sess_05238,Referral,Desktop,1,1,1,0,0,0,0.0,2024-02-24 13:30:00
5239,sess_05239,Social Media,Mobile,1,1,1,0,0,0,0.0,2024-02-24 13:45:00
5240,sess_05240,Organic Search,Tablet,1,1,1,0,0,0,0.0,2024-02-24 14:00:00
5241,sess_05241,Paid Ad,Desktop,1,1,1,0,0,0,0.0,2024-02-24 14:15:00
5242,sess_05242,Referral,Mobile,1,1,1,0,0,0,0.0,2024-02-24 14:30:00
5243,sess_05243,Social Media,Tablet,1,1,1,0,0,0,0.0,2024-02-24 14:45:00
5244,sess_05244,Organic Search,Desktop,1,1,1,0,0,0,0.0,2024-02-24 15:00:00
5245,sess_05245,Paid Ad,Mobile,1,1,1,0,0,0,0.0,2024-02-24 15:15:00
5246,sess_05246,Referral,Tablet,1,1,1,0,0,0,0.0,2024-02-24 15:30:00
5247,sess_05247,Social Media,Desktop,1,1,1,0,0,0,0.0,2024-02-24 15:45:00
5248,sess_05248,Organic Search,Mobile,1,1,1,0,0,0,0.0,2024-02-24 16:00:00
5249,sess_05249,Paid Ad,Tablet,1,1,1,0,0,0,0.0,2024-02-24 16:15:00
5250,sess_05250,Referral,Desktop,1,1,1,0,0,0,0.0,2024-02-24 16:30:00
5251,sess_05251,Social Media,Mobile,1,1,1,0,0,0,0.0,2024-02-24 16:45:00
5252,sess_05252,Organic Search,Tablet,1,1,1,0,0,0,0.0,2024-02-24 17:00:00
5253,sess_05253,Paid Ad,Desktop,1,1,1,0,0,0,0.0,2024-02-24 17:15:00
5254,sess_05254,Referral,Mobile,1,1,1,0,0,0,0.0,2024-02-24 17:30:00
5255,sess_05255,Social Media,Tablet,1,1,1,0,0,0,0.0,2024-02-24 17:45:00
5256,sess_05256,Organic Search,Desktop,1,1,1,0,0,0,0.0,2024-02-24 18:00:00
5257,sess_05257,Paid Ad,Mobile,1,1,1,0,0,0,0.0,2024-02-24 18:15:00
5258,sess_05258,Referral,Tablet,1,1,1,0,0,0,0.0,2024-02-24 18:30:00
5259,sess_05259,Social Media,Desktop,1,1,1,0,0,0,0.0,2024-02-24 18:45:00
5260,sess_05260,Organic Search,Mobile,1,1,1,0,0,0,0.0,2024-02-24 19:00:00
5261,sess_05261,Paid Ad,Tablet,1,1,1,0,0,0,0.0,2024-02-24 19:15:00
5262,sess_05262,Referral,Desktop,1,1,1,0,0,0,0.0,2024-02-24 19:30:00
5263,sess_05263,Social Media,Mobile,1,1,1,0,0,0,0.0,2024-02-24 19:45:00
5264,sess_05264,Organic Search,Tablet,1,1,1,0,0,0,0.0,2024-02-24 20:00:00
5265,sess_05265,Paid Ad,Desktop,1,1,1,0,0,0,0.0,2024-02-24 20:15:00
5266,sess_05266,Referral,Mobile,1,1,1,0,0,0,0.0,2024-02-24 20:30:00
5267,sess_05267,Social Media,Tablet,1,1,1,0,0,0,0.0,2024-02-24 20:45:00
5268,sess_05268,Organic Search,Desktop,1,1,1,0,0,0,0.0,2024-02-24 21:00:00
5269,sess_05269,Paid Ad,Mobile,1,1,1,0,0,0,0.0,2024-02-24 21:15:00
5270,sess_05270,Referral,Tablet,1,1,1,0,0,0,0.0,2024-02-24 21:30:00
5271,sess_05271,Social Media,Desktop,1,1,1,0,0,0,0.0,2024-02-24 21:45:00
5272,sess_05272,Organic Search,Mobile,1,1,1,0,0,0,0.0,2024-02-24 22:00:00
5273,sess_05273,Paid Ad,Tablet,1,1,1,0,0,0,0.0,2024-02-24 22:15:00
5274,sess_05274,Referral,Desktop,1,1,1,0,0,0,0.0,2024-02-24 22:30:00
5275,sess_05275,Social Media,Mobile,1,1,1,0,0,0,0.0,2024-02-24 22:45:00
5276,sess_05276,Organic Search,Tablet,1,1,1,0,0,0,0.0,2024-02-24 23:00:00
5277,sess_05277,Paid Ad,Desktop,1,1,1,0,0,0,0.0,2024-02-24 23:15:00
5278,sess_05278,Referral,Mobile,1,1,1,0,0,0,0.0,2024-02-24 23:30:00
5279,sess_05279,Social Media,Tablet,1,1,1,0,0,0,0.0,2024-02-24 23:45:00
5280,sess_05280,Organic Search,Desktop,1,1,1,0,0,0,0.0,2024-02-25 00:00:00
5281,sess_05281,Paid Ad,Mobile,1,1,1,0,0,0,0.0,2024-02-25 00:15:00
5282,sess_05282,Referral,Tablet,1,1,1,0,0,0,0.0,2024-02-25 00:30:00
5283,sess_05283,Social Media,Desktop,1,1,1,0,0,0,0.0,2024-02-25 00:45:00
5284,sess_05284,Organic Search,Mobile,1,1,1,0,0,0,0.0,2024-02-25 01:00:00
5285,sess_05285,Paid Ad,Tablet,1,1,1,0,0,0,0.0,2024-02-25 01:15:00
5286,sess_05286,Referral,Desktop,1,1,1,0,0,0,0.0,2024-02-25 01:30:00
5287,sess_05287,Social Media,Mobile,1,1,1,0,0,0,0.0,2024-02-25 01:45:00
5288,sess_05288,Organic Search,Tablet,1,1,1,0,0,0,0.0,2024-02-25 02:00:00
5289,sess_05289,Paid Ad,Desktop,1,1,1,0,0,0,0.0,2024-02-25 02:15:00
5290,sess_05290,Referral,Mobile,1,1,1,0,0,0,0.0,2024-02-25 02:30:00
5291,sess_05291,Social Media,Tablet,1,1,1,0,0,0,0.0,2024-02-25 02:45:00
5292,sess_05292,Organic Search,Desktop,1,1,1,0,0,0,0.0,2024-02-25 03:00:00
5293,sess_05293,Paid Ad,Mobile,1,1,1,0,0,0,0.0,2024-02-25 03:15:00
5294,sess_05294,Referral,Tablet,1,1,1,0,0,0,0.0,2024-02-25 03:30:00
5295,sess_05295,Social Media,Desktop,1,1,1,0,0,0,0.0,2024-02-25 03:45:00
5296,sess_05296,Organic Search,Mobile,1,1,1,0,0,0,0.0,2024-02-25 04:00:00
5297,sess_05297,Paid Ad,Tablet,1,1,1,0,0,0,0.0,2024-02-25 04:15:00
5298,sess_05298,Referral,Desktop,1,1,1,0,0,0,0.0,2024-02-25 04:30:00
5299,sess_05299,Social Media,Mobile,1,1,1,0,0,0,0.0,2024-02-25 04:45:00
5300,sess_05300,Organic Search,Tablet,1,1,1,0,0,0,0.0,2024-02-25 05:00:00
5301,sess_05301,Paid Ad,Desktop,1,1,1,0,0,0,0.0,2024-02-25 05:15:00
5302,sess_05302,Referral,Mobile,1,1,1,0,0,0,0.0,2024-02-25 05:30:00
5303,sess_05303,Social Media,Tablet,1,1,1,0,0,0,0.0,2024-02-25 05:45:00
5304,sess_05304,Organic Search,Desktop,1,1,1,0,0,0,0.0,2024-02-25 06:00:00
5305,sess_05305,Paid Ad,Mobile,1,1,1,0,0,0,0.0,2024-02-25 06:15:00
5306,sess_05306,Referral,Tablet,1,1,1,0,0,0,0.0,2024-02-25 06:30:00
5307,sess_05307,Social Media,Desktop,1,1,1,0,0,0,0.0,2024-02-25 06:45:00
5308,sess_05308,Organic Search,Mobile,1,1,1,0,0,0,0.0,2024-02-25 07:00:00
5309,sess_05309,Paid Ad,Tablet,1,1,1,0,0,0,0.0,2024-02-25 07:15:00
5310,sess_05310,Referral,Desktop,1,1,1,0,0,0,0.0,2024-02-25 07:30:00
5311,sess_05311,Social Media,Mobile,1,1,1,0,0,0,0.0,2024-02-25 07:45:00
5312,sess_05312,Organic Search,Tablet,1,1,1,0,0,0,0.0,2024-02-25 08:00:00
5313,sess_05313,Paid Ad,Desktop,1,1,1,0,0,0,0.0,2024-02-25 08:15:00
5314,sess_05314,Referral,Mobile,1,1,1,0,0,0,0.0,2024-02-25 08:30:00
5315,sess_05315,Social Media,Tablet,1,1,1,0,0,0,0.0,2024-02-25 08:45:00
5316,sess_05316,Organic Search,Desktop,1,1,1,0,0,0,0.0,2024-02-25 09:00:00
5317,sess_05317,Paid Ad,Mobile,1,1,1,0,0,0,0.0,2024-02-25 09:15:00
5318,sess_05318,Referral,Tablet,1,1,1,0,0,0,0.0,2024-02-25 09:30:00
5319,sess_05319,Social Media,Desktop,1,1,1,0,0,0,0.0,2024-02-25 09:45:00
5320,sess_05320,Organic Search,Mobile,1,1,1,0,0,0,0.0,2024-02-25 10:00:00
5321,sess_05321,Paid Ad,Tablet,1,1,1,0,0,0,0.0,2024-02-25 10:15:00
5322,sess_05322,Referral,Desktop,1,1,1,0,0,0,0.0,2024-02-25 10:30:00
5323,sess_05323,Social Media,Mobile,1,1,1,0,0,0,0.0,2024-02-25 10:45:00
5324,sess_05324,Organic Search,Tablet,1,1,1,0,0,0,0.0,2024-02-25 11:00:00
5325,sess_05325,Paid Ad,Desktop,1,1,1,0,0,0,0.0,2024-02-25 11:15:00
5326,sess_05326,Referral,Mobile,1,1,1,0,0,0,0.0,2024-02-25 11:30:00
5327,sess_05327,Social Media,Tablet,1,1,1,0,0,0,0.0,2024-02-25 11:45:00
5328,sess_05328,Organic Search,Desktop,1,1,1,0,0,0,0.0,2024-02-25 12:00:00
5329,sess_05329,Paid Ad,Mobile,1,1,1,0,0,0,0.0,2024-02-25 12:15:00
5330,sess_05330,Referral,Tablet,1,1,1,0,0,0,0.0,2024-02-25 12:30:00
5331,sess_05331,Social Media,Desktop,1,1,1,0,0,0,0.0,2024-02-25 12:45:00
5332,sess_05332,Organic Search,Mobile,1,1,1,0,0,0,0.0,2024-02-25 13:00:00
5333,sess_05333,Paid Ad,Tablet,1,1,1,0,0,0,0.0,2024-02-25 13:15:00
5334,sess_05334,Referral,Desktop,1,1,1,0,0,0,0.0,2024-02-25 13:30:00
5335,sess_05335,Social Media,Mobile,1,1,1,0,0,0,0.0,2024-02-25 13:45:00
5336,sess_05336,Organic Search,Tablet,1,1,1,0,0,0,0.0,2024-02-25 14:00:00
5337,sess_05337,Paid Ad,Desktop,1,1,1,0,0,0,0.0,2024-02-25 14:15:00
5338,sess_05338,Referral,Mobile,1,1,1,0,0,0,0.0,2024-02-25 14:30:00
5339,sess_05339,Social Media,Tablet,1,1,1,0,0,0,0.0,2024-02-25 14:45:00
5340,sess_05340,Organic Search,Desktop,1,1,1,0,0,0,0.0,2024-02-25 15:00:00
5341,sess_05341,Paid Ad,Mobile,1,1,1,0,0,0,0.0,2024-02-25 15:15:00
5342,sess_05342,Referral,Tablet,1,1,1,0,0,0,0.0,2024-02-25 15:30:00
5343,sess_05343,Social Media,Desktop,1,1,1,0,0,0,0.0,2024-02-25 15:45:00
5344,sess_05344,Organic Search,Mobile,1,1,1,0,0,0,0.0,2024-02-25 16:00:00
5345,sess_05345,Paid Ad,Tablet,1,1,1,0,0,0,0.0,2024-02-25 16:15:00
5346,sess_05346,Referral,Desktop,1,1,1,0,0,0,0.0,2024-02-25 16:30:00
5347,sess_05347,Social Media,Mobile,1,1,1,0,0,0,0.0,2024-02-25 16:45:00
5348,sess_05348,Organic Search,Tablet,1,1,1,0,0,0,0.0,2024-02-25 17:00:00
5349,sess_05349,Paid Ad,Desktop,1,1,1,0,0,0,0.0,2024-02-25 17:15:00
5350,sess_05350,Referral,Mobile,1,1,1,0,0,0,0.0,2024-02-25 17:30:00
5351,sess_05351,Social Media,Tablet,1,1,1,0,0,0,0.0,2024-02-25 17:45:00
5352,sess_05352,Organic Search,Desktop,1,1,1,0,0,0,0.0,2024-02-25 18:00:00
5353,sess_05353,Paid Ad,Mobile,1,1,1,0,0,0,0.0,2024-02-25 18:15:00
5354,sess_05354,Referral,Tablet,1,1,1,0,0,0,0.0,2024-02-25 18:30:00
5355,sess_05355,Social Media,Desktop,1,1,1,0,0,0,0.0,2024-02-25 18:45:00
5356,sess_05356,Organic Search,Mobile,1,1,1,0,0,0,0.0,2024-02-25 19:00:00
5357,sess_05357,Paid Ad,Tablet,1,1,1,0,0,0,0.0,2024-02-25 19:15:00
5358,sess_05358,Referral,Desktop,1,1,1,0,0,0,0.0,2024-02-25 19:30:00
5359,sess_05359,Social Media,Mobile,1,1,1,0,0,0,0.0,2024-02-25 19:45:00
5360,sess_05360,Organic Search,Tablet,1,1,1,0,0,0,0.0,2024-02-25 20:00:00
5361,sess_05361,Paid Ad,Desktop,1,1,1,0,0,0,0.0,2024-02-25 20:15:00
5362,sess_05362,Referral,Mobile,1,1,1,0,0,0,0.0,2024-02-25 20:30:00
5363,sess_05363,Social Media,Tablet,1,1,1,0,0,0,0.0,2024-02-25 20:45:00
5364,sess_05364,Organic Search,Desktop,1,1,1,0,0,0,0.0,2024-02-25 21:00:00
5365,sess_05365,Paid Ad,Mobile,1,1,1,0,0,0,0.0,2024-02-25 21:15:00
5366,sess_05366,Referral,Tablet,1,1,1,0,0,0,0.0,2024-02-25 21:30:00
5367,sess_05367,Social Media,Desktop,1,1,1,0,0,0,0.0,2024-02-25 21:45:00
5368,sess_05368,Organic Search,Mobile,1,1,1,0,0,0,0.0,2024-02-25 22:00:00
5369,sess_05369,Paid Ad,Tablet,1,1,1,0,0,0,0.0,2024-02-25 22:15:00
5370,sess_05370,Referral,Desktop,1,1,1,0,0,0,0.0,2024-02-25 22:30:00
5371,sess_05371,Social Media,Mobile,1,1,1,0,0,0,0.0,2024-02-25 22:45:00
5372,sess_05372,Organic Search,Tablet,1,1,1,0,0,0,0.0,2024-02-25 23:00:00
5373,sess_05373,Paid Ad,Desktop,1,1,1,0,0,0,0.0,2024-02-25 23:15:00
5374,sess_05374,Referral,Mobile,1,1,1,0,0,0,0.0,2024-02-25 23:30:00
5375,sess_05375,Social Media,Tablet,1,1,1,0,0,0,0.0,2024-02-25 23:45:00
5376,sess_05376,Organic Search,Desktop,1,1,1,0,0,0,0.0,2024-02-26 00:00:00
5377,sess_05377,Paid Ad,Mobile,1,1,1,0,0,0,0.0,2024-02-26 00:15:00
5378,sess_05378,Referral,Tablet,1,1,1,0,0,0,0.0,2024-02-26 00:30:00
5379,sess_05379,Social Media,Desktop,1,1,1,0,0,0,0.0,2024-02-26 00:45:00
5380,sess_05380,Organic Search,Mobile,1,1,1,0,0,0,0.0,2024-02-26 01:00:00
5381,sess_05381,Paid Ad,Tablet,1,1,1,0,0,0,0.0,2024-02-26 01:15:00
5382,sess_05382,Referral,Desktop,1,1,1,0,0,0,0.0,2024-02-26 01:30:00
5383,sess_05383,Social Media,Mobile,1,1,1,0,0,0,0.0,2024-02-26 01:45:00
5384,sess_05384,Organic Search,Tablet,1,1,1,0,0,0,0.0,2024-02-26 02:00:00
5385,sess_05385,Paid Ad,Desktop,1,1,1,0,0,0,0.0,2024-02-26 02:15:00
5386,sess_05386,Referral,Mobile,1,1,1,0,0,0,0.0,2024-02-26 02:30:00
5387,sess_05387,Social Media,Tablet,1,1,1,0,0,0,0.0,2024-02-26 02:45:00
5388,sess_05388,Organic Search,Desktop,1,1,1,0,0,0,0.0,2024-02-26 03:00:00
5389,sess_05389,Paid Ad,Mobile,1,1,1,0,0,0,0.0,2024-02-26 03:15:00
5390,sess_05390,Referral,Tablet,1,1,1,0,0,0,0.0,2024-02-26 03:30:00
5391,sess_05391,Social Media,Desktop,1,1,1,0,0,0,0.0,2024-02-26 03:45:00
5392,sess_05392,Organic Search,Mobile,1,1,1,0,0,0,0.0,2024-02-26 04:00:00
5393,sess_05393,Paid Ad,Tablet,1,1,1,0,0,0,0.0,2024-02-26 04:15:00
5394,sess_05394,Referral,Desktop,1,1,1,0,0,0,0.0,2024-02-26 04:30:00
5395,sess_05395,Social Media,Mobile,1,1,1,0,0,0,0.0,2024-02-26 04:45:00
5396,sess_05396,Organic Search,Tablet,1,1,1,0,0,0,0.0,2024-02-26 05:00:00
5397,sess_05397,Paid Ad,Desktop,1,1,1,0,0,0,0.0,2024-02-26 05:15:00
5398,sess_05398,Referral,Mobile,1,1,1,0,0,0,0.0,2024-02-26 05:30:00
5399,sess_05399,Social Media,Tablet,1,1,1,0,0,0,0.0,2024-02-26 05:45:00
5400,sess_05400,Organic Search,Desktop,1,1,1,0,0,0,0.0,2024-02-26 06:00:00
5401,sess_05401,Paid Ad,Mobile,1,1,1,0,0,0,0.0,2024-02-26 06:15:00
5402,sess_05402,Referral,Tablet,1,1,1,0,0,0,0.0,2024-02-26 06:30:00
5403,sess_05403,Social Media,Desktop,1,1,1,0,0,0,0.0,2024-02-26 06:45:00
5404,sess_05404,Organic Search,Mobile,1,1,1,0,0,0,0.0,2024-02-26 07:00:00
5405,sess_05405,Paid Ad,Tablet,1,1,1,0,0,0,0.0,2024-02-26 07:15:00
5406,sess_05406,Referral,Desktop,1,1,1,0,0,0,0.0,2024-02-26 07:30:00
5407,sess_05407,Social Media,Mobile,1,1,1,0,0,0,0.0,2024-02-26 07:45:00
5408,sess_05408,Organic Search,Tablet,1,1,1,0,0,0,0.0,2024-02-26 08:00:00
5409,sess_05409,Paid Ad,Desktop,1,1,1,0,0,0,0.0,2024-02-26 08:15:00
5410,sess_05410,Referral,Mobile,1,1,1,0,0,0,0.0,2024-02-26 08:30:00
5411,sess_05411,Social Media,Tablet,1,1,1,0,0,0,0.0,2024-02-26 08:45:00
5412,sess_05412,Organic Search,Desktop,1,1,1,0,0,0,0.0,2024-02-26 09:00:00
5413,sess_05413,Paid Ad,Mobile,1,1,1,0,0,0,0.0,2024-02-26 09:15:00
5414,sess_05414,Referral,Tablet,1,1,1,0,0,0,0.0,2024-02-26 09:30:00
5415,sess_05415,Social Media,Desktop,1,1,1,0,0,0,0.0,2024-02-26 09:45:00
5416,sess_05416,Organic Search,Mobile,1,1,1,0,0,0,0.0,2024-02-26 10:00:00
5417,sess_05417,Paid Ad,Tablet,1,1,1,0,0,0,0.0,2024-02-26 10:15:00
5418,sess_05418,Referral,Desktop,1,1,1,0,0,0,0.0,2024-02-26 10:30:00
5419,sess_05419,Social Media,Mobile,1,1,1,0,0,0,0.0,2024-02-26 10:45:00
5420,sess_05420,Organic Search,Tablet,1,1,1,0,0,0,0.0,2024-02-26 11:00:00
5421,sess_05421,Paid Ad,Desktop,1,1,1,0,0,0,0.0,2024-02-26 11:15:00
5422,sess_05422,Referral,Mobile,1,1,1,0,0,0,0.0,2024-02-26 11:30:00
5423,sess_05423,Social Media,Tablet,1,1,1,0,0,0,0.0,2024-02-26 11:45:00
5424,sess_05424,Organic Search,Desktop,1,1,1,0,0,0,0.0,2024-02-26 12:00:00
5425,sess_05425,Paid Ad,Mobile,1,1,1,0,0,0,0.0,2024-02-26 12:15:00
5426,sess_05426,Referral,Tablet,1,1,1,0,0,0,0.0,2024-02-26 12:30:00
5427,sess_05427,Social Media,Desktop,1,1,1,0,0,0,0.0,2024-02-26 12:45:00
5428,sess_05428,Organic Search,Mobile,1,1,1,0,0,0,0.0,2024-02-26 13:00:00
5429,sess_05429,Paid Ad,Tablet,1,1,1,0,0,0,0.0,2024-02-26 13:15:00
5430,sess_05430,Referral,Desktop,1,1,1,0,0,0,0.0,2024-02-26 13:30:00
5431,sess_05431,Social Media,Mobile,1,1,1,0,0,0,0.0,2024-02-26 13:45:00
5432,sess_05432,Organic Search,Tablet,1,1,1,0,0,0,0.0,2024-02-26 14:00:00
5433,sess_05433,Paid Ad,Desktop,1,1,1,0,0,0,0.0,2024-02-26 14:15:00
5434,sess_05434,Referral,Mobile,1,1,1,0,0,0,0.0,2024-02-26 14:30:00
5435,sess_05435,Social Media,Tablet,1,1,1,0,0,0,0.0,2024-02-26 14:45:00
5436,sess_05436,Organic Search,Desktop,1,1,1,0,0,0,0.0,2024-02-26 15:00:00
5437,sess_05437,Paid Ad,Mobile,1,1,1,0,0,0,0.0,2024-02-26 15:15:00
5438,sess_05438,Referral,Tablet,1,1,1,0,0,0,0.0,2024-02-26 15:30:00
5439,sess_05439,Social Media,Desktop,1,1,1,0,0,0,0.0,2024-02-26 15:45:00
5440,sess_05440,Organic Search,Mobile,1,1,1,0,0,0,0.0,2024-02-26 16:00:00
5441,sess_05441,Paid Ad,Tablet,1,1,1,0,0,0,0.0,2024-02-26 16:15:00
5442,sess_05442,Referral,Desktop,1,1,1,0,0,0,0.0,2024-02-26 16:30:00
5443,sess_05443,Social Media,Mobile,1,1,1,0,0,0,0.0,2024-02-26 16:45:00
5444,sess_05444,Organic Search,Tablet,1,1,1,0,0,0,0.0,2024-02-26 17:00:00
5445,sess_05445,Paid Ad,Desktop,1,1,1,0,0,0,0.0,2024-02-26 17:15:00
5446,sess_05446,Referral,Mobile,1,1,1,0,0,0,0.0,2024-02-26 17:30:00
5447,sess_05447,Social Media,Tablet,1,1,1,0,0,0,0.0,2024-02-26 17:45:00
5448,sess_05448,Organic Search,Desktop,1,1,1,0,0,0,0.0,2024-02-26 18:00:00
5449,sess_05449,Paid Ad,Mobile,1,1,1,0,0,0,0.0,2024-02-26 18:15:00
5450,sess_05450,Referral,Tablet,1,1,1,0,0,0,0.0,2024-02-26 18:30:00
5451,sess_05451,Social Media,Desktop,1,1,1,0,0,0,0.0,2024-02-26 18:45:00
5452,sess_05452,Organic Search,Mobile,1,1,1,0,0,0,0.0,2024-02-26 19:00:00
5453,sess_05453,Paid Ad,Tablet,1,1,1,0,0,0,0.0,2024-02-26 19:15:00
5454,sess_05454,Referral,Desktop,1,1,1,0,0,0,0.0,2024-02-26 19:30:00
5455,sess_05455,Social Media,Mobile,1,1,1,0,0,0,0.0,2024-02-26 19:45:00
5456,sess_05456,Organic Search,Tablet,1,1,1,0,0,0,0.0,2024-02-26 20:00:00
5457,sess_05457,Paid Ad,Desktop,1,1,1,0,0,0,0.0,2024-02-26 20:15:00
5458,sess_05458,Referral,Mobile,1,1,1,0,0,0,0.0,2024-02-26 20:30:00
5459,sess_05459,Social Media,Tablet,1,1,1,0,0,0,0.0,2024-02-26 20:45:00
5460,sess_05460,Organic Search,Desktop,1,1,1,0,0,0,0.0,2024-02-26 21:00:00
5461,sess_05461,Paid Ad,Mobile,1,1,1,0,0,0,0.0,2024-02-26 21:15:00
5462,sess_05462,Referral,Tablet,1,1,1,0,0,0,0.0,2024-02-26 21:30:00
5463,sess_05463,Social Media,Desktop,1,1,1,0,0,0,0.0,2024-02-26 21:45:00
5464,sess_05464,Organic Search,Mobile,1,1,1,0,0,0,0.0,2024-02-26 22:00:00
5465,sess_05465,Paid Ad,Tablet,1,1,1,0,0,0,0.0,2024-02-26 22:15:00
5466,sess_05466,Referral,Desktop,1,1,1,0,0,0,0.0,2024-02-26 22:30:00
5467,sess_05467,Social Media,Mobile,1,1,1,0,0,0,0.0,2024-02-26 22:45:00
5468,sess_05468,Organic Search,Tablet,1,1,1,0,0,0,0.0,2024-02-26 23:00:00
5469,sess_05469,Paid Ad,Desktop,1,1,1,0,0,0,0.0,2024-02-26 23:15:00
5470,sess_05470,Referral,Mobile,1,1,1,0,0,0,0.0,2024-02-26 23:30:00
5471,sess_05471,Social Media,Tablet,1,1,1,0,0,0,0.0,2024-02-26 23:45:00
5472,sess_05472,Organic Search,Desktop,1,1,1,0,0,0,0.0,2024-02-27 00:00:00
5473,sess_05473,Paid Ad,Mobile,1,1,1,0,0,0,0.0,2024-02-27 00:15:00
5474,sess_05474,Referral,Tablet,1,1,1,0,0,0,0.0,2024-02-27 00:30:00
5475,sess_05475,Social Media,Desktop,1,1,1,0,0,0,0.0,2024-02-27 00:45:00
5476,sess_05476,Organic Search,Mobile,1,1,1,0,0,0,0.0,2024-02-27 01:00:00
5477,sess_05477,Paid Ad,Tablet,1,1,1,0,0,0,0.0,2024-02-27 01:15:00
5478,sess_05478,Referral,Desktop,1,1,1,0,0,0,0.0,2024-02-27 01:30:00
5479,sess_05479,Social Media,Mobile,1,1,1,0,0,0,0.0,2024-02-27 01:45:00
5480,sess_05480,Organic Search,Tablet,1,1,1,0,0,0,0.0,2024-02-27 02:00:00
5481,sess_05481,Paid Ad,Desktop,1,1,1,0,0,0,0.0,2024-02-27 02:15:00
5482,sess_05482,Referral,Mobile,1,1,1,0,0,0,0.0,2024-02-27 02:30:00
5483,sess_05483,Social Media,Tablet,1,1,1,0,0,0,0.0,2024-02-27 02:45:00
5484,sess_05484,Organic Search,Desktop,1,1,1,0,0,0,0.0,2024-02-27 03:00:00
5485,sess_05485,Paid Ad,Mobile,1,1,1,0,0,0,0.0,2024-02-27 03:15:00
5486,sess_05486,Referral,Tablet,1,1,1,0,0,0,0.0,2024-02-27 03:30:00
5487,sess_05487,Social Media,Desktop,1,1,1,0,0,0,0.0,2024-02-27 03:45:00
5488,sess_05488,Organic Search,Mobile,1,1,1,0,0,0,0.0,2024-02-27 04:00:00
5489,sess_05489,Paid Ad,Tablet,1,1,1,0,0,0,0.0,2024-02-27 04:15:00
5490,sess_05490,Referral,Desktop,1,1,1,0,0,0,0.0,2024-02-27 04:30:00
5491,sess_05491,Social Media,Mobile,1,1,1,0,0,0,0.0,2024-02-27 04:45:00
5492,sess_05492,Organic Search,Tablet,1,1,1,0,0,0,0.0,2024-02-27 05:00:00
5493,sess_05493,Paid Ad,Desktop,1,1,1,0,0,0,0.0,2024-02-27 05:15:00
5494,sess_05494,Referral,Mobile,1,1,1,0,0,0,0.0,2024-02-27 05:30:00
5495,sess_05495,Social Media,Tablet,1,1,1,0,0,0,0.0,2024-02-27 05:45:00
5496,sess_05496,Organic Search,Desktop,1,1,1,0,0,0,0.0,2024-02-27 06:00:00
5497,sess_05497,Paid Ad,Mobile,1,1,1,0,0,0,0.0,2024-02-27 06:15:00
5498,sess_05498,Referral,Tablet,1,1,1,0,0,0,0.0,2024-02-27 06:30:00
5499,sess_05499,Social Media,Desktop,1,1,1,0,0,0,0.0,2024-02-27 06:45:00
5500,sess_05500,Organic Search,Mobile,1,1,1,0,0,0,0.0,2024-02-27 07:00:00
5501,sess_05501,Paid Ad,Tablet,1,1,1,0,0,0,0.0,2024-02-27 07:15:00
5502,sess_05502,Referral,Desktop,1,1,1,0,0,0,0.0,2024-02-27 07:30:00
5503,sess_05503,Social Media,Mobile,1,1,1,0,0,0,0.0,2024-02-27 07:45:00
5504,sess_05504,Organic Search,Tablet,1,1,1,0,0,0,0.0,2024-02-27 08:00:00
5505,sess_05505,Paid Ad,Desktop,1,1,1,0,0,0,0.0,2024-02-27 08:15:00
5506,sess_05506,Referral,Mobile,1,1,1,0,0,0,0.0,2024-02-27 08:30:00
5507,sess_05507,Social Media,Tablet,1,1,1,0,0,0,0.0,2024-02-27 08:45:00
5508,sess_05508,Organic Search,Desktop,1,1,1,0,0,0,0.0,2024-02-27 09:00:00
5509,sess_05509,Paid Ad,Mobile,1,1,1,0,0,0,0.0,2024-02-27 09:15:00
5510,sess_05510,Referral,Tablet,1,1,1,0,0,0,0.0,2024-02-27 09:30:00
5511,sess_05511,Social Media,Desktop,1,1,1,0,0,0,0.0,2024-02-27 09:45:00
5512,sess_05512,Organic Search,Mobile,1,1,1,0,0,0,0.0,2024-02-27 10:00:00
5513,sess_05513,Paid Ad,Tablet,1,1,1,0,0,0,0.0,2024-02-27 10:15:00
5514,sess_05514,Referral,Desktop,1,1,1,0,0,0,0.0,2024-02-27 10:30:00
5515,sess_05515,Social Media,Mobile,1,1,1,0,0,0,0.0,2024-02-27 10:45:00
5516,sess_05516,Organic Search,Tablet,1,1,1,0,0,0,0.0,2024-02-27 11:00:00
5517,sess_05517,Paid Ad,Desktop,1,1,1,0,0,0,0.0,2024-02-27 11:15:00
5518,sess_05518,Referral,Mobile,1,1,1,0,0,0,0.0,2024-02-27 11:30:00
5519,sess_05519,Social Media,Tablet,1,1,1,0,0,0,0.0,2024-02-27 11:45:00
5520,sess_05520,Organic Search,Desktop,1,1,1,0,0,0,0.0,2024-02-27 12:00:00
5521,sess_05521,Paid Ad,Mobile,1,1,1,0,0,0,0.0,2024-02-27 12:15:00
5522,sess_05522,Referral,Tablet,1,1,1,0,0,0,0.0,2024-02-27 12:30:00
5523,sess_05523,Social Media,Desktop,1,1,1,0,0,0,0.0,2024-02-27 12:45:00
5524,sess_05524,Organic Search,Mobile,1,1,1,0,0,0,0.0,2024-02-27 13:00:00
5525,sess_05525,Paid Ad,Tablet,1,1,1,0,0,0,0.0,2024-02-27 13:15:00
5526,sess_05526,Referral,Desktop,1,1,1,0,0,0,0.0,2024-02-27 13:30:00
5527,sess_05527,Social Media,Mobile,1,1,1,0,0,0,0.0,2024-02-27 13:45:00
5528,sess_05528,Organic Search,Tablet,1,1,1,0,0,0,0.0,2024-02-27 14:00:00
5529,sess_05529,Paid Ad,Desktop,1,1,1,0,0,0,0.0,2024-02-27 14:15:00
5530,sess_05530,Referral,Mobile,1,1,1,0,0,0,0.0,2024-02-27 14:30:00
5531,sess_05531,Social Media,Tablet,1,1,1,0,0,0,0.0,2024-02-27 14:45:00
5532,sess_05532,Organic Search,Desktop,1,1,1,0,0,0,0.0,2024-02-27 15:00:00
5533,sess_05533,Paid Ad,Mobile,1,1,1,0,0,0,0.0,2024-02-27 15:15:00
5534,sess_05534,Referral,Tablet,1,1,1,0,0,0,0.0,2024-02-27 15:30:00
5535,sess_05535,Social Media,Desktop,1,1,1,0,0,0,0.0,2024-02-27 15:45:00
5536,sess_05536,Organic Search,Mobile,1,1,1,0,0,0,0.0,2024-02-27 16:00:00
5537,sess_05537,Paid Ad,Tablet,1,1,1,0,0,0,0.0,2024-02-27 16:15:00
5538,sess_05538,Referral,Desktop,1,1,1,0,0,0,0.0,2024-02-27 16:30:00
5539,sess_05539,Social Media,Mobile,1,1,1,0,0,0,0.0,2024-02-27 16:45:00
5540,sess_05540,Organic Search,Tablet,1,1,1,0,0,0,0.0,2024-02-27 17:00:00
5541,sess_05541,Paid Ad,Desktop,1,1,1,0,0,0,0.0,2024-02-27 17:15:00
5542,sess_05542,Referral,Mobile,1,1,1,0,0,0,0.0,2024-02-27 17:30:00
5543,sess_05543,Social Media,Tablet,1,1,1,0,0,0,0.0,2024-02-27 17:45:00
5544,sess_05544,Organic Search,Desktop,1,1,1,0,0,0,0.0,2024-02-27 18:00:00
5545,sess_05545,Paid Ad,Mobile,1,1,1,0,0,0,0.0,2024-02-27 18:15:00
5546,sess_05546,Referral,Tablet,1,1,1,0,0,0,0.0,2024-02-27 18:30:00
5547,sess_05547,Social Media,Desktop,1,1,1,0,0,0,0.0,2024-02-27 18:45:00
5548,sess_05548,Organic Search,Mobile,1,1,1,0,0,0,0.0,2024-02-27 19:00:00
5549,sess_05549,Paid Ad,Tablet,1,1,1,0,0,0,0.0,2024-02-27 19:15:00
5550,sess_05550,Referral,Desktop,1,1,1,0,0,0,0.0,2024-02-27 19:30:00
5551,sess_05551,Social Media,Mobile,1,1,1,0,0,0,0.0,2024-02-27 19:45:00
5552,sess_05552,Organic Search,Tablet,1,1,1,0,0,0,0.0,2024-02-27 20:00:00
5553,sess_05553,Paid Ad,Desktop,1,1,1,0,0,0,0.0,2024-02-27 20:15:00
5554,sess_05554,Referral,Mobile,1,1,1,0,0,0,0.0,2024-02-27 20:30:00
5555,sess_05555,Social Media,Tablet,1,1,1,0,0,0,0.0,2024-02-27 20:45:00
5556,sess_05556,Organic Search,Desktop,1,1,1,0,0,0,0.0,2024-02-27 21:00:00
5557,sess_05557,Paid Ad,Mobile,1,1,1,0,0,0,0.0,2024-02-27 21:15:00
5558,sess_05558,Referral,Tablet,1,1,1,0,0,0,0.0,2024-02-27 21:30:00
5559,sess_05559,Social Media,Desktop,1,1,1,0,0,0,0.0,2024-02-27 21:45:00
5560,sess_05560,Organic Search,Mobile,1,1,1,0,0,0,0.0,2024-02-27 22:00:00
5561,sess_05561,Paid Ad,Tablet,1,1,1,0,0,0,0.0,2024-02-27 22:15:00
5562,sess_05562,Referral,Desktop,1,1,1,0,0,0,0.0,2024-02-27 22:30:00
5563,sess_05563,Social Media,Mobile,1,1,1,0,0,0,0.0,2024-02-27 22:45:00
5564,sess_05564,Organic Search,Tablet,1,1,1,0,0,0,0.0,2024-02-27 23:00:00
5565,sess_05565,Paid Ad,Desktop,1,1,1,0,0,0,0.0,2024-02-27 23:15:00
5566,sess_05566,Referral,Mobile,1,1,1,0,0,0,0.0,2024-02-27 23:30:00
5567,sess_05567,Social Media,Tablet,1,1,1,0,0,0,0.0,2024-02-27 23:45:00
5568,sess_05568,Organic Search,Desktop,1,1,1,0,0,0,0.0,2024-02-28 00:00:00
5569,sess_05569,Paid Ad,Mobile,1,1,1,0,0,0,0.0,2024-02-28 00:15:00
5570,sess_05570,Referral,Tablet,1,1,1,0,0,0,0.0,2024-02-28 00:30:00
5571,sess_05571,Social Media,Desktop,1,1,1,0,0,0,0.0,2024-02-28 00:45:00
5572,sess_05572,Organic Search,Mobile,1,1,1,0,0,0,0.0,2024-02-28 01:00:00
5573,sess_05573,Paid Ad,Tablet,1,1,1,0,0,0,0.0,2024-02-28 01:15:00
5574,sess_05574,Referral,Desktop,1,1,1,0,0,0,0.0,2024-02-28 01:30:00
5575,sess_05575,Social Media,Mobile,1,1,1,0,0,0,0.0,2024-02-28 01:45:00
5576,sess_05576,Organic Search,Tablet,1,1,1,0,0,0,0.0,2024-02-28 02:00:00
5577,sess_05577,Paid Ad,Desktop,1,1,1,0,0,0,0.0,2024-02-28 02:15:00
5578,sess_05578,Referral,Mobile,1,1,1,0,0,0,0.0,2024-02-28 02:30:00
5579,sess_05579,Social Media,Tablet,1,1,1,0,0,0,0.0,2024-02-28 02:45:00
5580,sess_05580,Organic Search,Desktop,1,1,1,0,0,0,0.0,2024-02-28 03:00:00
5581,sess_05581,Paid Ad,Mobile,1,1,1,0,0,0,0.0,2024-02-28 03:15:00
5582,sess_05582,Referral,Tablet,1,1,1,0,0,0,0.0,2024-02-28 03:30:00
5583,sess_05583,Social Media,Desktop,1,1,1,0,0,0,0.0,2024-02-28 03:45:00
5584,sess_05584,Organic Search,Mobile,1,1,1,0,0,0,0.0,2024-02-28 04:00:00
5585,sess_05585,Paid Ad,Tablet,1,1,1,0,0,0,0.0,2024-02-28 04:15:00
5586,sess_05586,Referral,Desktop,1,1,1,0,0,0,0.0,2024-02-28 04:30:00
5587,sess_05587,Social Media,Mobile,1,1,1,0,0,0,0.0,2024-02-28 04:45:00
5588,sess_05588,Organic Search,Tablet,1,1,1,0,0,0,0.0,2024-02-28 05:00:00
5589,sess_05589,Paid Ad,Desktop,1,1,1,0,0,0,0.0,2024-02-28 05:15:00
5590,sess_05590,Referral,Mobile,1,1,1,0,0,0,0.0,2024-02-28 05:30:00
5591,sess_05591,Social Media,Tablet,1,1,1,0,0,0,0.0,2024-02-28 05:45:00
5592,sess_05592,Organic Search,Desktop,1,1,1,0,0,0,0.0,2024-02-28 06:00:00
5593,sess_05593,Paid Ad,Mobile,1,1,1,0,0,0,0.0,2024-02-28 06:15:00
5594,sess_05594,Referral,Tablet,1,1,1,0,0,0,0.0,2024-02-28 06:30:00
5595,sess_05595,Social Media,Desktop,1,1,1,0,0,0,0.0,2024-02-28 06:45:00
5596,sess_05596,Organic Search,Mobile,1,1,1,0,0,0,0.0,2024-02-28 07:00:00
5597,sess_05597,Paid Ad,Tablet,1,1,1,0,0,0,0.0,2024-02-28 07:15:00
5598,sess_05598,Referral,Desktop,1,1,1,0,0,0,0.0,2024-02-28 07:30:00
5599,sess_05599,Social Media,Mobile,1,1,1,0,0,0,0.0,2024-02-28 07:45:00
5600,sess_05600,Organic Search,Tablet,1,1,1,0,0,0,0.0,2024-02-28 08:00:00
5601,sess_05601,Paid Ad,Desktop,1,1,1,0,0,0,0.0,2024-02-28 08:15:00
5602,sess_05602,Referral,Mobile,1,1,1,0,0,0,0.0,2024-02-28 08:30:00
5603,sess_05603,Social Media,Tablet,1,1,1,0,0,0,0.0,2024-02-28 08:45:00
5604,sess_05604,Organic Search,Desktop,1,1,1,0,0,0,0.0,2024-02-28 09:00:00
5605,sess_05605,Paid Ad,Mobile,1,1,1,0,0,0,0.0,2024-02-28 09:15:00
5606,sess_05606,Referral,Tablet,1,1,1,0,0,0,0.0,2024-02-28 09:30:00
5607,sess_05607,Social Media,Desktop,1,1,1,0,0,0,0.0,2024-02-28 09:45:00
5608,sess_05608,Organic Search,Mobile,1,1,1,0,0,0,0.0,2024-02-28 10:00:00
5609,sess_05609,Paid Ad,Tablet,1,1,1,0,0,0,0.0,2024-02-28 10:15:00
5610,sess_05610,Referral,Desktop,1,1,1,0,0,0,0.0,2024-02-28 10:30:00
5611,sess_05611,Social Media,Mobile,1,1,1,0,0,0,0.0,2024-02-28 10:45:00
5612,sess_05612,Organic Search,Tablet,1,1,1,0,0,0,0.0,2024-02-28 11:00:00
5613,sess_05613,Paid Ad,Desktop,1,1,1,0,0,0,0.0,2024-02-28 11:15:00
5614,sess_05614,Referral,Mobile,1,1,1,0,0,0,0.0,2024-02-28 11:30:00
5615,sess_05615,Social Media,Tablet,1,1,1,0,0,0,0.0,2024-02-28 11:45:00
5616,sess_05616,Organic Search,Desktop,1,1,1,0,0,0,0.0,2024-02-28 12:00:00
5617,sess_05617,Paid Ad,Mobile,1,1,1,0,0,0,0.0,2024-02-28 12:15:00
5618,sess_05618,Referral,Tablet,1,1,1,0,0,0,0.0,2024-02-28 12:30:00
5619,sess_05619,Social Media,Desktop,1,1,1,0,0,0,0.0,2024-02-28 12:45:00
5620,sess_05620,Organic Search,Mobile,1,1,1,0,0,0,0.0,2024-02-28 13:00:00
5621,sess_05621,Paid Ad,Tablet,1,1,1,0,0,0,0.0,2024-02-28 13:15:00
5622,sess_05622,Referral,Desktop,1,1,1,0,0,0,0.0,2024-02-28 13:30:00
5623,sess_05623,Social Media,Mobile,1,1,1,0,0,0,0.0,2024-02-28 13:45:00
5624,sess_05624,Organic Search,Tablet,1,1,1,0,0,0,0.0,2024-02-28 14:00:00
5625,sess_05625,Paid Ad,Desktop,1,1,1,0,0,0,0.0,2024-02-28 14:15:00
5626,sess_05626,Referral,Mobile,1,1,1,0,0,0,0.0,2024-02-28 14:30:00
5627,sess_05627,Social Media,Tablet,1,1,1,0,0,0,0.0,2024-02-28 14:45:00
5628,sess_05628,Organic Search,Desktop,1,1,1,0,0,0,0.0,2024-02-28 15:00:00
5629,sess_05629,Paid Ad,Mobile,1,1,1,0,0,0,0.0,2024-02-28 15:15:00
5630,sess_05630,Referral,Tablet,1,1,1,0,0,0,0.0,2024-02-28 15:30:00
5631,sess_05631,Social Media,Desktop,1,1,1,0,0,0,0.0,2024-02-28 15:45:00
5632,sess_05632,Organic Search,Mobile,1,1,1,0,0,0,0.0,2024-02-28 16:00:00
5633,sess_05633,Paid Ad,Tablet,1,1,1,0,0,0,0.0,2024-02-28 16:15:00
5634,sess_05634,Referral,Desktop,1,1,1,0,0,0,0.0,2024-02-28 16:30:00
5635,sess_05635,Social Media,Mobile,1,1,1,0,0,0,0.0,2024-02-28 16:45:00
5636,sess_05636,Organic Search,Tablet,1,1,1,0,0,0,0.0,2024-02-28 17:00:00
5637,sess_05637,Paid Ad,Desktop,1,1,1,0,0,0,0.0,2024-02-28 17:15:00
5638,sess_05638,Referral,Mobile,1,1,1,0,0,0,0.0,2024-02-28 17:30:00
5639,sess_05639,Social Media,Tablet,1,1,1,0,0,0,0.0,2024-02-28 17:45:00
5640,sess_05640,Organic Search,Desktop,1,1,1,0,0,0,0.0,2024-02-28 18:00:00
5641,sess_05641,Paid Ad,Mobile,1,1,1,0,0,0,0.0,2024-02-28 18:15:00
5642,sess_05642,Referral,Tablet,1,1,1,0,0,0,0.0,2024-02-28 18:30:00
5643,sess_05643,Social Media,Desktop,1,1,1,0,0,0,0.0,2024-02-28 18:45:00
5644,sess_05644,Organic Search,Mobile,1,1,1,0,0,0,0.0,2024-02-28 19:00:00
5645,sess_05645,Paid Ad,Tablet,1,1,1,0,0,0,0.0,2024-02-28 19:15:00
5646,sess_05646,Referral,Desktop,1,1,1,0,0,0,0.0,2024-02-28 19:30:00
5647,sess_05647,Social Media,Mobile,1,1,1,0,0,0,0.0,2024-02-28 19:45:00
5648,sess_05648,Organic Search,Tablet,1,1,1,0,0,0,0.0,2024-02-28 20:00:00
5649,sess_05649,Paid Ad,Desktop,1,1,1,0,0,0,0.0,2024-02-28 20:15:00
5650,sess_05650,Referral,Mobile,1,1,1,0,0,0,0.0,2024-02-28 20:30:00
5651,sess_05651,Social Media,Tablet,1,1,1,0,0,0,0.0,2024-02-28 20:45:00
5652,sess_05652,Organic Search,Desktop,1,1,1,0,0,0,0.0,2024-02-28 21:00:00
5653,sess_05653,Paid Ad,Mobile,1,1,1,0,0,0,0.0,2024-02-28 21:15:00
5654,sess_05654,Referral,Tablet,1,1,1,0,0,0,0.0,2024-02-28 21:30:00
5655,sess_05655,Social Media,Desktop,1,1,1,0,0,0,0.0,2024-02-28 21:45:00
5656,sess_05656,Organic Search,Mobile,1,1,1,0,0,0,0.0,2024-02-28 22:00:00
5657,sess_05657,Paid Ad,Tablet,1,1,1,0,0,0,0.0,2024-02-28 22:15:00
5658,sess_05658,Referral,Desktop,1,1,1,0,0,0,0.0,2024-02-28 22:30:00
5659,sess_05659,Social Media,Mobile,1,1,1,0,0,0,0.0,2024-02-28 22:45:00
5660,sess_05660,Organic Search,Tablet,1,1,1,0,0,0,0.0,2024-02-28 23:00:00
5661,sess_05661,Paid Ad,Desktop,1,1,1,0,0,0,0.0,2024-02-28 23:15:00
5662,sess_05662,Referral,Mobile,1,1,1,0,0,0,0.0,2024-02-28 23:30:00
5663,sess_05663,Social Media,Tablet,1,1,1,0,0,0,0.0,2024-02-28 23:45:00
5664,sess_05664,Organic Search,Desktop,1,1,1,0,0,0,0.0,2024-02-29 00:00:00
5665,sess_05665,Paid Ad,Mobile,1,1,1,0,0,0,0.0,2024-02-29 00:15:00
5666,sess_05666,Referral,Tablet,1,1,1,0,0,0,0.0,2024-02-29 00:30:00
5667,sess_05667,Social Media,Desktop,1,1,1,0,0,0,0.0,2024-02-29 00:45:00
5668,sess_05668,Organic Search,Mobile,1,1,1,0,0,0,0.0,2024-02-29 01:00:00
5669,sess_05669,Paid Ad,Tablet,1,1,1,0,0,0,0.0,2024-02-29 01:15:00
5670,sess_05670,Referral,Desktop,1,1,1,0,0,0,0.0,2024-02-29 01:30:00
5671,sess_05671,Social Media,Mobile,1,1,1,0,0,0,0.0,2024-02-29 01:45:00
5672,sess_05672,Organic Search,Tablet,1,1,1,0,0,0,0.0,2024-02-29 02:00:00
5673,sess_05673,Paid Ad,Desktop,1,1,1,0,0,0,0.0,2024-02-29 02:15:00
5674,sess_05674,Referral,Mobile,1,1,1,0,0,0,0.0,2024-02-29 02:30:00
5675,sess_05675,Social Media,Tablet,1,1,1,0,0,0,0.0,2024-02-29 02:45:00
5676,sess_05676,Organic Search,Desktop,1,1,1,0,0,0,0.0,2024-02-29 03:00:00
5677,sess_05677,Paid Ad,Mobile,1,1,1,0,0,0,0.0,2024-02-29 03:15:00
5678,sess_05678,Referral,Tablet,1,1,1,0,0,0,0.0,2024-02-29 03:30:00
5679,sess_05679,Social Media,Desktop,1,1,1,0,0,0,0.0,2024-02-29 03:45:00
5680,sess_05680,Organic Search,Mobile,1,1,1,0,0,0,0.0,2024-02-29 04:00:00
5681,sess_05681,Paid Ad,Tablet,1,1,1,0,0,0,0.0,2024-02-29 04:15:00
5682,sess_05682,Referral,Desktop,1,1,1,0,0,0,0.0,2024-02-29 04:30:00
5683,sess_05683,Social Media,Mobile,1,1,1,0,0,0,0.0,2024-02-29 04:45:00
5684,sess_05684,Organic Search,Tablet,1,1,1,0,0,0,0.0,2024-02-29 05:00:00
5685,sess_05685,Paid Ad,Desktop,1,1,1,0,0,0,0.0,2024-02-29 05:15:00
5686,sess_05686,Referral,Mobile,1,1,1,0,0,0,0.0,2024-02-29 05:30:00
5687,sess_05687,Social Media,Tablet,1,1,1,0,0,0,0.0,2024-02-29 05:45:00
5688,sess_05688,Organic Search,Desktop,1,1,1,0,0,0,0.0,2024-02-29 06:00:00
5689,sess_05689,Paid Ad,Mobile,1,1,1,0,0,0,0.0,2024-02-29 06:15:00
5690,sess_05690,Referral,Tablet,1,1,1,0,0,0,0.0,2024-02-29 06:30:00
5691,sess_05691,Social Media,Desktop,1,1,1,0,0,0,0.0,2024-02-29 06:45:00
5692,sess_05692,Organic Search,Mobile,1,1,1,0,0,0,0.0,2024-02-29 07:00:00
5693,sess_05693,Paid Ad,Tablet,1,1,1,0,0,0,0.0,2024-02-29 07:15:00
5694,sess_05694,Referral,Desktop,1,1,1,0,0,0,0.0,2024-02-29 07:30:00
5695,sess_05695,Social Media,Mobile,1,1,1,0,0,0,0.0,2024-02-29 07:45:00
5696,sess_05696,Organic Search,Tablet,1,1,1,0,0,0,0.0,2024-02-29 08:00:00
5697,sess_05697,Paid Ad,Desktop,1,1,1,0,0,0,0.0,2024-02-29 08:15:00
5698,sess_05698,Referral,Mobile,1,1,1,0,0,0,0.0,2024-02-29 08:30:00
5699,sess_05699,Social Media,Tablet,1,1,1,0,0,0,0.0,2024-02-29 08:45:00
5700,sess_05700,Organic Search,Desktop,1,1,1,0,0,0,0.0,2024-02-29 09:00:00
5701,sess_05701,Paid Ad,Mobile,1,1,1,0,0,0,0.0,2024-02-29 09:15:00
5702,sess_05702,Referral,Tablet,1,1,1,0,0,0,0.0,2024-02-29 09:30:00
5703,sess_05703,Social Media,Desktop,1,1,1,0,0,0,0.0,2024-02-29 09:45:00
5704,sess_05704,Organic Search,Mobile,1,1,1,0,0,0,0.0,2024-02-29 10:00:00
5705,sess_05705,Paid Ad,Tablet,1,1,1,0,0,0,0.0,2024-02-29 10:15:00
5706,sess_05706,Referral,Desktop,1,1,1,0,0,0,0.0,2024-02-29 10:30:00
5707,sess_05707,Social Media,Mobile,1,1,1,0,0,0,0.0,2024-02-29 10:45:00
5708,sess_05708,Organic Search,Tablet,1,1,1,0,0,0,0.0,2024-02-29 11:00:00
5709,sess_05709,Paid Ad,Desktop,1,1,1,0,0,0,0.0,2024-02-29 11:15:00
5710,sess_05710,Referral,Mobile,1,1,1,0,0,0,0.0,2024-02-29 11:30:00
5711,sess_05711,Social Media,Tablet,1,1,1,0,0,0,0.0,2024-02-29 11:45:00
5712,sess_05712,Organic Search,Desktop,1,1,1,0,0,0,0.0,2024-02-29 12:00:00
5713,sess_05713,Paid Ad,Mobile,1,1,1,0,0,0,0.0,2024-02-29 12:15:00
5714,sess_05714,Referral,Tablet,1,1,1,0,0,0,0.0,2024-02-29 12:30:00
5715,sess_05715,Social Media,Desktop,1,1,1,0,0,0,0.0,2024-02-29 12:45:00
5716,sess_05716,Organic Search,Mobile,1,1,1,0,0,0,0.0,2024-02-29 13:00:00
5717,sess_05717,Paid Ad,Tablet,1,1,1,0,0,0,0.0,2024-02-29 13:15:00
5718,sess_05718,Referral,Desktop,1,1,1,0,0,0,0.0,2024-02-29 13:30:00
5719,sess_05719,Social Media,Mobile,1,1,1,0,0,0,0.0,2024-02-29 13:45:00
5720,sess_05720,Organic Search,Tablet,1,1,1,0,0,0,0.0,2024-02-29 14:00:00
5721,sess_05721,Paid Ad,Desktop,1,1,1,0,0,0,0.0,2024-02-29 14:15:00
5722,sess_05722,Referral,Mobile,1,1,1,0,0,0,0.0,2024-02-29 14:30:00
5723,sess_05723,Social Media,Tablet,1,1,1,0,0,0,0.0,2024-02-29 14:45:00
5724,sess_05724,Organic Search,Desktop,1,1,1,0,0,0,0.0,2024-02-29 15:00:00
5725,sess_05725,Paid Ad,Mobile,1,1,1,0,0,0,0.0,2024-02-29 15:15:00
5726,sess_05726,Referral,Tablet,1,1,1,0,0,0,0.0,2024-02-29 15:30:00
5727,sess_05727,Social Media,Desktop,1,1,1,0,0,0,0.0,2024-02-29 15:45:00
5728,sess_05728,Organic Search,Mobile,1,1,1,0,0,0,0.0,2024-02-29 16:00:00
5729,sess_05729,Paid Ad,Tablet,1,1,1,0,0,0,0.0,2024-02-29 16:15:00
5730,sess_05730,Referral,Desktop,1,1,1,0,0,0,0.0,2024-02-29 16:30:00
5731,sess_05731,Social Media,Mobile,1,1,1,0,0,0,0.0,2024-02-29 16:45:00
5732,sess_05732,Organic Search,Tablet,1,1,1,0,0,0,0.0,2024-02-29 17:00:00
5733,sess_05733,Paid Ad,Desktop,1,1,1,0,0,0,0.0,2024-02-29 17:15:00
5734,sess_05734,Referral,Mobile,1,1,1,0,0,0,0.0,2024-02-29 17:30:00
5735,sess_05735,Social Media,Tablet,1,1,1,0,0,0,0.0,2024-02-29 17:45:00
5736,sess_05736,Organic Search,Desktop,1,1,1,0,0,0,0.0,2024-02-29 18:00:00
5737,sess_05737,Paid Ad,Mobile,1,1,1,0,0,0,0.0,2024-02-29 18:15:00
5738,sess_05738,Referral,Tablet,1,1,1,0,0,0,0.0,2024-02-29 18:30:00
5739,sess_05739,Social Media,Desktop,1,1,1,0,0,0,0.0,2024-02-29 18:45:00
5740,sess_05740,Organic Search,Mobile,1,1,1,0,0,0,0.0,2024-02-29 19:00:00
5741,sess_05741,Paid Ad,Tablet,1,1,1,0,0,0,0.0,2024-02-29 19:15:00
5742,sess_05742,Referral,Desktop,1,1,1,0,0,0,0.0,2024-02-29 19:30:00
5743,sess_05743,Social Media,Mobile,1,1,1,0,0,0,0.0,2024-02-29 19:45:00
5744,sess_05744,Organic Search,Tablet,1,1,1,0,0,0,0.0,2024-02-29 20:00:00
5745,sess_05745,Paid Ad,Desktop,1,1,1,0,0,0,0.0,2024-02-29 20:15:00
5746,sess_05746,Referral,Mobile,1,1,1,0,0,0,0.0,2024-02-29 20:30:00
5747,sess_05747,Social Media,Tablet,1,1,1,0,0,0,0.0,2024-02-29 20:45:00
5748,sess_05748,Organic Search,Desktop,1,1,1,0,0,0,0.0,2024-02-29 21:00:00
5749,sess_05749,Paid Ad,Mobile,1,1,1,0,0,0,0.0,2024-02-29 21:15:00
5750,sess_05750,Referral,Tablet,1,1,1,0,0,0,0.0,2024-02-29 21:30:00
5751,sess_05751,Social Media,Desktop,1,1,1,0,0,0,0.0,2024-02-29 21:45:00
5752,sess_05752,Organic Search,Mobile,1,1,1,0,0,0,0.0,2024-02-29 22:00:00
5753,sess_05753,Paid Ad,Tablet,1,1,1,0,0,0,0.0,2024-02-29 22:15:00
5754,sess_05754,Referral,Desktop,1,1,1,0,0,0,0.0,2024-02-29 22:30:00
5755,sess_05755,Social Media,Mobile,1,1,1,0,0,0,0.0,2024-02-29 22:45:00
5756,sess_05756,Organic Search,Tablet,1,1,1,0,0,0,0.0,2024-02-29 23:00:00
5757,sess_05757,Paid Ad,Desktop,1,1,1,0,0,0,0.0,2024-02-29 23:15:00
5758,sess_05758,Referral,Mobile,1,1,1,0,0,0,0.0,2024-02-29 23:30:00
5759,sess_05759,Social Media,Tablet,1,1,1,0,0,0,0.0,2024-02-29 23:45:00
5760,sess_05760,Organic Search,Desktop,1,1,1,0,0,0,0.0,2024-03-01 00:00:00
5761,sess_05761,Paid Ad,Mobile,1,1,1,0,0,0,0.0,2024-03-01 00:15:00
5762,sess_05762,Referral,Tablet,1,1,1,0,0,0,0.0,2024-03-01 00:30:00
5763,sess_05763,Social Media,Desktop,1,1,1,0,0,0,0.0,2024-03-01 00:45:00
5764,sess_05764,Organic Search,Mobile,1,1,1,0,0,0,0.0,2024-03-01 01:00:00
5765,sess_05765,Paid Ad,Tablet,1,1,1,0,0,0,0.0,2024-03-01 01:15:00
5766,sess_05766,Referral,Desktop,1,1,1,0,0,0,0.0,2024-03-01 01:30:00
5767,sess_05767,Social Media,Mobile,1,1,1,0,0,0,0.0,2024-03-01 01:45:00
5768,sess_05768,Organic Search,Tablet,1,1,1,0,0,0,0.0,2024-03-01 02:00:00
5769,sess_05769,Paid Ad,Desktop,1,1,1,0,0,0,0.0,2024-03-01 02:15:00
5770,sess_05770,Referral,Mobile,1,1,1,0,0,0,0.0,2024-03-01 02:30:00
5771,sess_05771,Social Media,Tablet,1,1,1,0,0,0,0.0,2024-03-01 02:45:00
5772,sess_05772,Organic Search,Desktop,1,1,1,0,0,0,0.0,2024-03-01 03:00:00
5773,sess_05773,Paid Ad,Mobile,1,1,1,0,0,0,0.0,2024-03-01 03:15:00
5774,sess_05774,Referral,Tablet,1,1,1,0,0,0,0.0,2024-03-01 03:30:00
5775,sess_05775,Social Media,Desktop,1,1,1,0,0,0,0.0,2024-03-01 03:45:00
5776,sess_05776,Organic Search,Mobile,1,1,1,0,0,0,0.0,2024-03-01 04:00:00
5777,sess_05777,Paid Ad,Tablet,1,1,1,0,0,0,0.0,2024-03-01 04:15:00
5778,sess_05778,Referral,Desktop,1,1,1,0,0,0,0.0,2024-03-01 04:30:00
5779,sess_05779,Social Media,Mobile,1,1,1,0,0,0,0.0,2024-03-01 04:45:00
5780,sess_05780,Organic Search,Tablet,1,1,1,0,0,0,0.0,2024-03-01 05:00:00
5781,sess_05781,Paid Ad,Desktop,1,1,1,0,0,0,0.0,2024-03-01 05:15:00
5782,sess_05782,Referral,Mobile,1,1,1,0,0,0,0.0,2024-03-01 05:30:00
5783,sess_05783,Social Media,Tablet,1,1,1,0,0,0,0.0,2024-03-01 05:45:00
5784,sess_05784,Organic Search,Desktop,1,1,1,0,0,0,0.0,2024-03-01 06:00:00
5785,sess_05785,Paid Ad,Mobile,1,1,1,0,0,0,0.0,2024-03-01 06:15:00
5786,sess_05786,Referral,Tablet,1,1,1,0,0,0,0.0,2024-03-01 06:30:00
5787,sess_05787,Social Media,Desktop,1,1,1,0,0,0,0.0,2024-03-01 06:45:00
5788,sess_05788,Organic Search,Mobile,1,1,1,0,0,0,0.0,2024-03-01 07:00:00
5789,sess_05789,Paid Ad,Tablet,1,1,1,0,0,0,0.0,2024-03-01 07:15:00
5790,sess_05790,Referral,Desktop,1,1,1,0,0,0,0.0,2024-03-01 07:30:00
5791,sess_05791,Social Media,Mobile,1,1,1,0,0,0,0.0,2024-03-01 07:45:00
5792,sess_05792,Organic Search,Tablet,1,1,1,0,0,0,0.0,2024-03-01 08:00:00
5793,sess_05793,Paid Ad,Desktop,1,1,1,0,0,0,0.0,2024-03-01 08:15:00
5794,sess_05794,Referral,Mobile,1,1,1,0,0,0,0.0,2024-03-01 08:30:00
5795,sess_05795,Social Media,Tablet,1,1,1,0,0,0,0.0,2024-03-01 08:45:00
5796,sess_05796,Organic Search,Desktop,1,1,1,0,0,0,0.0,2024-03-01 09:00:00
5797,sess_05797,Paid Ad,Mobile,1,1,1,0,0,0,0.0,2024-03-01 09:15:00
5798,sess_05798,Referral,Tablet,1,1,1,0,0,0,0.0,2024-03-01 09:30:00
5799,sess_05799,Social Media,Desktop,1,1,1,0,0,0,0.0,2024-03-01 09:45:00
5800,sess_05800,Organic Search,Mobile,1,1,1,0,0,0,0.0,2024-03-01 10:00:00
5801,sess_05801,Paid Ad,Tablet,1,1,1,0,0,0,0.0,2024-03-01 10:15:00
5802,sess_05802,Referral,Desktop,1,1,1,0,0,0,0.0,2024-03-01 10:30:00
5803,sess_05803,Social Media,Mobile,1,1,1,0,0,0,0.0,2024-03-01 10:45:00
5804,sess_05804,Organic Search,Tablet,1,1,1,0,0,0,0.0,2024-03-01 11:00:00
5805,sess_05805,Paid Ad,Desktop,1,1,1,0,0,0,0.0,2024-03-01 11:15:00
5806,sess_05806,Referral,Mobile,1,1,1,0,0,0,0.0,2024-03-01 11:30:00
5807,sess_05807,Social Media,Tablet,1,1,1,0,0,0,0.0,2024-03-01 11:45:00
5808,sess_05808,Organic Search,Desktop,1,1,1,0,0,0,0.0,2024-03-01 12:00:00
5809,sess_05809,Paid Ad,Mobile,1,1,1,0,0,0,0.0,2024-03-01 12:15:00
5810,sess_05810,Referral,Tablet,1,1,1,0,0,0,0.0,2024-03-01 12:30:00
5811,sess_05811,Social Media,Desktop,1,1,1,0,0,0,0.0,2024-03-01 12:45:00
5812,sess_05812,Organic Search,Mobile,1,1,1,0,0,0,0.0,2024-03-01 13:00:00
5813,sess_05813,Paid Ad,Tablet,1,1,1,0,0,0,0.0,2024-03-01 13:15:00
5814,sess_05814,Referral,Desktop,1,1,1,0,0,0,0.0,2024-03-01 13:30:00
5815,sess_05815,Social Media,Mobile,1,1,1,0,0,0,0.0,2024-03-01 13:45:00
5816,sess_05816,Organic Search,Tablet,1,1,1,0,0,0,0.0,2024-03-01 14:00:00
5817,sess_05817,Paid Ad,Desktop,1,1,1,0,0,0,0.0,2024-03-01 14:15:00
5818,sess_05818,Referral,Mobile,1,1,1,0,0,0,0.0,2024-03-01 14:30:00
5819,sess_05819,Social Media,Tablet,1,1,1,0,0,0,0.0,2024-03-01 14:45:00
5820,sess_05820,Organic Search,Desktop,1,1,1,0,0,0,0.0,2024-03-01 15:00:00
5821,sess_05821,Paid Ad,Mobile,1,1,1,0,0,0,0.0,2024-03-01 15:15:00
5822,sess_05822,Referral,Tablet,1,1,1,0,0,0,0.0,2024-03-01 15:30:00
5823,sess_05823,Social Media,Desktop,1,1,1,0,0,0,0.0,2024-03-01 15:45:00
5824,sess_05824,Organic Search,Mobile,1,1,1,0,0,0,0.0,2024-03-01 16:00:00
5825,sess_05825,Paid Ad,Tablet,1,1,1,0,0,0,0.0,2024-03-01 16:15:00
5826,sess_05826,Referral,Desktop,1,1,1,0,0,0,0.0,2024-03-01 16:30:00
5827,sess_05827,Social Media,Mobile,1,1,1,0,0,0,0.0,2024-03-01 16:45:00
5828,sess_05828,Organic Search,Tablet,1,1,1,0,0,0,0.0,2024-03-01 17:00:00
5829,sess_05829,Paid Ad,Desktop,1,1,1,0,0,0,0.0,2024-03-01 17:15:00
5830,sess_05830,Referral,Mobile,1,1,1,0,0,0,0.0,2024-03-01 17:30:00
5831,sess_05831,Social Media,Tablet,1,1,1,0,0,0,0.0,2024-03-01 17:45:00
5832,sess_05832,Organic Search,Desktop,1,1,1,0,0,0,0.0,2024-03-01 18:00:00
5833,sess_05833,Paid Ad,Mobile,1,1,1,0,0,0,0.0,2024-03-01 18:15:00
5834,sess_05834,Referral,Tablet,1,1,1,0,0,0,0.0,2024-03-01 18:30:00
5835,sess_05835,Social Media,Desktop,1,1,1,0,0,0,0.0,2024-03-01 18:45:00
5836,sess_05836,Organic Search,Mobile,1,1,1,0,0,0,0.0,2024-03-01 19:00:00
5837,sess_05837,Paid Ad,Tablet,1,1,1,0,0,0,0.0,2024-03-01 19:15:00
5838,sess_05838,Referral,Desktop,1,1,1,0,0,0,0.0,2024-03-01 19:30:00
5839,sess_05839,Social Media,Mobile,1,1,1,0,0,0,0.0,2024-03-01 19:45:00
5840,sess_05840,Organic Search,Tablet,1,1,1,0,0,0,0.0,2024-03-01 20:00:00
5841,sess_05841,Paid Ad,Desktop,1,1,1,0,0,0,0.0,2024-03-01 20:15:00
5842,sess_05842,Referral,Mobile,1,1,1,0,0,0,0.0,2024-03-01 20:30:00
5843,sess_05843,Social Media,Tablet,1,1,1,0,0,0,0.0,2024-03-01 20:45:00
5844,sess_05844,Organic Search,Desktop,1,1,1,0,0,0,0.0,2024-03-01 21:00:00
5845,sess_05845,Paid Ad,Mobile,1,1,1,0,0,0,0.0,2024-03-01 21:15:00
5846,sess_05846,Referral,Tablet,1,1,1,0,0,0,0.0,2024-03-01 21:30:00
5847,sess_05847,Social Media,Desktop,1,1,1,0,0,0,0.0,2024-03-01 21:45:00
5848,sess_05848,Organic Search,Mobile,1,1,1,0,0,0,0.0,2024-03-01 22:00:00
5849,sess_05849,Paid Ad,Tablet,1,1,1,0,0,0,0.0,2024-03-01 22:15:00
5850,sess_05850,Referral,Desktop,1,1,1,0,0,0,0.0,2024-03-01 22:30:00
5851,sess_05851,Social Media,Mobile,1,1,1,0,0,0,0.0,2024-03-01 22:45:00
5852,sess_05852,Organic Search,Tablet,1,1,1,0,0,0,0.0,2024-03-01 23:00:00
5853,sess_05853,Paid Ad,Desktop,1,1,1,0,0,0,0.0,2024-03-01 23:15:00
5854,sess_05854,Referral,Mobile,1,1,1,0,0,0,0.0,2024-03-01 23:30:00
5855,sess_05855,Social Media,Tablet,1,1,1,0,0,0,0.0,2024-03-01 23:45:00
5856,sess_05856,Organic Search,Desktop,1,1,1,0,0,0,0.0,2024-03-02 00:00:00
5857,sess_05857,Paid Ad,Mobile,1,1,1,0,0,0,0.0,2024-03-02 00:15:00
5858,sess_05858,Referral,Tablet,1,1,1,0,0,0,0.0,2024-03-02 00:30:00
5859,sess_05859,Social Media,Desktop,1,1,1,0,0,0,0.0,2024-03-02 00:45:00
5860,sess_05860,Organic Search,Mobile,1,1,1,0,0,0,0.0,2024-03-02 01:00:00
5861,sess_05861,Paid Ad,Tablet,1,1,1,0,0,0,0.0,2024-03-02 01:15:00
5862,sess_05862,Referral,Desktop,1,1,1,0,0,0,0.0,2024-03-02 01:30:00
5863,sess_05863,Social Media,Mobile,1,1,1,0,0,0,0.0,2024-03-02 01:45:00
5864,sess_05864,Organic Search,Tablet,1,1,1,0,0,0,0.0,2024-03-02 02:00:00
5865,sess_05865,Paid Ad,Desktop,1,1,1,0,0,0,0.0,2024-03-02 02:15:00
5866,sess_05866,Referral,Mobile,1,1,1,0,0,0,0.0,2024-03-02 02:30:00
5867,sess_05867,Social Media,Tablet,1,1,1,0,0,0,0.0,2024-03-02 02:45:00
5868,sess_05868,Organic Search,Desktop,1,1,1,0,0,0,0.0,2024-03-02 03:00:00
5869,sess_05869,Paid Ad,Mobile,1,1,1,0,0,0,0.0,2024-03-02 03:15:00
5870,sess_05870,Referral,Tablet,1,1,1,0,0,0,0.0,2024-03-02 03:30:00
5871,sess_05871,Social Media,Desktop,1,1,1,0,0,0,0.0,2024-03-02 03:45:00
5872,sess_05872,Organic Search,Mobile,1,1,1,0,0,0,0.0,2024-03-02 04:00:00
5873,sess_05873,Paid Ad,Tablet,1,1,1,0,0,0,0.0,2024-03-02 04:15:00
5874,sess_05874,Referral,Desktop,1,1,1,0,0,0,0.0,2024-03-02 04:30:00
5875,sess_05875,Social Media,Mobile,1,1,1,0,0,0,0.0,2024-03-02 04:45:00
5876,sess_05876,Organic Search,Tablet,1,1,1,0,0,0,0.0,2024-03-02 05:00:00
5877,sess_05877,Paid Ad,Desktop,1,1,1,0,0,0,0.0,2024-03-02 05:15:00
5878,sess_05878,Referral,Mobile,1,1,1,0,0,0,0.0,2024-03-02 05:30:00
5879,sess_05879,Social Media,Tablet,1,1,1,0,0,0,0.0,2024-03-02 05:45:00
5880,sess_05880,Organic Search,Desktop,1,1,1,0,0,0,0.0,2024-03-02 06:00:00
5881,sess_05881,Paid Ad,Mobile,1,1,1,0,0,0,0.0,2024-03-02 06:15:00
5882,sess_05882,Referral,Tablet,1,1,1,0,0,0,0.0,2024-03-02 06:30:00
5883,sess_05883,Social Media,Desktop,1,1,1,0,0,0,0.0,2024-03-02 06:45:00
5884,sess_05884,Organic Search,Mobile,1,1,1,0,0,0,0.0,2024-03-02 07:00:00
5885,sess_05885,Paid Ad,Tablet,1,1,1,0,0,0,0.0,2024-03-02 07:15:00
5886,sess_05886,Referral,Desktop,1,1,1,0,0,0,0.0,2024-03-02 07:30:00
5887,sess_05887,Social Media,Mobile,1,1,1,0,0,0,0.0,2024-03-02 07:45:00
5888,sess_05888,Organic Search,Tablet,1,1,1,0,0,0,0.0,2024-03-02 08:00:00
5889,sess_05889,Paid Ad,Desktop,1,1,1,0,0,0,0.0,2024-03-02 08:15:00
5890,sess_05890,Referral,Mobile,1,1,1,0,0,0,0.0,2024-03-02 08:30:00
5891,sess_05891,Social Media,Tablet,1,1,1,0,0,0,0.0,2024-03-02 08:45:00
5892,sess_05892,Organic Search,Desktop,1,1,1,0,0,0,0.0,2024-03-02 09:00:00
5893,sess_05893,Paid Ad,Mobile,1,1,1,0,0,0,0.0,2024-03-02 09:15:00
5894,sess_05894,Referral,Tablet,1,1,1,0,0,0,0.0,2024-03-02 09:30:00
5895,sess_05895,Social Media,Desktop,1,1,1,0,0,0,0.0,2024-03-02 09:45:00
5896,sess_05896,Organic Search,Mobile,1,1,1,0,0,0,0.0,2024-03-02 10:00:00
5897,sess_05897,Paid Ad,Tablet,1,1,1,0,0,0,0.0,2024-03-02 10:15:00
5898,sess_05898,Referral,Desktop,1,1,1,0,0,0,0.0,2024-03-02 10:30:00
5899,sess_05899,Social Media,Mobile,1,1,1,0,0,0,0.0,2024-03-02 10:45:00
5900,sess_05900,Organic Search,Tablet,1,1,1,0,0,0,0.0,2024-03-02 11:00:00
5901,sess_05901,Paid Ad,Desktop,1,1,1,0,0,0,0.0,2024-03-02 11:15:00
5902,sess_05902,Referral,Mobile,1,1,1,0,0,0,0.0,2024-03-02 11:30:00
5903,sess_05903,Social Media,Tablet,1,1,1,0,0,0,0.0,2024-03-02 11:45:00
5904,sess_05904,Organic Search,Desktop,1,1,1,0,0,0,0.0,2024-03-02 12:00:00
5905,sess_05905,Paid Ad,Mobile,1,1,1,0,0,0,0.0,2024-03-02 12:15:00
5906,sess_05906,Referral,Tablet,1,1,1,0,0,0,0.0,2024-03-02 12:30:00
5907,sess_05907,Social Media,Desktop,1,1,1,0,0,0,0.0,2024-03-02 12:45:00
5908,sess_05908,Organic Search,Mobile,1,1,1,0,0,0,0.0,2024-03-02 13:00:00
5909,sess_05909,Paid Ad,Tablet,1,1,1,0,0,0,0.0,2024-03-02 13:15:00
5910,sess_05910,Referral,Desktop,1,1,1,0,0,0,0.0,2024-03-02 13:30:00
5911,sess_05911,Social Media,Mobile,1,1,1,0,0,0,0.0,2024-03-02 13:45:00
5912,sess_05912,Organic Search,Tablet,1,1,1,0,0,0,0.0,2024-03-02 14:00:00
5913,sess_05913,Paid Ad,Desktop,1,1,1,0,0,0,0.0,2024-03-02 14:15:00
5914,sess_05914,Referral,Mobile,1,1,1,0,0,0,0.0,2024-03-02 14:30:00
5915,sess_05915,Social Media,Tablet,1,1,1,0,0,0,0.0,2024-03-02 14:45:00
5916,sess_05916,Organic Search,Desktop,1,1,1,0,0,0,0.0,2024-03-02 15:00:00
5917,sess_05917,Paid Ad,Mobile,1,1,1,0,0,0,0.0,2024-03-02 15:15:00
5918,sess_05918,Referral,Tablet,1,1,1,0,0,0,0.0,2024-03-02 15:30:00
5919,sess_05919,Social Media,Desktop,1,1,1,0,0,0,0.0,2024-03-02 15:45:00
5920,sess_05920,Organic Search,Mobile,1,1,1,0,0,0,0.0,2024-03-02 16:00:00
5921,sess_05921,Paid Ad,Tablet,1,1,1,0,0,0,0.0,2024-03-02 16:15:00
5922,sess_05922,Referral,Desktop,1,1,1,0,0,0,0.0,2024-03-02 16:30:00
5923,sess_05923,Social Media,Mobile,1,1,1,0,0,0,0.0,2024-03-02 16:45:00
5924,sess_05924,Organic Search,Tablet,1,1,1,0,0,0,0.0,2024-03-02 17:00:00
5925,sess_05925,Paid Ad,Desktop,1,1,1,0,0,0,0.0,2024-03-02 17:15:00
5926,sess_05926,Referral,Mobile,1,1,1,0,0,0,0.0,2024-03-02 17:30:00
5927,sess_05927,Social Media,Tablet,1,1,1,0,0,0,0.0,2024-03-02 17:45:00
5928,sess_05928,Organic Search,Desktop,1,1,1,0,0,0,0.0,2024-03-02 18:00:00
5929,sess_05929,Paid Ad,Mobile,1,1,1,0,0,0,0.0,2024-03-02 18:15:00
5930,sess_05930,Referral,Tablet,1,1,1,0,0,0,0.0,2024-03-02 18:30:00
5931,sess_05931,Social Media,Desktop,1,1,1,0,0,0,0.0,2024-03-02 18:45:00
5932,sess_05932,Organic Search,Mobile,1,1,1,0,0,0,0.0,2024-03-02 19:00:00
5933,sess_05933,Paid Ad,Tablet,1,1,1,0,0,0,0.0,2024-03-02 19:15:00
5934,sess_05934,Referral,Desktop,1,1,1,0,0,0,0.0,2024-03-02 19:30:00
5935,sess_05935,Social Media,Mobile,1,1,1,0,0,0,0.0,2024-03-02 19:45:00
5936,sess_05936,Organic Search,Tablet,1,1,1,0,0,0,0.0,2024-03-02 20:00:00
5937,sess_05937,Paid Ad,Desktop,1,1,1,0,0,0,0.0,2024-03-02 20:15:00
5938,sess_05938,Referral,Mobile,1,1,1,0,0,0,0.0,2024-03-02 20:30:00
5939,sess_05939,Social Media,Tablet,1,1,1,0,0,0,0.0,2024-03-02 20:45:00
5940,sess_05940,Organic Search,Desktop,1,1,1,0,0,0,0.0,2024-03-02 21:00:00
5941,sess_05941,Paid Ad,Mobile,1,1,1,0,0,0,0.0,2024-03-02 21:15:00
5942,sess_05942,Referral,Tablet,1,1,1,0,0,0,0.0,2024-03-02 21:30:00
5943,sess_05943,Social Media,Desktop,1,1,1,0,0,0,0.0,2024-03-02 21:45:00
5944,sess_05944,Organic Search,Mobile,1,1,1,0,0,0,0.0,2024-03-02 22:00:00
5945,sess_05945,Paid Ad,Tablet,1,1,1,0,0,0,0.0,2024-03-02 22:15:00
5946,sess_05946,Referral,Desktop,1,1,1,0,0,0,0.0,2024-03-02 22:30:00
5947,sess_05947,Social Media,Mobile,1,1,1,0,0,0,0.0,2024-03-02 22:45:00
5948,sess_05948,Organic Search,Tablet,1,1,1,0,0,0,0.0,2024-03-02 23:00:00
5949,sess_05949,Paid Ad,Desktop,1,1,1,0,0,0,0.0,2024-03-02 23:15:00
5950,sess_05950,Referral,Mobile,1,1,1,0,0,0,0.0,2024-03-02 23:30:00
5951,sess_05951,Social Media,Tablet,1,1,1,0,0,0,0.0,2024-03-02 23:45:00
5952,sess_05952,Organic Search,Desktop,1,1,1,0,0,0,0.0,2024-03-03 00:00:00
5953,sess_05953,Paid Ad,Mobile,1,1,1,0,0,0,0.0,2024-03-03 00:15:00
5954,sess_05954,Referral,Tablet,1,1,1,0,0,0,0.0,2024-03-03 00:30:00
5955,sess_05955,Social Media,Desktop,1,1,1,0,0,0,0.0,2024-03-03 00:45:00
5956,sess_05956,Organic Search,Mobile,1,1,1,0,0,0,0.0,2024-03-03 01:00:00
5957,sess_05957,Paid Ad,Tablet,1,1,1,0,0,0,0.0,2024-03-03 01:15:00
5958,sess_05958,Referral,Desktop,1,1,1,0,0,0,0.0,2024-03-03 01:30:00
5959,sess_05959,Social Media,Mobile,1,1,1,0,0,0,0.0,2024-03-03 01:45:00
5960,sess_05960,Organic Search,Tablet,1,1,1,0,0,0,0.0,2024-03-03 02:00:00
5961,sess_05961,Paid Ad,Desktop,1,1,1,0,0,0,0.0,2024-03-03 02:15:00
5962,sess_05962,Referral,Mobile,1,1,1,0,0,0,0.0,2024-03-03 02:30:00
5963,sess_05963,Social Media,Tablet,1,1,1,0,0,0,0.0,2024-03-03 02:45:00
5964,sess_05964,Organic Search,Desktop,1,1,1,0,0,0,0.0,2024-03-03 03:00:00
5965,sess_05965,Paid Ad,Mobile,1,1,1,0,0,0,0.0,2024-03-03 03:15:00
5966,sess_05966,Referral,Tablet,1,1,1,0,0,0,0.0,2024-03-03 03:30:00
5967,sess_05967,Social Media,Desktop,1,1,1,0,0,0,0.0,2024-03-03 03:45:00
5968,sess_05968,Organic Search,Mobile,1,1,1,0,0,0,0.0,2024-03-03 04:00:00
5969,sess_05969,Paid Ad,Tablet,1,1,1,0,0,0,0.0,2024-03-03 04:15:00
5970,sess_05970,Referral,Desktop,1,1,1,0,0,0,0.0,2024-03-03 04:30:00
5971,sess_05971,Social Media,Mobile,1,1,1,0,0,0,0.0,2024-03-03 04:45:00
5972,sess_05972,Organic Search,Tablet,1,1,1,0,0,0,0.0,2024-03-03 05:00:00
5973,sess_05973,Paid Ad,Desktop,1,1,1,0,0,0,0.0,2024-03-03 05:15:00
5974,sess_05974,Referral,Mobile,1,1,1,0,0,0,0.0,2024-03-03 05:30:00
5975,sess_05975,Social Media,Tablet,1,1,1,0,0,0,0.0,2024-03-03 05:45:00
5976,sess_05976,Organic Search,Desktop,1,1,1,0,0,0,0.0,2024-03-03 06:00:00
5977,sess_05977,Paid Ad,Mobile,1,1,1,0,0,0,0.0,2024-03-03 06:15:00
5978,sess_05978,Referral,Tablet,1,1,1,0,0,0,0.0,2024-03-03 06:30:00
5979,sess_05979,Social Media,Desktop,1,1,1,0,0,0,0.0,2024-03-03 06:45:00
5980,sess_05980,Organic Search,Mobile,1,1,1,0,0,0,0.0,2024-03-03 07:00:00
5981,sess_05981,Paid Ad,Tablet,1,1,1,0,0,0,0.0,2024-03-03 07:15:00
5982,sess_05982,Referral,Desktop,1,1,1,0,0,0,0.0,2024-03-03 07:30:00
5983,sess_05983,Social Media,Mobile,1,1,1,0,0,0,0.0,2024-03-03 07:45:00
5984,sess_05984,Organic Search,Tablet,1,1,1,0,0,0,0.0,2024-03-03 08:00:00
5985,sess_05985,Paid Ad,Desktop,1,1,1,0,0,0,0.0,2024-03-03 08:15:00
5986,sess_05986,Referral,Mobile,1,1,1,0,0,0,0.0,2024-03-03 08:30:00
5987,sess_05987,Social Media,Tablet,1,1,1,0,0,0,0.0,2024-03-03 08:45:00
5988,sess_05988,Organic Search,Desktop,1,1,1,0,0,0,0.0,2024-03-03 09:00:00
5989,sess_05989,Paid Ad,Mobile,1,1,1,0,0,0,0.0,2024-03-03 09:15:00
5990,sess_05990,Referral,Tablet,1,1,1,0,0,0,0.0,2024-03-03 09:30:00
5991,sess_05991,Social Media,Desktop,1,1,1,0,0,0,0.0,2024-03-03 09:45:00
5992,sess_05992,Organic Search,Mobile,1,1,1,0,0,0,0.0,2024-03-03 10:00:00
5993,sess_05993,Paid Ad,Tablet,1,1,1,0,0,0,0.0,2024-03-03 10:15:00
5994,sess_05994,Referral,Desktop,1,1,1,0,0,0,0.0,2024-03-03 10:30:00
5995,sess_05995,Social Media,Mobile,1,1,1,0,0,0,0.0,2024-03-03 10:45:00
5996,sess_05996,Organic Search,Tablet,1,1,1,0,0,0,0.0,2024-03-03 11:00:00
5997,sess_05997,Paid Ad,Desktop,1,1,1,0,0,0,0.0,2024-03-03 11:15:00
5998,sess_05998,Referral,Mobile,1,1,1,0,0,0,0.0,2024-03-03 11:30:00
5999,sess_05999,Social Media,Tablet,1,1,1,0,0,0,0.0,2024-03-03 11:45:00
6000,sess_06000,Organic Search,Desktop,1,1,1,0,0,0,0.0,2024-03-03 12:00:00
6001,sess_06001,Paid Ad,Mobile,1,1,0,0,0,0,0.0,2024-03-03 12:15:00
6002,sess_06002,Referral,Tablet,1,1,0,0,0,0,0.0,2024-03-03 12:30:00
6003,sess_06003,Social Media,Desktop,1,1,0,0,0,0,0.0,2024-03-03 12:45:00
6004,sess_06004,Organic Search,Mobile,1,1,0,0,0,0,0.0,2024-03-03 13:00:00
6005,sess_06005,Paid Ad,Tablet,1,1,0,0,0,0,0.0,2024-03-03 13:15:00
6006,sess_06006,Referral,Desktop,1,1,0,0,0,0,0.0,2024-03-03 13:30:00
6007,sess_06007,Social Media,Mobile,1,1,0,0,0,0,0.0,2024-03-03 13:45:00
6008,sess_06008,Organic Search,Tablet,1,1,0,0,0,0,0.0,2024-03-03 14:00:00
6009,sess_06009,Paid Ad,Desktop,1,1,0,0,0,0,0.0,2024-03-03 14:15:00
6010,sess_06010,Referral,Mobile,1,1,0,0,0,0,0.0,2024-03-03 14:30:00
6011,sess_06011,Social Media,Tablet,1,1,0,0,0,0,0.0,2024-03-03 14:45:00
6012,sess_06012,Organic Search,Desktop,1,1,0,0,0,0,0.0,2024-03-03 15:00:00
6013,sess_06013,Paid Ad,Mobile,1,1,0,0,0,0,0.0,2024-03-03 15:15:00
6014,sess_06014,Referral,Tablet,1,1,0,0,0,0,0.0,2024-03-03 15:30:00
6015,sess_06015,Social Media,Desktop,1,1,0,0,0,0,0.0,2024-03-03 15:45:00
6016,sess_06016,Organic Search,Mobile,1,1,0,0,0,0,0.0,2024-03-03 16:00:00
6017,sess_06017,Paid Ad,Tablet,1,1,0,0,0,0,0.0,2024-03-03 16:15:00
6018,sess_06018,Referral,Desktop,1,1,0,0,0,0,0.0,2024-03-03 16:30:00
6019,sess_06019,Social Media,Mobile,1,1,0,0,0,0,0.0,2024-03-03 16:45:00
6020,sess_06020,Organic Search,Tablet,1,1,0,0,0,0,0.0,2024-03-03 17:00:00
6021,sess_06021,Paid Ad,Desktop,1,1,0,0,0,0,0.0,2024-03-03 17:15:00
6022,sess_06022,Referral,Mobile,1,1,0,0,0,0,0.0,2024-03-03 17:30:00
6023,sess_06023,Social Media,Tablet,1,1,0,0,0,0,0.0,2024-03-03 17:45:00
6024,sess_06024,Organic Search,Desktop,1,1,0,0,0,0,0.0,2024-03-03 18:00:00
6025,sess_06025,Paid Ad,Mobile,1,1,0,0,0,0,0.0,2024-03-03 18:15:00
6026,sess_06026,Referral,Tablet,1,1,0,0,0,0,0.0,2024-03-03 18:30:00
6027,sess_06027,Social Media,Desktop,1,1,0,0,0,0,0.0,2024-03-03 18:45:00
6028,sess_06028,Organic Search,Mobile,1,1,0,0,0,0,0.0,2024-03-03 19:00:00
6029,sess_06029,Paid Ad,Tablet,1,1,0,0,0,0,0.0,2024-03-03 19:15:00
6030,sess_06030,Referral,Desktop,1,1,0,0,0,0,0.0,2024-03-03 19:30:00
6031,sess_06031,Social Media,Mobile,1,1,0,0,0,0,0.0,2024-03-03 19:45:00
6032,sess_06032,Organic Search,Tablet,1,1,0,0,0,0,0.0,2024-03-03 20:00:00
6033,sess_06033,Paid Ad,Desktop,1,1,0,0,0,0,0.0,2024-03-03 20:15:00
6034,sess_06034,Referral,Mobile,1,1,0,0,0,0,0.0,2024-03-03 20:30:00
6035,sess_06035,Social Media,Tablet,1,1,0,0,0,0,0.0,2024-03-03 20:45:00
6036,sess_06036,Organic Search,Desktop,1,1,0,0,0,0,0.0,2024-03-03 21:00:00
6037,sess_06037,Paid Ad,Mobile,1,1,0,0,0,0,0.0,2024-03-03 21:15:00
6038,sess_06038,Referral,Tablet,1,1,0,0,0,0,0.0,2024-03-03 21:30:00
6039,sess_06039,Social Media,Desktop,1,1,0,0,0,0,0.0,2024-03-03 21:45:00
6040,sess_06040,Organic Search,Mobile,1,1,0,0,0,0,0.0,2024-03-03 22:00:00
6041,sess_06041,Paid Ad,Tablet,1,1,0,0,0,0,0.0,2024-03-03 22:15:00
6042,sess_06042,Referral,Desktop,1,1,0,0,0,0,0.0,2024-03-03 22:30:00
6043,sess_06043,Social Media,Mobile,1,1,0,0,0,0,0.0,2024-03-03 22:45:00
6044,sess_06044,Organic Search,Tablet,1,1,0,0,0,0,0.0,2024-03-03 23:00:00
6045,sess_06045,Paid Ad,Desktop,1,1,0,0,0,0,0.0,2024-03-03 23:15:00
6046,sess_06046,Referral,Mobile,1,1,0,0,0,0,0.0,2024-03-03 23:30:00
6047,sess_06047,Social Media,Tablet,1,1,0,0,0,0,0.0,2024-03-03 23:45:00
6048,sess_06048,Organic Search,Desktop,1,1,0,0,0,0,0.0,2024-03-04 00:00:00
6049,sess_06049,Paid Ad,Mobile,1,1,0,0,0,0,0.0,2024-03-04 00:15:00
6050,sess_06050,Referral,Tablet,1,1,0,0,0,0,0.0,2024-03-04 00:30:00
6051,sess_06051,Social Media,Desktop,1,1,0,0,0,0,0.0,2024-03-04 00:45:00
6052,sess_06052,Organic Search,Mobile,1,1,0,0,0,0,0.0,2024-03-04 01:00:00
6053,sess_06053,Paid Ad,Tablet,1,1,0,0,0,0,0.0,2024-03-04 01:15:00
6054,sess_06054,Referral,Desktop,1,1,0,0,0,0,0.0,2024-03-04 01:30:00
6055,sess_06055,Social Media,Mobile,1,1,0,0,0,0,0.0,2024-03-04 01:45:00
6056,sess_06056,Organic Search,Tablet,1,1,0,0,0,0,0.0,2024-03-04 02:00:00
6057,sess_06057,Paid Ad,Desktop,1,1,0,0,0,0,0.0,2024-03-04 02:15:00
6058,sess_06058,Referral,Mobile,1,1,0,0,0,0,0.0,2024-03-04 02:30:00
6059,sess_06059,Social Media,Tablet,1,1,0,0,0,0,0.0,2024-03-04 02:45:00
6060,sess_06060,Organic Search,Desktop,1,1,0,0,0,0,0.0,2024-03-04 03:00:00
6061,sess_06061,Paid Ad,Mobile,1,1,0,0,0,0,0.0,2024-03-04 03:15:00
6062,sess_06062,Referral,Tablet,1,1,0,0,0,0,0.0,2024-03-04 03:30:00
6063,sess_06063,Social Media,Desktop,1,1,0,0,0,0,0.0,2024-03-04 03:45:00
6064,sess_06064,Organic Search,Mobile,1,1,0,0,0,0,0.0,2024-03-04 04:00:00
6065,sess_06065,Paid Ad,Tablet,1,1,0,0,0,0,0.0,2024-03-04 04:15:00
6066,sess_06066,Referral,Desktop,1,1,0,0,0,0,0.0,2024-03-04 04:30:00
6067,sess_06067,Social Media,Mobile,1,1,0,0,0,0,0.0,2024-03-04 04:45:00
6068,sess_06068,Organic Search,Tablet,1,1,0,0,0,0,0.0,2024-03-04 05:00:00
6069,sess_06069,Paid Ad,Desktop,1,1,0,0,0,0,0.0,2024-03-04 05:15:00
6070,sess_06070,Referral,Mobile,1,1,0,0,0,0,0.0,2024-03-04 05:30:00
6071,sess_06071,Social Media,Tablet,1,1,0,0,0,0,0.0,2024-03-04 05:45:00
6072,sess_06072,Organic Search,Desktop,1,1,0,0,0,0,0.0,2024-03-04 06:00:00
6073,sess_06073,Paid Ad,Mobile,1,1,0,0,0,0,0.0,2024-03-04 06:15:00
6074,sess_06074,Referral,Tablet,1,1,0,0,0,0,0.0,2024-03-04 06:30:00
6075,sess_06075,Social Media,Desktop,1,1,0,0,0,0,0.0,2024-03-04 06:45:00
6076,sess_06076,Organic Search,Mobile,1,1,0,0,0,0,0.0,2024-03-04 07:00:00
6077,sess_06077,Paid Ad,Tablet,1,1,0,0,0,0,0.0,2024-03-04 07:15:00
6078,sess_06078,Referral,Desktop,1,1,0,0,0,0,0.0,2024-03-04 07:30:00
6079,sess_06079,Social Media,Mobile,1,1,0,0,0,0,0.0,2024-03-04 07:45:00
6080,sess_06080,Organic Search,Tablet,1,1,0,0,0,0,0.0,2024-03-04 08:00:00
6081,sess_06081,Paid Ad,Desktop,1,1,0,0,0,0,0.0,2024-03-04 08:15:00
6082,sess_06082,Referral,Mobile,1,1,0,0,0,0,0.0,2024-03-04 08:30:00
6083,sess_06083,Social Media,Tablet,1,1,0,0,0,0,0.0,2024-03-04 08:45:00
6084,sess_06084,Organic Search,Desktop,1,1,0,0,0,0,0.0,2024-03-04 09:00:00
6085,sess_06085,Paid Ad,Mobile,1,1,0,0,0,0,0.0,2024-03-04 09:15:00
6086,sess_06086,Referral,Tablet,1,1,0,0,0,0,0.0,2024-03-04 09:30:00
6087,sess_06087,Social Media,Desktop,1,1,0,0,0,0,0.0,2024-03-04 09:45:00
6088,sess_06088,Organic Search,Mobile,1,1,0,0,0,0,0.0,2024-03-04 10:00:00
6089,sess_06089,Paid Ad,Tablet,1,1,0,0,0,0,0.0,2024-03-04 10:15:00
6090,sess_06090,Referral,Desktop,1,1,0,0,0,0,0.0,2024-03-04 10:30:00
6091,sess_06091,Social Media,Mobile,1,1,0,0,0,0,0.0,2024-03-04 10:45:00
6092,sess_06092,Organic Search,Tablet,1,1,0,0,0,0,0.0,2024-03-04 11:00:00
6093,sess_06093,Paid Ad,Desktop,1,1,0,0,0,0,0.0,2024-03-04 11:15:00
6094,sess_06094,Referral,Mobile,1,1,0,0,0,0,0.0,2024-03-04 11:30:00
6095,sess_06095,Social Media,Tablet,1,1,0,0,0,0,0.0,2024-03-04 11:45:00
6096,sess_06096,Organic Search,Desktop,1,1,0,0,0,0,0.0,2024-03-04 12:00:00
6097,sess_06097,Paid Ad,Mobile,1,1,0,0,0,0,0.0,2024-03-04 12:15:00
6098,sess_06098,Referral,Tablet,1,1,0,0,0,0,0.0,2024-03-04 12:30:00
6099,sess_06099,Social Media,Desktop,1,1,0,0,0,0,0.0,2024-03-04 12:45:00
6100,sess_06100,Organic Search,Mobile,1,1,0,0,0,0,0.0,2024-03-04 13:00:00
6101,sess_06101,Paid Ad,Tablet,1,1,0,0,0,0,0.0,2024-03-04 13:15:00
6102,sess_06102,Referral,Desktop,1,1,0,0,0,0,0.0,2024-03-04 13:30:00
6103,sess_06103,Social Media,Mobile,1,1,0,0,0,0,0.0,2024-03-04 13:45:00
6104,sess_06104,Organic Search,Tablet,1,1,0,0,0,0,0.0,2024-03-04 14:00:00
6105,sess_06105,Paid Ad,Desktop,1,1,0,0,0,0,0.0,2024-03-04 14:15:00
6106,sess_06106,Referral,Mobile,1,1,0,0,0,0,0.0,2024-03-04 14:30:00
6107,sess_06107,Social Media,Tablet,1,1,0,0,0,0,0.0,2024-03-04 14:45:00
6108,sess_06108,Organic Search,Desktop,1,1,0,0,0,0,0.0,2024-03-04 15:00:00
6109,sess_06109,Paid Ad,Mobile,1,1,0,0,0,0,0.0,2024-03-04 15:15:00
6110,sess_06110,Referral,Tablet,1,1,0,0,0,0,0.0,2024-03-04 15:30:00
6111,sess_06111,Social Media,Desktop,1,1,0,0,0,0,0.0,2024-03-04 15:45:00
6112,sess_06112,Organic Search,Mobile,1,1,0,0,0,0,0.0,2024-03-04 16:00:00
6113,sess_06113,Paid Ad,Tablet,1,1,0,0,0,0,0.0,2024-03-04 16:15:00
6114,sess_06114,Referral,Desktop,1,1,0,0,0,0,0.0,2024-03-04 16:30:00
6115,sess_06115,Social Media,Mobile,1,1,0,0,0,0,0.0,2024-03-04 16:45:00
6116,sess_06116,Organic Search,Tablet,1,1,0,0,0,0,0.0,2024-03-04 17:00:00
6117,sess_06117,Paid Ad,Desktop,1,1,0,0,0,0,0.0,2024-03-04 17:15:00
6118,sess_06118,Referral,Mobile,1,1,0,0,0,0,0.0,2024-03-04 17:30:00
6119,sess_06119,Social Media,Tablet,1,1,0,0,0,0,0.0,2024-03-04 17:45:00
6120,sess_06120,Organic Search,Desktop,1,1,0,0,0,0,0.0,2024-03-04 18:00:00
6121,sess_06121,Paid Ad,Mobile,1,1,0,0,0,0,0.0,2024-03-04 18:15:00
6122,sess_06122,Referral,Tablet,1,1,0,0,0,0,0.0,2024-03-04 18:30:00
6123,sess_06123,Social Media,Desktop,1,1,0,0,0,0,0.0,2024-03-04 18:45:00
6124,sess_06124,Organic Search,Mobile,1,1,0,0,0,0,0.0,2024-03-04 19:00:00
6125,sess_06125,Paid Ad,Tablet,1,1,0,0,0,0,0.0,2024-03-04 19:15:00
6126,sess_06126,Referral,Desktop,1,1,0,0,0,0,0.0,2024-03-04 19:30:00
6127,sess_06127,Social Media,Mobile,1,1,0,0,0,0,0.0,2024-03-04 19:45:00
6128,sess_06128,Organic Search,Tablet,1,1,0,0,0,0,0.0,2024-03-04 20:00:00
6129,sess_06129,Paid Ad,Desktop,1,1,0,0,0,0,0.0,2024-03-04 20:15:00
6130,sess_06130,Referral,Mobile,1,1,0,0,0,0,0.0,2024-03-04 20:30:00
6131,sess_06131,Social Media,Tablet,1,1,0,0,0,0,0.0,2024-03-04 20:45:00
6132,sess_06132,Organic Search,Desktop,1,1,0,0,0,0,0.0,2024-03-04 21:00:00
6133,sess_06133,Paid Ad,Mobile,1,1,0,0,0,0,0.0,2024-03-04 21:15:00
6134,sess_06134,Referral,Tablet,1,1,0,0,0,0,0.0,2024-03-04 21:30:00
6135,sess_06135,Social Media,Desktop,1,1,0,0,0,0,0.0,2024-03-04 21:45:00
6136,sess_06136,Organic Search,Mobile,1,1,0,0,0,0,0.0,2024-03-04 22:00:00
6137,sess_06137,Paid Ad,Tablet,1,1,0,0,0,0,0.0,2024-03-04 22:15:00
6138,sess_06138,Referral,Desktop,1,1,0,0,0,0,0.0,2024-03-04 22:30:00
6139,sess_06139,Social Media,Mobile,1,1,0,0,0,0,0.0,2024-03-04 22:45:00
6140,sess_06140,Organic Search,Tablet,1,1,0,0,0,0,0.0,2024-03-04 23:00:00
6141,sess_06141,Paid Ad,Desktop,1,1,0,0,0,0,0.0,2024-03-04 23:15:00
6142,sess_06142,Referral,Mobile,1,1,0,0,0,0,0.0,2024-03-04 23:30:00
6143,sess_06143,Social Media,Tablet,1,1,0,0,0,0,0.0,2024-03-04 23:45:00
6144,sess_06144,Organic Search,Desktop,1,1,0,0,0,0,0.0,2024-03-05 00:00:00
6145,sess_06145,Paid Ad,Mobile,1,1,0,0,0,0,0.0,2024-03-05 00:15:00
6146,sess_06146,Referral,Tablet,1,1,0,0,0,0,0.0,2024-03-05 00:30:00
6147,sess_06147,Social Media,Desktop,1,1,0,0,0,0,0.0,2024-03-05 00:45:00
6148,sess_06148,Organic Search,Mobile,1,1,0,0,0,0,0.0,2024-03-05 01:00:00
6149,sess_06149,Paid Ad,Tablet,1,1,0,0,0,0,0.0,2024-03-05 01:15:00
6150,sess_06150,Referral,Desktop,1,1,0,0,0,0,0.0,2024-03-05 01:30:00
6151,sess_06151,Social Media,Mobile,1,1,0,0,0,0,0.0,2024-03-05 01:45:00
6152,sess_06152,Organic Search,Tablet,1,1,0,0,0,0,0.0,2024-03-05 02:00:00
6153,sess_06153,Paid Ad,Desktop,1,1,0,0,0,0,0.0,2024-03-05 02:15:00
6154,sess_06154,Referral,Mobile,1,1,0,0,0,0,0.0,2024-03-05 02:30:00
6155,sess_06155,Social Media,Tablet,1,1,0,0,0,0,0.0,2024-03-05 02:45:00
6156,sess_06156,Organic Search,Desktop,1,1,0,0,0,0,0.0,2024-03-05 03:00:00
6157,sess_06157,Paid Ad,Mobile,1,1,0,0,0,0,0.0,2024-03-05 03:15:00
6158,sess_06158,Referral,Tablet,1,1,0,0,0,0,0.0,2024-03-05 03:30:00
6159,sess_06159,Social Media,Desktop,1,1,0,0,0,0,0.0,2024-03-05 03:45:00
6160,sess_06160,Organic Search,Mobile,1,1,0,0,0,0,0.0,2024-03-05 04:00:00
6161,sess_06161,Paid Ad,Tablet,1,1,0,0,0,0,0.0,2024-03-05 04:15:00
6162,sess_06162,Referral,Desktop,1,1,0,0,0,0,0.0,2024-03-05 04:30:00
6163,sess_06163,Social Media,Mobile,1,1,0,0,0,0,0.0,2024-03-05 04:45:00
6164,sess_06164,Organic Search,Tablet,1,1,0,0,0,0,0.0,2024-03-05 05:00:00
6165,sess_06165,Paid Ad,Desktop,1,1,0,0,0,0,0.0,2024-03-05 05:15:00
6166,sess_06166,Referral,Mobile,1,1,0,0,0,0,0.0,2024-03-05 05:30:00
6167,sess_06167,Social Media,Tablet,1,1,0,0,0,0,0.0,2024-03-05 05:45:00
6168,sess_06168,Organic Search,Desktop,1,1,0,0,0,0,0.0,2024-03-05 06:00:00
6169,sess_06169,Paid Ad,Mobile,1,1,0,0,0,0,0.0,2024-03-05 06:15:00
6170,sess_06170,Referral,Tablet,1,1,0,0,0,0,0.0,2024-03-05 06:30:00
6171,sess_06171,Social Media,Desktop,1,1,0,0,0,0,0.0,2024-03-05 06:45:00
6172,sess_06172,Organic Search,Mobile,1,1,0,0,0,0,0.0,2024-03-05 07:00:00
6173,sess_06173,Paid Ad,Tablet,1,1,0,0,0,0,0.0,2024-03-05 07:15:00
6174,sess_06174,Referral,Desktop,1,1,0,0,0,0,0.0,2024-03-05 07:30:00
6175,sess_06175,Social Media,Mobile,1,1,0,0,0,0,0.0,2024-03-05 07:45:00
6176,sess_06176,Organic Search,Tablet,1,1,0,0,0,0,0.0,2024-03-05 08:00:00
6177,sess_06177,Paid Ad,Desktop,1,1,0,0,0,0,0.0,2024-03-05 08:15:00
6178,sess_06178,Referral,Mobile,1,1,0,0,0,0,0.0,2024-03-05 08:30:00
6179,sess_06179,Social Media,Tablet,1,1,0,0,0,0,0.0,2024-03-05 08:45:00
6180,sess_06180,Organic Search,Desktop,1,1,0,0,0,0,0.0,2024-03-05 09:00:00
6181,sess_06181,Paid Ad,Mobile,1,1,0,0,0,0,0.0,2024-03-05 09:15:00
6182,sess_06182,Referral,Tablet,1,1,0,0,0,0,0.0,2024-03-05 09:30:00
6183,sess_06183,Social Media,Desktop,1,1,0,0,0,0,0.0,2024-03-05 09:45:00
6184,sess_06184,Organic Search,Mobile,1,1,0,0,0,0,0.0,2024-03-05 10:00:00
6185,sess_06185,Paid Ad,Tablet,1,1,0,0,0,0,0.0,2024-03-05 10:15:00
6186,sess_06186,Referral,Desktop,1,1,0,0,0,0,0.0,2024-03-05 10:30:00
6187,sess_06187,Social Media,Mobile,1,1,0,0,0,0,0.0,2024-03-05 10:45:00
6188,sess_06188,Organic Search,Tablet,1,1,0,0,0,0,0.0,2024-03-05 11:00:00
6189,sess_06189,Paid Ad,Desktop,1,1,0,0,0,0,0.0,2024-03-05 11:15:00
6190,sess_06190,Referral,Mobile,1,1,0,0,0,0,0.0,2024-03-05 11:30:00
6191,sess_06191,Social Media,Tablet,1,1,0,0,0,0,0.0,2024-03-05 11:45:00
6192,sess_06192,Organic Search,Desktop,1,1,0,0,0,0,0.0,2024-03-05 12:00:00
6193,sess_06193,Paid Ad,Mobile,1,1,0,0,0,0,0.0,2024-03-05 12:15:00
6194,sess_06194,Referral,Tablet,1,1,0,0,0,0,0.0,2024-03-05 12:30:00
6195,sess_06195,Social Media,Desktop,1,1,0,0,0,0,0.0,2024-03-05 12:45:00
6196,sess_06196,Organic Search,Mobile,1,1,0,0,0,0,0.0,2024-03-05 13:00:00
6197,sess_06197,Paid Ad,Tablet,1,1,0,0,0,0,0.0,2024-03-05 13:15:00
6198,sess_06198,Referral,Desktop,1,1,0,0,0,0,0.0,2024-03-05 13:30:00
6199,sess_06199,Social Media,Mobile,1,1,0,0,0,0,0.0,2024-03-05 13:45:00
6200,sess_06200,Organic Search,Tablet,1,1,0,0,0,0,0.0,2024-03-05 14:00:00
6201,sess_06201,Paid Ad,Desktop,1,1,0,0,0,0,0.0,2024-03-05 14:15:00
6202,sess_06202,Referral,Mobile,1,1,0,0,0,0,0.0,2024-03-05 14:30:00
6203,sess_06203,Social Media,Tablet,1,1,0,0,0,0,0.0,2024-03-05 14:45:00
6204,sess_06204,Organic Search,Desktop,1,1,0,0,0,0,0.0,2024-03-05 15:00:00
6205,sess_06205,Paid Ad,Mobile,1,1,0,0,0,0,0.0,2024-03-05 15:15:00
6206,sess_06206,Referral,Tablet,1,1,0,0,0,0,0.0,2024-03-05 15:30:00
6207,sess_06207,Social Media,Desktop,1,1,0,0,0,0,0.0,2024-03-05 15:45:00
6208,sess_06208,Organic Search,Mobile,1,1,0,0,0,0,0.0,2024-03-05 16:00:00
6209,sess_06209,Paid Ad,Tablet,1,1,0,0,0,0,0.0,2024-03-05 16:15:00
6210,sess_06210,Referral,Desktop,1,1,0,0,0,0,0.0,2024-03-05 16:30:00
6211,sess_06211,Social Media,Mobile,1,1,0,0,0,0,0.0,2024-03-05 16:45:00
6212,sess_06212,Organic Search,Tablet,1,1,0,0,0,0,0.0,2024-03-05 17:00:00
6213,sess_06213,Paid Ad,Desktop,1,1,0,0,0,0,0.0,2024-03-05 17:15:00
6214,sess_06214,Referral,Mobile,1,1,0,0,0,0,0.0,2024-03-05 17:30:00
6215,sess_06215,Social Media,Tablet,1,1,0,0,0,0,0.0,2024-03-05 17:45:00
6216,sess_06216,Organic Search,Desktop,1,1,0,0,0,0,0.0,2024-03-05 18:00:00
6217,sess_06217,Paid Ad,Mobile,1,1,0,0,0,0,0.0,2024-03-05 18:15:00
6218,sess_06218,Referral,Tablet,1,1,0,0,0,0,0.0,2024-03-05 18:30:00
6219,sess_06219,Social Media,Desktop,1,1,0,0,0,0,0.0,2024-03-05 18:45:00
6220,sess_06220,Organic Search,Mobile,1,1,0,0,0,0,0.0,2024-03-05 19:00:00
6221,sess_06221,Paid Ad,Tablet,1,1,0,0,0,0,0.0,2024-03-05 19:15:00
6222,sess_06222,Referral,Desktop,1,1,0,0,0,0,0.0,2024-03-05 19:30:00
6223,sess_06223,Social Media,Mobile,1,1,0,0,0,0,0.0,2024-03-05 19:45:00
6224,sess_06224,Organic Search,Tablet,1,1,0,0,0,0,0.0,2024-03-05 20:00:00
6225,sess_06225,Paid Ad,Desktop,1,1,0,0,0,0,0.0,2024-03-05 20:15:00
6226,sess_06226,Referral,Mobile,1,1,0,0,0,0,0.0,2024-03-05 20:30:00
6227,sess_06227,Social Media,Tablet,1,1,0,0,0,0,0.0,2024-03-05 20:45:00
6228,sess_06228,Organic Search,Desktop,1,1,0,0,0,0,0.0,2024-03-05 21:00:00
6229,sess_06229,Paid Ad,Mobile,1,1,0,0,0,0,0.0,2024-03-05 21:15:00
6230,sess_06230,Referral,Tablet,1,1,0,0,0,0,0.0,2024-03-05 21:30:00
6231,sess_06231,Social Media,Desktop,1,1,0,0,0,0,0.0,2024-03-05 21:45:00
6232,sess_06232,Organic Search,Mobile,1,1,0,0,0,0,0.0,2024-03-05 22:00:00
6233,sess_06233,Paid Ad,Tablet,1,1,0,0,0,0,0.0,2024-03-05 22:15:00
6234,sess_06234,Referral,Desktop,1,1,0,0,0,0,0.0,2024-03-05 22:30:00
6235,sess_06235,Social Media,Mobile,1,1,0,0,0,0,0.0,2024-03-05 22:45:00
6236,sess_06236,Organic Search,Tablet,1,1,0,0,0,0,0.0,2024-03-05 23:00:00
6237,sess_06237,Paid Ad,Desktop,1,1,0,0,0,0,0.0,2024-03-05 23:15:00
6238,sess_06238,Referral,Mobile,1,1,0,0,0,0,0.0,2024-03-05 23:30:00
6239,sess_06239,Social Media,Tablet,1,1,0,0,0,0,0.0,2024-03-05 23:45:00
6240,sess_06240,Organic Search,Desktop,1,1,0,0,0,0,0.0,2024-03-06 00:00:00
6241,sess_06241,Paid Ad,Mobile,1,1,0,0,0,0,0.0,2024-03-06 00:15:00
6242,sess_06242,Referral,Tablet,1,1,0,0,0,0,0.0,2024-03-06 00:30:00
6243,sess_06243,Social Media,Desktop,1,1,0,0,0,0,0.0,2024-03-06 00:45:00
6244,sess_06244,Organic Search,Mobile,1,1,0,0,0,0,0.0,2024-03-06 01:00:00
6245,sess_06245,Paid Ad,Tablet,1,1,0,0,0,0,0.0,2024-03-06 01:15:00
6246,sess_06246,Referral,Desktop,1,1,0,0,0,0,0.0,2024-03-06 01:30:00
6247,sess_06247,Social Media,Mobile,1,1,0,0,0,0,0.0,2024-03-06 01:45:00
6248,sess_06248,Organic Search,Tablet,1,1,0,0,0,0,0.0,2024-03-06 02:00:00
6249,sess_06249,Paid Ad,Desktop,1,1,0,0,0,0,0.0,2024-03-06 02:15:00
6250,sess_06250,Referral,Mobile,1,1,0,0,0,0,0.0,2024-03-06 02:30:00
6251,sess_06251,Social Media,Tablet,1,1,0,0,0,0,0.0,2024-03-06 02:45:00
6252,sess_06252,Organic Search,Desktop,1,1,0,0,0,0,0.0,2024-03-06 03:00:00
6253,sess_06253,Paid Ad,Mobile,1,1,0,0,0,0,0.0,2024-03-06 03:15:00
6254,sess_06254,Referral,Tablet,1,1,0,0,0,0,0.0,2024-03-06 03:30:00
6255,sess_06255,Social Media,Desktop,1,1,0,0,0,0,0.0,2024-03-06 03:45:00
6256,sess_06256,Organic Search,Mobile,1,1,0,0,0,0,0.0,2024-03-06 04:00:00
6257,sess_06257,Paid Ad,Tablet,1,1,0,0,0,0,0.0,2024-03-06 04:15:00
6258,sess_06258,Referral,Desktop,1,1,0,0,0,0,0.0,2024-03-06 04:30:00
6259,sess_06259,Social Media,Mobile,1,1,0,0,0,0,0.0,2024-03-06 04:45:00
6260,sess_06260,Organic Search,Tablet,1,1,0,0,0,0,0.0,2024-03-06 05:00:00
6261,sess_06261,Paid Ad,Desktop,1,1,0,0,0,0,0.0,2024-03-06 05:15:00
6262,sess_06262,Referral,Mobile,1,1,0,0,0,0,0.0,2024-03-06 05:30:00
6263,sess_06263,Social Media,Tablet,1,1,0,0,0,0,0.0,2024-03-06 05:45:00
6264,sess_06264,Organic Search,Desktop,1,1,0,0,0,0,0.0,2024-03-06 06:00:00
6265,sess_06265,Paid Ad,Mobile,1,1,0,0,0,0,0.0,2024-03-06 06:15:00
6266,sess_06266,Referral,Tablet,1,1,0,0,0,0,0.0,2024-03-06 06:30:00
6267,sess_06267,Social Media,Desktop,1,1,0,0,0,0,0.0,2024-03-06 06:45:00
6268,sess_06268,Organic Search,Mobile,1,1,0,0,0,0,0.0,2024-03-06 07:00:00
6269,sess_06269,Paid Ad,Tablet,1,1,0,0,0,0,0.0,2024-03-06 07:15:00
6270,sess_06270,Referral,Desktop,1,1,0,0,0,0,0.0,2024-03-06 07:30:00
6271,sess_06271,Social Media,Mobile,1,1,0,0,0,0,0.0,2024-03-06 07:45:00
6272,sess_06272,Organic Search,Tablet,1,1,0,0,0,0,0.0,2024-03-06 08:00:00
6273,sess_06273,Paid Ad,Desktop,1,1,0,0,0,0,0.0,2024-03-06 08:15:00
6274,sess_06274,Referral,Mobile,1,1,0,0,0,0,0.0,2024-03-06 08:30:00
6275,sess_06275,Social Media,Tablet,1,1,0,0,0,0,0.0,2024-03-06 08:45:00
6276,sess_06276,Organic Search,Desktop,1,1,0,0,0,0,0.0,2024-03-06 09:00:00
6277,sess_06277,Paid Ad,Mobile,1,1,0,0,0,0,0.0,2024-03-06 09:15:00
6278,sess_06278,Referral,Tablet,1,1,0,0,0,0,0.0,2024-03-06 09:30:00
6279,sess_06279,Social Media,Desktop,1,1,0,0,0,0,0.0,2024-03-06 09:45:00
6280,sess_06280,Organic Search,Mobile,1,1,0,0,0,0,0.0,2024-03-06 10:00:00
6281,sess_06281,Paid Ad,Tablet,1,1,0,0,0,0,0.0,2024-03-06 10:15:00
6282,sess_06282,Referral,Desktop,1,1,0,0,0,0,0.0,2024-03-06 10:30:00
6283,sess_06283,Social Media,Mobile,1,1,0,0,0,0,0.0,2024-03-06 10:45:00
6284,sess_06284,Organic Search,Tablet,1,1,0,0,0,0,0.0,2024-03-06 11:00:00
6285,sess_06285,Paid Ad,Desktop,1,1,0,0,0,0,0.0,2024-03-06 11:15:00
6286,sess_06286,Referral,Mobile,1,1,0,0,0,0,0.0,2024-03-06 11:30:00
6287,sess_06287,Social Media,Tablet,1,1,0,0,0,0,0.0,2024-03-06 11:45:00
6288,sess_06288,Organic Search,Desktop,1,1,0,0,0,0,0.0,2024-03-06 12:00:00
6289,sess_06289,Paid Ad,Mobile,1,1,0,0,0,0,0.0,2024-03-06 12:15:00
6290,sess_06290,Referral,Tablet,1,1,0,0,0,0,0.0,2024-03-06 12:30:00
6291,sess_06291,Social Media,Desktop,1,1,0,0,0,0,0.0,2024-03-06 12:45:00
6292,sess_06292,Organic Search,Mobile,1,1,0,0,0,0,0.0,2024-03-06 13:00:00
6293,sess_06293,Paid Ad,Tablet,1,1,0,0,0,0,0.0,2024-03-06 13:15:00
6294,sess_06294,Referral,Desktop,1,1,0,0,0,0,0.0,2024-03-06 13:30:00
6295,sess_06295,Social Media,Mobile,1,1,0,0,0,0,0.0,2024-03-06 13:45:00
6296,sess_06296,Organic Search,Tablet,1,1,0,0,0,0,0.0,2024-03-06 14:00:00
6297,sess_06297,Paid Ad,Desktop,1,1,0,0,0,0,0.0,2024-03-06 14:15:00
6298,sess_06298,Referral,Mobile,1,1,0,0,0,0,0.0,2024-03-06 14:30:00
6299,sess_06299,Social Media,Tablet,1,1,0,0,0,0,0.0,2024-03-06 14:45:00
6300,sess_06300,Organic Search,Desktop,1,1,0,0,0,0,0.0,2024-03-06 15:00:00
6301,sess_06301,Paid Ad,Mobile,1,1,0,0,0,0,0.0,2024-03-06 15:15:00
6302,sess_06302,Referral,Tablet,1,1,0,0,0,0,0.0,2024-03-06 15:30:00
6303,sess_06303,Social Media,Desktop,1,1,0,0,0,0,0.0,2024-03-06 15:45:00
6304,sess_06304,Organic Search,Mobile,1,1,0,0,0,0,0.0,2024-03-06 16:00:00
6305,sess_06305,Paid Ad,Tablet,1,1,0,0,0,0,0.0,2024-03-06 16:15:00
6306,sess_06306,Referral,Desktop,1,1,0,0,0,0,0.0,2024-03-06 16:30:00
6307,sess_06307,Social Media,Mobile,1,1,0,0,0,0,0.0,2024-03-06 16:45:00
6308,sess_06308,Organic Search,Tablet,1,1,0,0,0,0,0.0,2024-03-06 17:00:00
6309,sess_06309,Paid Ad,Desktop,1,1,0,0,0,0,0.0,2024-03-06 17:15:00
6310,sess_06310,Referral,Mobile,1,1,0,0,0,0,0.0,2024-03-06 17:30:00
6311,sess_06311,Social Media,Tablet,1,1,0,0,0,0,0.0,2024-03-06 17:45:00
6312,sess_06312,Organic Search,Desktop,1,1,0,0,0,0,0.0,2024-03-06 18:00:00
6313,sess_06313,Paid Ad,Mobile,1,1,0,0,0,0,0.0,2024-03-06 18:15:00
6314,sess_06314,Referral,Tablet,1,1,0,0,0,0,0.0,2024-03-06 18:30:00
6315,sess_06315,Social Media,Desktop,1,1,0,0,0,0,0.0,2024-03-06 18:45:00
6316,sess_06316,Organic Search,Mobile,1,1,0,0,0,0,0.0,2024-03-06 19:00:00
6317,sess_06317,Paid Ad,Tablet,1,1,0,0,0,0,0.0,2024-03-06 19:15:00
6318,sess_06318,Referral,Desktop,1,1,0,0,0,0,0.0,2024-03-06 19:30:00
6319,sess_06319,Social Media,Mobile,1,1,0,0,0,0,0.0,2024-03-06 19:45:00
6320,sess_06320,Organic Search,Tablet,1,1,0,0,0,0,0.0,2024-03-06 20:00:00
6321,sess_06321,Paid Ad,Desktop,1,1,0,0,0,0,0.0,2024-03-06 20:15:00
6322,sess_06322,Referral,Mobile,1,1,0,0,0,0,0.0,2024-03-06 20:30:00
6323,sess_06323,Social Media,Tablet,1,1,0,0,0,0,0.0,2024-03-06 20:45:00
6324,sess_06324,Organic Search,Desktop,1,1,0,0,0,0,0.0,2024-03-06 21:00:00
6325,sess_06325,Paid Ad,Mobile,1,1,0,0,0,0,0.0,2024-03-06 21:15:00
6326,sess_06326,Referral,Tablet,1,1,0,0,0,0,0.0,2024-03-06 21:30:00
6327,sess_06327,Social Media,Desktop,1,1,0,0,0,0,0.0,2024-03-06 21:45:00
6328,sess_06328,Organic Search,Mobile,1,1,0,0,0,0,0.0,2024-03-06 22:00:00
6329,sess_06329,Paid Ad,Tablet,1,1,0,0,0,0,0.0,2024-03-06 22:15:00
6330,sess_06330,Referral,Desktop,1,1,0,0,0,0,0.0,2024-03-06 22:30:00
6331,sess_06331,Social Media,Mobile,1,1,0,0,0,0,0.0,2024-03-06 22:45:00
6332,sess_06332,Organic Search,Tablet,1,1,0,0,0,0,0.0,2024-03-06 23:00:00
6333,sess_06333,Paid Ad,Desktop,1,1,0,0,0,0,0.0,2024-03-06 23:15:00
6334,sess_06334,Referral,Mobile,1,1,0,0,0,0,0.0,2024-03-06 23:30:00
6335,sess_06335,Social Media,Tablet,1,1,0,0,0,0,0.0,2024-03-06 23:45:00
6336,sess_06336,Organic Search,Desktop,1,1,0,0,0,0,0.0,2024-03-07 00:00:00
6337,sess_06337,Paid Ad,Mobile,1,1,0,0,0,0,0.0,2024-03-07 00:15:00
6338,sess_06338,Referral,Tablet,1,1,0,0,0,0,0.0,2024-03-07 00:30:00
6339,sess_06339,Social Media,Desktop,1,1,0,0,0,0,0.0,2024-03-07 00:45:00
6340,sess_06340,Organic Search,Mobile,1,1,0,0,0,0,0.0,2024-03-07 01:00:00
6341,sess_06341,Paid Ad,Tablet,1,1,0,0,0,0,0.0,2024-03-07 01:15:00
6342,sess_06342,Referral,Desktop,1,1,0,0,0,0,0.0,2024-03-07 01:30:00
6343,sess_06343,Social Media,Mobile,1,1,0,0,0,0,0.0,2024-03-07 01:45:00
6344,sess_06344,Organic Search,Tablet,1,1,0,0,0,0,0.0,2024-03-07 02:00:00
6345,sess_06345,Paid Ad,Desktop,1,1,0,0,0,0,0.0,2024-03-07 02:15:00
6346,sess_06346,Referral,Mobile,1,1,0,0,0,0,0.0,2024-03-07 02:30:00
6347,sess_06347,Social Media,Tablet,1,1,0,0,0,0,0.0,2024-03-07 02:45:00
6348,sess_06348,Organic Search,Desktop,1,1,0,0,0,0,0.0,2024-03-07 03:00:00
6349,sess_06349,Paid Ad,Mobile,1,1,0,0,0,0,0.0,2024-03-07 03:15:00
6350,sess_06350,Referral,Tablet,1,1,0,0,0,0,0.0,2024-03-07 03:30:00
6351,sess_06351,Social Media,Desktop,1,1,0,0,0,0,0.0,2024-03-07 03:45:00
6352,sess_06352,Organic Search,Mobile,1,1,0,0,0,0,0.0,2024-03-07 04:00:00
6353,sess_06353,Paid Ad,Tablet,1,1,0,0,0,0,0.0,2024-03-07 04:15:00
6354,sess_06354,Referral,Desktop,1,1,0,0,0,0,0.0,2024-03-07 04:30:00
6355,sess_06355,Social Media,Mobile,1,1,0,0,0,0,0.0,2024-03-07 04:45:00
6356,sess_06356,Organic Search,Tablet,1,1,0,0,0,0,0.0,2024-03-07 05:00:00
6357,sess_06357,Paid Ad,Desktop,1,1,0,0,0,0,0.0,2024-03-07 05:15:00
6358,sess_06358,Referral,Mobile,1,1,0,0,0,0,0.0,2024-03-07 05:30:00
6359,sess_06359,Social Media,Tablet,1,1,0,0,0,0,0.0,2024-03-07 05:45:00
6360,sess_06360,Organic Search,Desktop,1,1,0,0,0,0,0.0,2024-03-07 06:00:00
6361,sess_06361,Paid Ad,Mobile,1,1,0,0,0,0,0.0,2024-03-07 06:15:00
6362,sess_06362,Referral,Tablet,1,1,0,0,0,0,0.0,2024-03-07 06:30:00
6363,sess_06363,Social Media,Desktop,1,1,0,0,0,0,0.0,2024-03-07 06:45:00
6364,sess_06364,Organic Search,Mobile,1,1,0,0,0,0,0.0,2024-03-07 07:00:00
6365,sess_06365,Paid Ad,Tablet,1,1,0,0,0,0,0.0,2024-03-07 07:15:00
6366,sess_06366,Referral,Desktop,1,1,0,0,0,0,0.0,2024-03-07 07:30:00
6367,sess_06367,Social Media,Mobile,1,1,0,0,0,0,0.0,2024-03-07 07:45:00
6368,sess_06368,Organic Search,Tablet,1,1,0,0,0,0,0.0,2024-03-07 08:00:00
6369,sess_06369,Paid Ad,Desktop,1,1,0,0,0,0,0.0,2024-03-07 08:15:00
6370,sess_06370,Referral,Mobile,1,1,0,0,0,0,0.0,2024-03-07 08:30:00
6371,sess_06371,Social Media,Tablet,1,1,0,0,0,0,0.0,2024-03-07 08:45:00
6372,sess_06372,Organic Search,Desktop,1,1,0,0,0,0,0.0,2024-03-07 09:00:00
6373,sess_06373,Paid Ad,Mobile,1,1,0,0,0,0,0.0,2024-03-07 09:15:00
6374,sess_06374,Referral,Tablet,1,1,0,0,0,0,0.0,2024-03-07 09:30:00
6375,sess_06375,Social Media,Desktop,1,1,0,0,0,0,0.0,2024-03-07 09:45:00
6376,sess_06376,Organic Search,Mobile,1,1,0,0,0,0,0.0,2024-03-07 10:00:00
6377,sess_06377,Paid Ad,Tablet,1,1,0,0,0,0,0.0,2024-03-07 10:15:00
6378,sess_06378,Referral,Desktop,1,1,0,0,0,0,0.0,2024-03-07 10:30:00
6379,sess_06379,Social Media,Mobile,1,1,0,0,0,0,0.0,2024-03-07 10:45:00
6380,sess_06380,Organic Search,Tablet,1,1,0,0,0,0,0.0,2024-03-07 11:00:00
6381,sess_06381,Paid Ad,Desktop,1,1,0,0,0,0,0.0,2024-03-07 11:15:00
6382,sess_06382,Referral,Mobile,1,1,0,0,0,0,0.0,2024-03-07 11:30:00
6383,sess_06383,Social Media,Tablet,1,1,0,0,0,0,0.0,2024-03-07 11:45:00
6384,sess_06384,Organic Search,Desktop,1,1,0,0,0,0,0.0,2024-03-07 12:00:00
6385,sess_06385,Paid Ad,Mobile,1,1,0,0,0,0,0.0,2024-03-07 12:15:00
6386,sess_06386,Referral,Tablet,1,1,0,0,0,0,0.0,2024-03-07 12:30:00
6387,sess_06387,Social Media,Desktop,1,1,0,0,0,0,0.0,2024-03-07 12:45:00
6388,sess_06388,Organic Search,Mobile,1,1,0,0,0,0,0.0,2024-03-07 13:00:00
6389,sess_06389,Paid Ad,Tablet,1,1,0,0,0,0,0.0,2024-03-07 13:15:00
6390,sess_06390,Referral,Desktop,1,1,0,0,0,0,0.0,2024-03-07 13:30:00
6391,sess_06391,Social Media,Mobile,1,1,0,0,0,0,0.0,2024-03-07 13:45:00
6392,sess_06392,Organic Search,Tablet,1,1,0,0,0,0,0.0,2024-03-07 14:00:00
6393,sess_06393,Paid Ad,Desktop,1,1,0,0,0,0,0.0,2024-03-07 14:15:00
6394,sess_06394,Referral,Mobile,1,1,0,0,0,0,0.0,2024-03-07 14:30:00
6395,sess_06395,Social Media,Tablet,1,1,0,0,0,0,0.0,2024-03-07 14:45:00
6396,sess_06396,Organic Search,Desktop,1,1,0,0,0,0,0.0,2024-03-07 15:00:00
6397,sess_06397,Paid Ad,Mobile,1,1,0,0,0,0,0.0,2024-03-07 15:15:00
6398,sess_06398,Referral,Tablet,1,1,0,0,0,0,0.0,2024-03-07 15:30:00
6399,sess_06399,Social Media,Desktop,1,1,0,0,0,0,0.0,2024-03-07 15:45:00
6400,sess_06400,Organic Search,Mobile,1,1,0,0,0,0,0.0,2024-03-07 16:00:00
6401,sess_06401,Paid Ad,Tablet,1,1,0,0,0,0,0.0,2024-03-07 16:15:00
6402,sess_06402,Referral,Desktop,1,1,0,0,0,0,0.0,2024-03-07 16:30:00
6403,sess_06403,Social Media,Mobile,1,1,0,0,0,0,0.0,2024-03-07 16:45:00
6404,sess_06404,Organic Search,Tablet,1,1,0,0,0,0,0.0,2024-03-07 17:00:00
6405,sess_06405,Paid Ad,Desktop,1,1,0,0,0,0,0.0,2024-03-07 17:15:00
6406,sess_06406,Referral,Mobile,1,1,0,0,0,0,0.0,2024-03-07 17:30:00
6407,sess_06407,Social Media,Tablet,1,1,0,0,0,0,0.0,2024-03-07 17:45:00
6408,sess_06408,Organic Search,Desktop,1,1,0,0,0,0,0.0,2024-03-07 18:00:00
6409,sess_06409,Paid Ad,Mobile,1,1,0,0,0,0,0.0,2024-03-07 18:15:00
6410,sess_06410,Referral,Tablet,1,1,0,0,0,0,0.0,2024-03-07 18:30:00
6411,sess_06411,Social Media,Desktop,1,1,0,0,0,0,0.0,2024-03-07 18:45:00
6412,sess_06412,Organic Search,Mobile,1,1,0,0,0,0,0.0,2024-03-07 19:00:00
6413,sess_06413,Paid Ad,Tablet,1,1,0,0,0,0,0.0,2024-03-07 19:15:00
6414,sess_06414,Referral,Desktop,1,1,0,0,0,0,0.0,2024-03-07 19:30:00
6415,sess_06415,Social Media,Mobile,1,1,0,0,0,0,0.0,2024-03-07 19:45:00
6416,sess_06416,Organic Search,Tablet,1,1,0,0,0,0,0.0,2024-03-07 20:00:00
6417,sess_06417,Paid Ad,Desktop,1,1,0,0,0,0,0.0,2024-03-07 20:15:00
6418,sess_06418,Referral,Mobile,1,1,0,0,0,0,0.0,2024-03-07 20:30:00
6419,sess_06419,Social Media,Tablet,1,1,0,0,0,0,0.0,2024-03-07 20:45:00
6420,sess_06420,Organic Search,Desktop,1,1,0,0,0,0,0.0,2024-03-07 21:00:00
6421,sess_06421,Paid Ad,Mobile,1,1,0,0,0,0,0.0,2024-03-07 21:15:00
6422,sess_06422,Referral,Tablet,1,1,0,0,0,0,0.0,2024-03-07 21:30:00
6423,sess_06423,Social Media,Desktop,1,1,0,0,0,0,0.0,2024-03-07 21:45:00
6424,sess_06424,Organic Search,Mobile,1,1,0,0,0,0,0.0,2024-03-07 22:00:00
6425,sess_06425,Paid Ad,Tablet,1,1,0,0,0,0,0.0,2024-03-07 22:15:00
6426,sess_06426,Referral,Desktop,1,1,0,0,0,0,0.0,2024-03-07 22:30:00
6427,sess_06427,Social Media,Mobile,1,1,0,0,0,0,0.0,2024-03-07 22:45:00
6428,sess_06428,Organic Search,Tablet,1,1,0,0,0,0,0.0,2024-03-07 23:00:00
6429,sess_06429,Paid Ad,Desktop,1,1,0,0,0,0,0.0,2024-03-07 23:15:00
6430,sess_06430,Referral,Mobile,1,1,0,0,0,0,0.0,2024-03-07 23:30:00
6431,sess_06431,Social Media,Tablet,1,1,0,0,0,0,0.0,2024-03-07 23:45:00
6432,sess_06432,Organic Search,Desktop,1,1,0,0,0,0,0.0,2024-03-08 00:00:00
6433,sess_06433,Paid Ad,Mobile,1,1,0,0,0,0,0.0,2024-03-08 00:15:00
6434,sess_06434,Referral,Tablet,1,1,0,0,0,0,0.0,2024-03-08 00:30:00
6435,sess_06435,Social Media,Desktop,1,1,0,0,0,0,0.0,2024-03-08 00:45:00
6436,sess_06436,Organic Search,Mobile,1,1,0,0,0,0,0.0,2024-03-08 01:00:00
6437,sess_06437,Paid Ad,Tablet,1,1,0,0,0,0,0.0,2024-03-08 01:15:00
6438,sess_06438,Referral,Desktop,1,1,0,0,0,0,0.0,2024-03-08 01:30:00
6439,sess_06439,Social Media,Mobile,1,1,0,0,0,0,0.0,2024-03-08 01:45:00
6440,sess_06440,Organic Search,Tablet,1,1,0,0,0,0,0.0,2024-03-08 02:00:00
6441,sess_06441,Paid Ad,Desktop,1,1,0,0,0,0,0.0,2024-03-08 02:15:00
6442,sess_06442,Referral,Mobile,1,1,0,0,0,0,0.0,2024-03-08 02:30:00
6443,sess_06443,Social Media,Tablet,1,1,0,0,0,0,0.0,2024-03-08 02:45:00
6444,sess_06444,Organic Search,Desktop,1,1,0,0,0,0,0.0,2024-03-08 03:00:00
6445,sess_06445,Paid Ad,Mobile,1,1,0,0,0,0,0.0,2024-03-08 03:15:00
6446,sess_06446,Referral,Tablet,1,1,0,0,0,0,0.0,2024-03-08 03:30:00
6447,sess_06447,Social Media,Desktop,1,1,0,0,0,0,0.0,2024-03-08 03:45:00
6448,sess_06448,Organic Search,Mobile,1,1,0,0,0,0,0.0,2024-03-08 04:00:00
6449,sess_06449,Paid Ad,Tablet,1,1,0,0,0,0,0.0,2024-03-08 04:15:00
6450,sess_06450,Referral,Desktop,1,1,0,0,0,0,0.0,2024-03-08 04:30:00
6451,sess_06451,Social Media,Mobile,1,1,0,0,0,0,0.0,2024-03-08 04:45:00
6452,sess_06452,Organic Search,Tablet,1,1,0,0,0,0,0.0,2024-03-08 05:00:00
6453,sess_06453,Paid Ad,Desktop,1,1,0,0,0,0,0.0,2024-03-08 05:15:00
6454,sess_06454,Referral,Mobile,1,1,0,0,0,0,0.0,2024-03-08 05:30:00
6455,sess_06455,Social Media,Tablet,1,1,0,0,0,0,0.0,2024-03-08 05:45:00
6456,sess_06456,Organic Search,Desktop,1,1,0,0,0,0,0.0,2024-03-08 06:00:00
6457,sess_06457,Paid Ad,Mobile,1,1,0,0,0,0,0.0,2024-03-08 06:15:00
6458,sess_06458,Referral,Tablet,1,1,0,0,0,0,0.0,2024-03-08 06:30:00
6459,sess_06459,Social Media,Desktop,1,1,0,0,0,0,0.0,2024-03-08 06:45:00
6460,sess_06460,Organic Search,Mobile,1,1,0,0,0,0,0.0,2024-03-08 07:00:00
6461,sess_06461,Paid Ad,Tablet,1,1,0,0,0,0,0.0,2024-03-08 07:15:00
6462,sess_06462,Referral,Desktop,1,1,0,0,0,0,0.0,2024-03-08 07:30:00
6463,sess_06463,Social Media,Mobile,1,1,0,0,0,0,0.0,2024-03-08 07:45:00
6464,sess_06464,Organic Search,Tablet,1,1,0,0,0,0,0.0,2024-03-08 08:00:00
6465,sess_06465,Paid Ad,Desktop,1,1,0,0,0,0,0.0,2024-03-08 08:15:00
6466,sess_06466,Referral,Mobile,1,1,0,0,0,0,0.0,2024-03-08 08:30:00
6467,sess_06467,Social Media,Tablet,1,1,0,0,0,0,0.0,2024-03-08 08:45:00
6468,sess_06468,Organic Search,Desktop,1,1,0,0,0,0,0.0,2024-03-08 09:00:00
6469,sess_06469,Paid Ad,Mobile,1,1,0,0,0,0,0.0,2024-03-08 09:15:00
6470,sess_06470,Referral,Tablet,1,1,0,0,0,0,0.0,2024-03-08 09:30:00
6471,sess_06471,Social Media,Desktop,1,1,0,0,0,0,0.0,2024-03-08 09:45:00
6472,sess_06472,Organic Search,Mobile,1,1,0,0,0,0,0.0,2024-03-08 10:00:00
6473,sess_06473,Paid Ad,Tablet,1,1,0,0,0,0,0.0,2024-03-08 10:15:00
6474,sess_06474,Referral,Desktop,1,1,0,0,0,0,0.0,2024-03-08 10:30:00
6475,sess_06475,Social Media,Mobile,1,1,0,0,0,0,0.0,2024-03-08 10:45:00
6476,sess_06476,Organic Search,Tablet,1,1,0,0,0,0,0.0,2024-03-08 11:00:00
6477,sess_06477,Paid Ad,Desktop,1,1,0,0,0,0,0.0,2024-03-08 11:15:00
6478,sess_06478,Referral,Mobile,1,1,0,0,0,0,0.0,2024-03-08 11:30:00
6479,sess_06479,Social Media,Tablet,1,1,0,0,0,0,0.0,2024-03-08 11:45:00
6480,sess_06480,Organic Search,Desktop,1,1,0,0,0,0,0.0,2024-03-08 12:00:00
6481,sess_06481,Paid Ad,Mobile,1,1,0,0,0,0,0.0,2024-03-08 12:15:00
6482,sess_06482,Referral,Tablet,1,1,0,0,0,0,0.0,2024-03-08 12:30:00
6483,sess_06483,Social Media,Desktop,1,1,0,0,0,0,0.0,2024-03-08 12:45:00
6484,sess_06484,Organic Search,Mobile,1,1,0,0,0,0,0.0,2024-03-08 13:00:00
6485,sess_06485,Paid Ad,Tablet,1,1,0,0,0,0,0.0,2024-03-08 13:15:00
6486,sess_06486,Referral,Desktop,1,1,0,0,0,0,0.0,2024-03-08 13:30:00
6487,sess_06487,Social Media,Mobile,1,1,0,0,0,0,0.0,2024-03-08 13:45:00
6488,sess_06488,Organic Search,Tablet,1,1,0,0,0,0,0.0,2024-03-08 14:00:00
6489,sess_06489,Paid Ad,Desktop,1,1,0,0,0,0,0.0,2024-03-08 14:15:00
6490,sess_06490,Referral,Mobile,1,1,0,0,0,0,0.0,2024-03-08 14:30:00
6491,sess_06491,Social Media,Tablet,1,1,0,0,0,0,0.0,2024-03-08 14:45:00
6492,sess_06492,Organic Search,Desktop,1,1,0,0,0,0,0.0,2024-03-08 15:00:00
6493,sess_06493,Paid Ad,Mobile,1,1,0,0,0,0,0.0,2024-03-08 15:15:00
6494,sess_06494,Referral,Tablet,1,1,0,0,0,0,0.0,2024-03-08 15:30:00
6495,sess_06495,Social Media,Desktop,1,1,0,0,0,0,0.0,2024-03-08 15:45:00
6496,sess_06496,Organic Search,Mobile,1,1,0,0,0,0,0.0,2024-03-08 16:00:00
6497,sess_06497,Paid Ad,Tablet,1,1,0,0,0,0,0.0,2024-03-08 16:15:00
6498,sess_06498,Referral,Desktop,1,1,0,0,0,0,0.0,2024-03-08 16:30:00
6499,sess_06499,Social Media,Mobile,1,1,0,0,0,0,0.0,2024-03-08 16:45:00
6500,sess_06500,Organic Search,Tablet,1,1,0,0,0,0,0.0,2024-03-08 17:00:00
6501,sess_06501,Paid Ad,Desktop,1,1,0,0,0,0,0.0,2024-03-08 17:15:00
6502,sess_06502,Referral,Mobile,1,1,0,0,0,0,0.0,2024-03-08 17:30:00
6503,sess_06503,Social Media,Tablet,1,1,0,0,0,0,0.0,2024-03-08 17:45:00
6504,sess_06504,Organic Search,Desktop,1,1,0,0,0,0,0.0,2024-03-08 18:00:00
6505,sess_06505,Paid Ad,Mobile,1,1,0,0,0,0,0.0,2024-03-08 18:15:00
6506,sess_06506,Referral,Tablet,1,1,0,0,0,0,0.0,2024-03-08 18:30:00
6507,sess_06507,Social Media,Desktop,1,1,0,0,0,0,0.0,2024-03-08 18:45:00
6508,sess_06508,Organic Search,Mobile,1,1,0,0,0,0,0.0,2024-03-08 19:00:00
6509,sess_06509,Paid Ad,Tablet,1,1,0,0,0,0,0.0,2024-03-08 19:15:00
6510,sess_06510,Referral,Desktop,1,1,0,0,0,0,0.0,2024-03-08 19:30:00
6511,sess_06511,Social Media,Mobile,1,1,0,0,0,0,0.0,2024-03-08 19:45:00
6512,sess_06512,Organic Search,Tablet,1,1,0,0,0,0,0.0,2024-03-08 20:00:00
6513,sess_06513,Paid Ad,Desktop,1,1,0,0,0,0,0.0,2024-03-08 20:15:00
6514,sess_06514,Referral,Mobile,1,1,0,0,0,0,0.0,2024-03-08 20:30:00
6515,sess_06515,Social Media,Tablet,1,1,0,0,0,0,0.0,2024-03-08 20:45:00
6516,sess_06516,Organic Search,Desktop,1,1,0,0,0,0,0.0,2024-03-08 21:00:00
6517,sess_06517,Paid Ad,Mobile,1,1,0,0,0,0,0.0,2024-03-08 21:15:00
6518,sess_06518,Referral,Tablet,1,1,0,0,0,0,0.0,2024-03-08 21:30:00
6519,sess_06519,Social Media,Desktop,1,1,0,0,0,0,0.0,2024-03-08 21:45:00
6520,sess_06520,Organic Search,Mobile,1,1,0,0,0,0,0.0,2024-03-08 22:00:00
6521,sess_06521,Paid Ad,Tablet,1,1,0,0,0,0,0.0,2024-03-08 22:15:00
6522,sess_06522,Referral,Desktop,1,1,0,0,0,0,0.0,2024-03-08 22:30:00
6523,sess_06523,Social Media,Mobile,1,1,0,0,0,0,0.0,2024-03-08 22:45:00
6524,sess_06524,Organic Search,Tablet,1,1,0,0,0,0,0.0,2024-03-08 23:00:00
6525,sess_06525,Paid Ad,Desktop,1,1,0,0,0,0,0.0,2024-03-08 23:15:00
6526,sess_06526,Referral,Mobile,1,1,0,0,0,0,0.0,2024-03-08 23:30:00
6527,sess_06527,Social Media,Tablet,1,1,0,0,0,0,0.0,2024-03-08 23:45:00
6528,sess_06528,Organic Search,Desktop,1,1,0,0,0,0,0.0,2024-03-09 00:00:00
6529,sess_06529,Paid Ad,Mobile,1,1,0,0,0,0,0.0,2024-03-09 00:15:00
6530,sess_06530,Referral,Tablet,1,1,0,0,0,0,0.0,2024-03-09 00:30:00
6531,sess_06531,Social Media,Desktop,1,1,0,0,0,0,0.0,2024-03-09 00:45:00
6532,sess_06532,Organic Search,Mobile,1,1,0,0,0,0,0.0,2024-03-09 01:00:00
6533,sess_06533,Paid Ad,Tablet,1,1,0,0,0,0,0.0,2024-03-09 01:15:00
6534,sess_06534,Referral,Desktop,1,1,0,0,0,0,0.0,2024-03-09 01:30:00
6535,sess_06535,Social Media,Mobile,1,1,0,0,0,0,0.0,2024-03-09 01:45:00
6536,sess_06536,Organic Search,Tablet,1,1,0,0,0,0,0.0,2024-03-09 02:00:00
6537,sess_06537,Paid Ad,Desktop,1,1,0,0,0,0,0.0,2024-03-09 02:15:00
6538,sess_06538,Referral,Mobile,1,1,0,0,0,0,0.0,2024-03-09 02:30:00
6539,sess_06539,Social Media,Tablet,1,1,0,0,0,0,0.0,2024-03-09 02:45:00
6540,sess_06540,Organic Search,Desktop,1,1,0,0,0,0,0.0,2024-03-09 03:00:00
6541,sess_06541,Paid Ad,Mobile,1,1,0,0,0,0,0.0,2024-03-09 03:15:00
6542,sess_06542,Referral,Tablet,1,1,0,0,0,0,0.0,2024-03-09 03:30:00
6543,sess_06543,Social Media,Desktop,1,1,0,0,0,0,0.0,2024-03-09 03:45:00
6544,sess_06544,Organic Search,Mobile,1,1,0,0,0,0,0.0,2024-03-09 04:00:00
6545,sess_06545,Paid Ad,Tablet,1,1,0,0,0,0,0.0,2024-03-09 04:15:00
6546,sess_06546,Referral,Desktop,1,1,0,0,0,0,0.0,2024-03-09 04:30:00
6547,sess_06547,Social Media,Mobile,1,1,0,0,0,0,0.0,2024-03-09 04:45:00
6548,sess_06548,Organic Search,Tablet,1,1,0,0,0,0,0.0,2024-03-09 05:00:00
6549,sess_06549,Paid Ad,Desktop,1,1,0,0,0,0,0.0,2024-03-09 05:15:00
6550,sess_06550,Referral,Mobile,1,1,0,0,0,0,0.0,2024-03-09 05:30:00
6551,sess_06551,Social Media,Tablet,1,1,0,0,0,0,0.0,2024-03-09 05:45:00
6552,sess_06552,Organic Search,Desktop,1,1,0,0,0,0,0.0,2024-03-09 06:00:00
6553,sess_06553,Paid Ad,Mobile,1,1,0,0,0,0,0.0,2024-03-09 06:15:00
6554,sess_06554,Referral,Tablet,1,1,0,0,0,0,0.0,2024-03-09 06:30:00
6555,sess_06555,Social Media,Desktop,1,1,0,0,0,0,0.0,2024-03-09 06:45:00
6556,sess_06556,Organic Search,Mobile,1,1,0,0,0,0,0.0,2024-03-09 07:00:00
6557,sess_06557,Paid Ad,Tablet,1,1,0,0,0,0,0.0,2024-03-09 07:15:00
6558,sess_06558,Referral,Desktop,1,1,0,0,0,0,0.0,2024-03-09 07:30:00
6559,sess_06559,Social Media,Mobile,1,1,0,0,0,0,0.0,2024-03-09 07:45:00
6560,sess_06560,Organic Search,Tablet,1,1,0,0,0,0,0.0,2024-03-09 08:00:00
6561,sess_06561,Paid Ad,Desktop,1,1,0,0,0,0,0.0,2024-03-09 08:15:00
6562,sess_06562,Referral,Mobile,1,1,0,0,0,0,0.0,2024-03-09 08:30:00
6563,sess_06563,Social Media,Tablet,1,1,0,0,0,0,0.0,2024-03-09 08:45:00
6564,sess_06564,Organic Search,Desktop,1,1,0,0,0,0,0.0,2024-03-09 09:00:00
6565,sess_06565,Paid Ad,Mobile,1,1,0,0,0,0,0.0,2024-03-09 09:15:00
6566,sess_06566,Referral,Tablet,1,1,0,0,0,0,0.0,2024-03-09 09:30:00
6567,sess_06567,Social Media,Desktop,1,1,0,0,0,0,0.0,2024-03-09 09:45:00
6568,sess_06568,Organic Search,Mobile,1,1,0,0,0,0,0.0,2024-03-09 10:00:00
6569,sess_06569,Paid Ad,Tablet,1,1,0,0,0,0,0.0,2024-03-09 10:15:00
6570,sess_06570,Referral,Desktop,1,1,0,0,0,0,0.0,2024-03-09 10:30:00
6571,sess_06571,Social Media,Mobile,1,1,0,0,0,0,0.0,2024-03-09 10:45:00
6572,sess_06572,Organic Search,Tablet,1,1,0,0,0,0,0.0,2024-03-09 11:00:00
6573,sess_06573,Paid Ad,Desktop,1,1,0,0,0,0,0.0,2024-03-09 11:15:00
6574,sess_06574,Referral,Mobile,1,1,0,0,0,0,0.0,2024-03-09 11:30:00
6575,sess_06575,Social Media,Tablet,1,1,0,0,0,0,0.0,2024-03-09 11:45:00
6576,sess_06576,Organic Search,Desktop,1,1,0,0,0,0,0.0,2024-03-09 12:00:00
6577,sess_06577,Paid Ad,Mobile,1,1,0,0,0,0,0.0,2024-03-09 12:15:00
6578,sess_06578,Referral,Tablet,1,1,0,0,0,0,0.0,2024-03-09 12:30:00
6579,sess_06579,Social Media,Desktop,1,1,0,0,0,0,0.0,2024-03-09 12:45:00
6580,sess_06580,Organic Search,Mobile,1,1,0,0,0,0,0.0,2024-03-09 13:00:00
6581,sess_06581,Paid Ad,Tablet,1,1,0,0,0,0,0.0,2024-03-09 13:15:00
6582,sess_06582,Referral,Desktop,1,1,0,0,0,0,0.0,2024-03-09 13:30:00
6583,sess_06583,Social Media,Mobile,1,1,0,0,0,0,0.0,2024-03-09 13:45:00
6584,sess_06584,Organic Search,Tablet,1,1,0,0,0,0,0.0,2024-03-09 14:00:00
6585,sess_06585,Paid Ad,Desktop,1,1,0,0,0,0,0.0,2024-03-09 14:15:00
6586,sess_06586,Referral,Mobile,1,1,0,0,0,0,0.0,2024-03-09 14:30:00
6587,sess_06587,Social Media,Tablet,1,1,0,0,0,0,0.0,2024-03-09 14:45:00
6588,sess_06588,Organic Search,Desktop,1,1,0,0,0,0,0.0,2024-03-09 15:00:00
6589,sess_06589,Paid Ad,Mobile,1,1,0,0,0,0,0.0,2024-03-09 15:15:00
6590,sess_06590,Referral,Tablet,1,1,0,0,0,0,0.0,2024-03-09 15:30:00
6591,sess_06591,Social Media,Desktop,1,1,0,0,0,0,0.0,2024-03-09 15:45:00
6592,sess_06592,Organic Search,Mobile,1,1,0,0,0,0,0.0,2024-03-09 16:00:00
6593,sess_06593,Paid Ad,Tablet,1,1,0,0,0,0,0.0,2024-03-09 16:15:00
6594,sess_06594,Referral,Desktop,1,1,0,0,0,0,0.0,2024-03-09 16:30:00
6595,sess_06595,Social Media,Mobile,1,1,0,0,0,0,0.0,2024-03-09 16:45:00
6596,sess_06596,Organic Search,Tablet,1,1,0,0,0,0,0.0,2024-03-09 17:00:00
6597,sess_06597,Paid Ad,Desktop,1,1,0,0,0,0,0.0,2024-03-09 17:15:00
6598,sess_06598,Referral,Mobile,1,1,0,0,0,0,0.0,2024-03-09 17:30:00
6599,sess_06599,Social Media,Tablet,1,1,0,0,0,0,0.0,2024-03-09 17:45:00
6600,sess_06600,Organic Search,Desktop,1,1,0,0,0,0,0.0,2024-03-09 18:00:00
6601,sess_06601,Paid Ad,Mobile,1,1,0,0,0,0,0.0,2024-03-09 18:15:00
6602,sess_06602,Referral,Tablet,1,1,0,0,0,0,0.0,2024-03-09 18:30:00
6603,sess_06603,Social Media,Desktop,1,1,0,0,0,0,0.0,2024-03-09 18:45:00
6604,sess_06604,Organic Search,Mobile,1,1,0,0,0,0,0.0,2024-03-09 19:00:00
6605,sess_06605,Paid Ad,Tablet,1,1,0,0,0,0,0.0,2024-03-09 19:15:00
6606,sess_06606,Referral,Desktop,1,1,0,0,0,0,0.0,2024-03-09 19:30:00
6607,sess_06607,Social Media,Mobile,1,1,0,0,0,0,0.0,2024-03-09 19:45:00
6608,sess_06608,Organic Search,Tablet,1,1,0,0,0,0,0.0,2024-03-09 20:00:00
6609,sess_06609,Paid Ad,Desktop,1,1,0,0,0,0,0.0,2024-03-09 20:15:00
6610,sess_06610,Referral,Mobile,1,1,0,0,0,0,0.0,2024-03-09 20:30:00
6611,sess_06611,Social Media,Tablet,1,1,0,0,0,0,0.0,2024-03-09 20:45:00
6612,sess_06612,Organic Search,Desktop,1,1,0,0,0,0,0.0,2024-03-09 21:00:00
6613,sess_06613,Paid Ad,Mobile,1,1,0,0,0,0,0.0,2024-03-09 21:15:00
6614,sess_06614,Referral,Tablet,1,1,0,0,0,0,0.0,2024-03-09 21:30:00
6615,sess_06615,Social Media,Desktop,1,1,0,0,0,0,0.0,2024-03-09 21:45:00
6616,sess_06616,Organic Search,Mobile,1,1,0,0,0,0,0.0,2024-03-09 22:00:00
6617,sess_06617,Paid Ad,Tablet,1,1,0,0,0,0,0.0,2024-03-09 22:15:00
6618,sess_06618,Referral,Desktop,1,1,0,0,0,0,0.0,2024-03-09 22:30:00
6619,sess_06619,Social Media,Mobile,1,1,0,0,0,0,0.0,2024-03-09 22:45:00
6620,sess_06620,Organic Search,Tablet,1,1,0,0,0,0,0.0,2024-03-09 23:00:00
6621,sess_06621,Paid Ad,Desktop,1,1,0,0,0,0,0.0,2024-03-09 23:15:00
6622,sess_06622,Referral,Mobile,1,1,0,0,0,0,0.0,2024-03-09 23:30:00
6623,sess_06623,Social Media,Tablet,1,1,0,0,0,0,0.0,2024-03-09 23:45:00
6624,sess_06624,Organic Search,Desktop,1,1,0,0,0,0,0.0,2024-03-10 00:00:00
6625,sess_06625,Paid Ad,Mobile,1,1,0,0,0,0,0.0,2024-03-10 00:15:00
6626,sess_06626,Referral,Tablet,1,1,0,0,0,0,0.0,2024-03-10 00:30:00
6627,sess_06627,Social Media,Desktop,1,1,0,0,0,0,0.0,2024-03-10 00:45:00
6628,sess_06628,Organic Search,Mobile,1,1,0,0,0,0,0.0,2024-03-10 01:00:00
6629,sess_06629,Paid Ad,Tablet,1,1,0,0,0,0,0.0,2024-03-10 01:15:00
6630,sess_06630,Referral,Desktop,1,1,0,0,0,0,0.0,2024-03-10 01:30:00
6631,sess_06631,Social Media,Mobile,1,1,0,0,0,0,0.0,2024-03-10 01:45:00
6632,sess_06632,Organic Search,Tablet,1,1,0,0,0,0,0.0,2024-03-10 02:00:00
6633,sess_06633,Paid Ad,Desktop,1,1,0,0,0,0,0.0,2024-03-10 02:15:00
6634,sess_06634,Referral,Mobile,1,1,0,0,0,0,0.0,2024-03-10 02:30:00
6635,sess_06635,Social Media,Tablet,1,1,0,0,0,0,0.0,2024-03-10 02:45:00
6636,sess_06636,Organic Search,Desktop,1,1,0,0,0,0,0.0,2024-03-10 03:00:00
6637,sess_06637,Paid Ad,Mobile,1,1,0,0,0,0,0.0,2024-03-10 03:15:00
6638,sess_06638,Referral,Tablet,1,1,0,0,0,0,0.0,2024-03-10 03:30:00
6639,sess_06639,Social Media,Desktop,1,1,0,0,0,0,0.0,2024-03-10 03:45:00
6640,sess_06640,Organic Search,Mobile,1,1,0,0,0,0,0.0,2024-03-10 04:00:00
6641,sess_06641,Paid Ad,Tablet,1,1,0,0,0,0,0.0,2024-03-10 04:15:00
6642,sess_06642,Referral,Desktop,1,1,0,0,0,0,0.0,2024-03-10 04:30:00
6643,sess_06643,Social Media,Mobile,1,1,0,0,0,0,0.0,2024-03-10 04:45:00
6644,sess_06644,Organic Search,Tablet,1,1,0,0,0,0,0.0,2024-03-10 05:00:00
6645,sess_06645,Paid Ad,Desktop,1,1,0,0,0,0,0.0,2024-03-10 05:15:00
6646,sess_06646,Referral,Mobile,1,1,0,0,0,0,0.0,2024-03-10 05:30:00
6647,sess_06647,Social Media,Tablet,1,1,0,0,0,0,0.0,2024-03-10 05:45:00
6648,sess_06648,Organic Search,Desktop,1,1,0,0,0,0,0.0,2024-03-10 06:00:00
6649,sess_06649,Paid Ad,Mobile,1,1,0,0,0,0,0.0,2024-03-10 06:15:00
6650,sess_06650,Referral,Tablet,1,1,0,0,0,0,0.0,2024-03-10 06:30:00
6651,sess_06651,Social Media,Desktop,1,1,0,0,0,0,0.0,2024-03-10 06:45:00
6652,sess_06652,Organic Search,Mobile,1,1,0,0,0,0,0.0,2024-03-10 07:00:00
6653,sess_06653,Paid Ad,Tablet,1,1,0,0,0,0,0.0,2024-03-10 07:15:00
6654,sess_06654,Referral,Desktop,1,1,0,0,0,0,0.0,2024-03-10 07:30:00
6655,sess_06655,Social Media,Mobile,1,1,0,0,0,0,0.0,2024-03-10 07:45:00
6656,sess_06656,Organic Search,Tablet,1,1,0,0,0,0,0.0,2024-03-10 08:00:00
6657,sess_06657,Paid Ad,Desktop,1,1,0,0,0,0,0.0,2024-03-10 08:15:00
6658,sess_06658,Referral,Mobile,1,1,0,0,0,0,0.0,2024-03-10 08:30:00
6659,sess_06659,Social Media,Tablet,1,1,0,0,0,0,0.0,2024-03-10 08:45:00
6660,sess_06660,Organic Search,Desktop,1,1,0,0,0,0,0.0,2024-03-10 09:00:00
6661,sess_06661,Paid Ad,Mobile,1,1,0,0,0,0,0.0,2024-03-10 09:15:00
6662,sess_06662,Referral,Tablet,1,1,0,0,0,0,0.0,2024-03-10 09:30:00
6663,sess_06663,Social Media,Desktop,1,1,0,0,0,0,0.0,2024-03-10 09:45:00
6664,sess_06664,Organic Search,Mobile,1,1,0,0,0,0,0.0,2024-03-10 10:00:00
6665,sess_06665,Paid Ad,Tablet,1,1,0,0,0,0,0.0,2024-03-10 10:15:00
6666,sess_06666,Referral,Desktop,1,1,0,0,0,0,0.0,2024-03-10 10:30:00
6667,sess_06667,Social Media,Mobile,1,1,0,0,0,0,0.0,2024-03-10 10:45:00
6668,sess_06668,Organic Search,Tablet,1,1,0,0,0,0,0.0,2024-03-10 11:00:00
6669,sess_06669,Paid Ad,Desktop,1,1,0,0,0,0,0.0,2024-03-10 11:15:00
6670,sess_06670,Referral,Mobile,1,1,0,0,0,0,0.0,2024-03-10 11:30:00
6671,sess_06671,Social Media,Tablet,1,1,0,0,0,0,0.0,2024-03-10 11:45:00
6672,sess_06672,Organic Search,Desktop,1,1,0,0,0,0,0.0,2024-03-10 12:00:00
6673,sess_06673,Paid Ad,Mobile,1,1,0,0,0,0,0.0,2024-03-10 12:15:00
6674,sess_06674,Referral,Tablet,1,1,0,0,0,0,0.0,2024-03-10 12:30:00
6675,sess_06675,Social Media,Desktop,1,1,0,0,0,0,0.0,2024-03-10 12:45:00
6676,sess_06676,Organic Search,Mobile,1,1,0,0,0,0,0.0,2024-03-10 13:00:00
6677,sess_06677,Paid Ad,Tablet,1,1,0,0,0,0,0.0,2024-03-10 13:15:00
6678,sess_06678,Referral,Desktop,1,1,0,0,0,0,0.0,2024-03-10 13:30:00
6679,sess_06679,Social Media,Mobile,1,1,0,0,0,0,0.0,2024-03-10 13:45:00
6680,sess_06680,Organic Search,Tablet,1,1,0,0,0,0,0.0,2024-03-10 14:00:00
6681,sess_06681,Paid Ad,Desktop,1,1,0,0,0,0,0.0,2024-03-10 14:15:00
6682,sess_06682,Referral,Mobile,1,1,0,0,0,0,0.0,2024-03-10 14:30:00
6683,sess_06683,Social Media,Tablet,1,1,0,0,0,0,0.0,2024-03-10 14:45:00
6684,sess_06684,Organic Search,Desktop,1,1,0,0,0,0,0.0,2024-03-10 15:00:00
6685,sess_06685,Paid Ad,Mobile,1,1,0,0,0,0,0.0,2024-03-10 15:15:00
6686,sess_06686,Referral,Tablet,1,1,0,0,0,0,0.0,2024-03-10 15:30:00
6687,sess_06687,Social Media,Desktop,1,1,0,0,0,0,0.0,2024-03-10 15:45:00
6688,sess_06688,Organic Search,Mobile,1,1,0,0,0,0,0.0,2024-03-10 16:00:00
6689,sess_06689,Paid Ad,Tablet,1,1,0,0,0,0,0.0,2024-03-10 16:15:00
6690,sess_06690,Referral,Desktop,1,1,0,0,0,0,0.0,2024-03-10 16:30:00
6691,sess_06691,Social Media,Mobile,1,1,0,0,0,0,0.0,2024-03-10 16:45:00
6692,sess_06692,Organic Search,Tablet,1,1,0,0,0,0,0.0,2024-03-10 17:00:00
6693,sess_06693,Paid Ad,Desktop,1,1,0,0,0,0,0.0,2024-03-10 17:15:00
6694,sess_06694,Referral,Mobile,1,1,0,0,0,0,0.0,2024-03-10 17:30:00
6695,sess_06695,Social Media,Tablet,1,1,0,0,0,0,0.0,2024-03-10 17:45:00
6696,sess_06696,Organic Search,Desktop,1,1,0,0,0,0,0.0,2024-03-10 18:00:00
6697,sess_06697,Paid Ad,Mobile,1,1,0,0,0,0,0.0,2024-03-10 18:15:00
6698,sess_06698,Referral,Tablet,1,1,0,0,0,0,0.0,2024-03-10 18:30:00
6699,sess_06699,Social Media,Desktop,1,1,0,0,0,0,0.0,2024-03-10 18:45:00
6700,sess_06700,Organic Search,Mobile,1,1,0,0,0,0,0.0,2024-03-10 19:00:00
6701,sess_06701,Paid Ad,Tablet,1,1,0,0,0,0,0.0,2024-03-10 19:15:00
6702,sess_06702,Referral,Desktop,1,1,0,0,0,0,0.0,2024-03-10 19:30:00
6703,sess_06703,Social Media,Mobile,1,1,0,0,0,0,0.0,2024-03-10 19:45:00
6704,sess_06704,Organic Search,Tablet,1,1,0,0,0,0,0.0,2024-03-10 20:00:00
6705,sess_06705,Paid Ad,Desktop,1,1,0,0,0,0,0.0,2024-03-10 20:15:00
6706,sess_06706,Referral,Mobile,1,1,0,0,0,0,0.0,2024-03-10 20:30:00
6707,sess_06707,Social Media,Tablet,1,1,0,0,0,0,0.0,2024-03-10 20:45:00
6708,sess_06708,Organic Search,Desktop,1,1,0,0,0,0,0.0,2024-03-10 21:00:00
6709,sess_06709,Paid Ad,Mobile,1,1,0,0,0,0,0.0,2024-03-10 21:15:00
6710,sess_06710,Referral,Tablet,1,1,0,0,0,0,0.0,2024-03-10 21:30:00
6711,sess_06711,Social Media,Desktop,1,1,0,0,0,0,0.0,2024-03-10 21:45:00
6712,sess_06712,Organic Search,Mobile,1,1,0,0,0,0,0.0,2024-03-10 22:00:00
6713,sess_06713,Paid Ad,Tablet,1,1,0,0,0,0,0.0,2024-03-10 22:15:00
6714,sess_06714,Referral,Desktop,1,1,0,0,0,0,0.0,2024-03-10 22:30:00
6715,sess_06715,Social Media,Mobile,1,1,0,0,0,0,0.0,2024-03-10 22:45:00
6716,sess_06716,Organic Search,Tablet,1,1,0,0,0,0,0.0,2024-03-10 23:00:00
6717,sess_06717,Paid Ad,Desktop,1,1,0,0,0,0,0.0,2024-03-10 23:15:00
6718,sess_06718,Referral,Mobile,1,1,0,0,0,0,0.0,2024-03-10 23:30:00
6719,sess_06719,Social Media,Tablet,1,1,0,0,0,0,0.0,2024-03-10 23:45:00
6720,sess_06720,Organic Search,Desktop,1,1,0,0,0,0,0.0,2024-03-11 00:00:00
6721,sess_06721,Paid Ad,Mobile,1,1,0,0,0,0,0.0,2024-03-11 00:15:00
6722,sess_06722,Referral,Tablet,1,1,0,0,0,0,0.0,2024-03-11 00:30:00
6723,sess_06723,Social Media,Desktop,1,1,0,0,0,0,0.0,2024-03-11 00:45:00
6724,sess_06724,Organic Search,Mobile,1,1,0,0,0,0,0.0,2024-03-11 01:00:00
6725,sess_06725,Paid Ad,Tablet,1,1,0,0,0,0,0.0,2024-03-11 01:15:00
6726,sess_06726,Referral,Desktop,1,1,0,0,0,0,0.0,2024-03-11 01:30:00
6727,sess_06727,Social Media,Mobile,1,1,0,0,0,0,0.0,2024-03-11 01:45:00
6728,sess_06728,Organic Search,Tablet,1,1,0,0,0,0,0.0,2024-03-11 02:00:00
6729,sess_06729,Paid Ad,Desktop,1,1,0,0,0,0,0.0,2024-03-11 02:15:00
6730,sess_06730,Referral,Mobile,1,1,0,0,0,0,0.0,2024-03-11 02:30:00
6731,sess_06731,Social Media,Tablet,1,1,0,0,0,0,0.0,2024-03-11 02:45:00
6732,sess_06732,Organic Search,Desktop,1,1,0,0,0,0,0.0,2024-03-11 03:00:00
6733,sess_06733,Paid Ad,Mobile,1,1,0,0,0,0,0.0,2024-03-11 03:15:00
6734,sess_06734,Referral,Tablet,1,1,0,0,0,0,0.0,2024-03-11 03:30:00
6735,sess_06735,Social Media,Desktop,1,1,0,0,0,0,0.0,2024-03-11 03:45:00
6736,sess_06736,Organic Search,Mobile,1,1,0,0,0,0,0.0,2024-03-11 04:00:00
6737,sess_06737,Paid Ad,Tablet,1,1,0,0,0,0,0.0,2024-03-11 04:15:00
6738,sess_06738,Referral,Desktop,1,1,0,0,0,0,0.0,2024-03-11 04:30:00
6739,sess_06739,Social Media,Mobile,1,1,0,0,0,0,0.0,2024-03-11 04:45:00
6740,sess_06740,Organic Search,Tablet,1,1,0,0,0,0,0.0,2024-03-11 05:00:00
6741,sess_06741,Paid Ad,Desktop,1,1,0,0,0,0,0.0,2024-03-11 05:15:00
6742,sess_06742,Referral,Mobile,1,1,0,0,0,0,0.0,2024-03-11 05:30:00
6743,sess_06743,Social Media,Tablet,1,1,0,0,0,0,0.0,2024-03-11 05:45:00
6744,sess_06744,Organic Search,Desktop,1,1,0,0,0,0,0.0,2024-03-11 06:00:00
6745,sess_06745,Paid Ad,Mobile,1,1,0,0,0,0,0.0,2024-03-11 06:15:00
6746,sess_06746,Referral,Tablet,1,1,0,0,0,0,0.0,2024-03-11 06:30:00
6747,sess_06747,Social Media,Desktop,1,1,0,0,0,0,0.0,2024-03-11 06:45:00
6748,sess_06748,Organic Search,Mobile,1,1,0,0,0,0,0.0,2024-03-11 07:00:00
6749,sess_06749,Paid Ad,Tablet,1,1,0,0,0,0,0.0,2024-03-11 07:15:00
6750,sess_06750,Referral,Desktop,1,1,0,0,0,0,0.0,2024-03-11 07:30:00
6751,sess_06751,Social Media,Mobile,1,1,0,0,0,0,0.0,2024-03-11 07:45:00
6752,sess_06752,Organic Search,Tablet,1,1,0,0,0,0,0.0,2024-03-11 08:00:00
6753,sess_06753,Paid Ad,Desktop,1,1,0,0,0,0,0.0,2024-03-11 08:15:00
6754,sess_06754,Referral,Mobile,1,1,0,0,0,0,0.0,2024-03-11 08:30:00
6755,sess_06755,Social Media,Tablet,1,1,0,0,0,0,0.0,2024-03-11 08:45:00
6756,sess_06756,Organic Search,Desktop,1,1,0,0,0,0,0.0,2024-03-11 09:00:00
6757,sess_06757,Paid Ad,Mobile,1,1,0,0,0,0,0.0,2024-03-11 09:15:00
6758,sess_06758,Referral,Tablet,1,1,0,0,0,0,0.0,2024-03-11 09:30:00
6759,sess_06759,Social Media,Desktop,1,1,0,0,0,0,0.0,2024-03-11 09:45:00
6760,sess_06760,Organic Search,Mobile,1,1,0,0,0,0,0.0,2024-03-11 10:00:00
6761,sess_06761,Paid Ad,Tablet,1,1,0,0,0,0,0.0,2024-03-11 10:15:00
6762,sess_06762,Referral,Desktop,1,1,0,0,0,0,0.0,2024-03-11 10:30:00
6763,sess_06763,Social Media,Mobile,1,1,0,0,0,0,0.0,2024-03-11 10:45:00
6764,sess_06764,Organic Search,Tablet,1,1,0,0,0,0,0.0,2024-03-11 11:00:00
6765,sess_06765,Paid Ad,Desktop,1,1,0,0,0,0,0.0,2024-03-11 11:15:00
6766,sess_06766,Referral,Mobile,1,1,0,0,0,0,0.0,2024-03-11 11:30:00
6767,sess_06767,Social Media,Tablet,1,1,0,0,0,0,0.0,2024-03-11 11:45:00
6768,sess_06768,Organic Search,Desktop,1,1,0,0,0,0,0.0,2024-03-11 12:00:00
6769,sess_06769,Paid Ad,Mobile,1,1,0,0,0,0,0.0,2024-03-11 12:15:00
6770,sess_06770,Referral,Tablet,1,1,0,0,0,0,0.0,2024-03-11 12:30:00
6771,sess_06771,Social Media,Desktop,1,1,0,0,0,0,0.0,2024-03-11 12:45:00
6772,sess_06772,Organic Search,Mobile,1,1,0,0,0,0,0.0,2024-03-11 13:00:00
6773,sess_06773,Paid Ad,Tablet,1,1,0,0,0,0,0.0,2024-03-11 13:15:00
6774,sess_06774,Referral,Desktop,1,1,0,0,0,0,0.0,2024-03-11 13:30:00
6775,sess_06775,Social Media,Mobile,1,1,0,0,0,0,0.0,2024-03-11 13:45:00
6776,sess_06776,Organic Search,Tablet,1,1,0,0,0,0,0.0,2024-03-11 14:00:00
6777,sess_06777,Paid Ad,Desktop,1,1,0,0,0,0,0.0,2024-03-11 14:15:00
6778,sess_06778,Referral,Mobile,1,1,0,0,0,0,0.0,2024-03-11 14:30:00
6779,sess_06779,Social Media,Tablet,1,1,0,0,0,0,0.0,2024-03-11 14:45:00
6780,sess_06780,Organic Search,Desktop,1,1,0,0,0,0,0.0,2024-03-11 15:00:00
6781,sess_06781,Paid Ad,Mobile,1,1,0,0,0,0,0.0,2024-03-11 15:15:00
6782,sess_06782,Referral,Tablet,1,1,0,0,0,0,0.0,2024-03-11 15:30:00
6783,sess_06783,Social Media,Desktop,1,1,0,0,0,0,0.0,2024-03-11 15:45:00
6784,sess_06784,Organic Search,Mobile,1,1,0,0,0,0,0.0,2024-03-11 16:00:00
6785,sess_06785,Paid Ad,Tablet,1,1,0,0,0,0,0.0,2024-03-11 16:15:00
6786,sess_06786,Referral,Desktop,1,1,0,0,0,0,0.0,2024-03-11 16:30:00
6787,sess_06787,Social Media,Mobile,1,1,0,0,0,0,0.0,2024-03-11 16:45:00
6788,sess_06788,Organic Search,Tablet,1,1,0,0,0,0,0.0,2024-03-11 17:00:00
6789,sess_06789,Paid Ad,Desktop,1,1,0,0,0,0,0.0,2024-03-11 17:15:00
6790,sess_06790,Referral,Mobile,1,1,0,0,0,0,0.0,2024-03-11 17:30:00
6791,sess_06791,Social Media,Tablet,1,1,0,0,0,0,0.0,2024-03-11 17:45:00
6792,sess_06792,Organic Search,Desktop,1,1,0,0,0,0,0.0,2024-03-11 18:00:00
6793,sess_06793,Paid Ad,Mobile,1,1,0,0,0,0,0.0,2024-03-11 18:15:00
6794,sess_06794,Referral,Tablet,1,1,0,0,0,0,0.0,2024-03-11 18:30:00
6795,sess_06795,Social Media,Desktop,1,1,0,0,0,0,0.0,2024-03-11 18:45:00
6796,sess_06796,Organic Search,Mobile,1,1,0,0,0,0,0.0,2024-03-11 19:00:00
6797,sess_06797,Paid Ad,Tablet,1,1,0,0,0,0,0.0,2024-03-11 19:15:00
6798,sess_06798,Referral,Desktop,1,1,0,0,0,0,0.0,2024-03-11 19:30:00
6799,sess_06799,Social Media,Mobile,1,1,0,0,0,0,0.0,2024-03-11 19:45:00
6800,sess_06800,Organic Search,Tablet,1,1,0,0,0,0,0.0,2024-03-11 20:00:00
6801,sess_06801,Paid Ad,Desktop,1,1,0,0,0,0,0.0,2024-03-11 20:15:00
6802,sess_06802,Referral,Mobile,1,1,0,0,0,0,0.0,2024-03-11 20:30:00
6803,sess_06803,Social Media,Tablet,1,1,0,0,0,0,0.0,2024-03-11 20:45:00
6804,sess_06804,Organic Search,Desktop,1,1,0,0,0,0,0.0,2024-03-11 21:00:00
6805,sess_06805,Paid Ad,Mobile,1,1,0,0,0,0,0.0,2024-03-11 21:15:00
6806,sess_06806,Referral,Tablet,1,1,0,0,0,0,0.0,2024-03-11 21:30:00
6807,sess_06807,Social Media,Desktop,1,1,0,0,0,0,0.0,2024-03-11 21:45:00
6808,sess_06808,Organic Search,Mobile,1,1,0,0,0,0,0.0,2024-03-11 22:00:00
6809,sess_06809,Paid Ad,Tablet,1,1,0,0,0,0,0.0,2024-03-11 22:15:00
6810,sess_06810,Referral,Desktop,1,1,0,0,0,0,0.0,2024-03-11 22:30:00
6811,sess_06811,Social Media,Mobile,1,1,0,0,0,0,0.0,2024-03-11 22:45:00
6812,sess_06812,Organic Search,Tablet,1,1,0,0,0,0,0.0,2024-03-11 23:00:00
6813,sess_06813,Paid Ad,Desktop,1,1,0,0,0,0,0.0,2024-03-11 23:15:00
6814,sess_06814,Referral,Mobile,1,1,0,0,0,0,0.0,2024-03-11 23:30:00
6815,sess_06815,Social Media,Tablet,1,1,0,0,0,0,0.0,2024-03-11 23:45:00
6816,sess_06816,Organic Search,Desktop,1,1,0,0,0,0,0.0,2024-03-12 00:00:00
6817,sess_06817,Paid Ad,Mobile,1,1,0,0,0,0,0.0,2024-03-12 00:15:00
6818,sess_06818,Referral,Tablet,1,1,0,0,0,0,0.0,2024-03-12 00:30:00
6819,sess_06819,Social Media,Desktop,1,1,0,0,0,0,0.0,2024-03-12 00:45:00
6820,sess_06820,Organic Search,Mobile,1,1,0,0,0,0,0.0,2024-03-12 01:00:00
6821,sess_06821,Paid Ad,Tablet,1,1,0,0,0,0,0.0,2024-03-12 01:15:00
6822,sess_06822,Referral,Desktop,1,1,0,0,0,0,0.0,2024-03-12 01:30:00
6823,sess_06823,Social Media,Mobile,1,1,0,0,0,0,0.0,2024-03-12 01:45:00
6824,sess_06824,Organic Search,Tablet,1,1,0,0,0,0,0.0,2024-03-12 02:00:00
6825,sess_06825,Paid Ad,Desktop,1,1,0,0,0,0,0.0,2024-03-12 02:15:00
6826,sess_06826,Referral,Mobile,1,1,0,0,0,0,0.0,2024-03-12 02:30:00
6827,sess_06827,Social Media,Tablet,1,1,0,0,0,0,0.0,2024-03-12 02:45:00
6828,sess_06828,Organic Search,Desktop,1,1,0,0,0,0,0.0,2024-03-12 03:00:00
6829,sess_06829,Paid Ad,Mobile,1,1,0,0,0,0,0.0,2024-03-12 03:15:00
6830,sess_06830,Referral,Tablet,1,1,0,0,0,0,0.0,2024-03-12 03:30:00
6831,sess_06831,Social Media,Desktop,1,1,0,0,0,0,0.0,2024-03-12 03:45:00
6832,sess_06832,Organic Search,Mobile,1,1,0,0,0,0,0.0,2024-03-12 04:00:00
6833,sess_06833,Paid Ad,Tablet,1,1,0,0,0,0,0.0,2024-03-12 04:15:00
6834,sess_06834,Referral,Desktop,1,1,0,0,0,0,0.0,2024-03-12 04:30:00
6835,sess_06835,Social Media,Mobile,1,1,0,0,0,0,0.0,2024-03-12 04:45:00
6836,sess_06836,Organic Search,Tablet,1,1,0,0,0,0,0.0,2024-03-12 05:00:00
6837,sess_06837,Paid Ad,Desktop,1,1,0,0,0,0,0.0,2024-03-12 05:15:00
6838,sess_06838,Referral,Mobile,1,1,0,0,0,0,0.0,2024-03-12 05:30:00
6839,sess_06839,Social Media,Tablet,1,1,0,0,0,0,0.0,2024-03-12 05:45:00
6840,sess_06840,Organic Search,Desktop,1,1,0,0,0,0,0.0,2024-03-12 06:00:00
6841,sess_06841,Paid Ad,Mobile,1,1,0,0,0,0,0.0,2024-03-12 06:15:00
6842,sess_06842,Referral,Tablet,1,1,0,0,0,0,0.0,2024-03-12 06:30:00
6843,sess_06843,Social Media,Desktop,1,1,0,0,0,0,0.0,2024-03-12 06:45:00
6844,sess_06844,Organic Search,Mobile,1,1,0,0,0,0,0.0,2024-03-12 07:00:00
6845,sess_06845,Paid Ad,Tablet,1,1,0,0,0,0,0.0,2024-03-12 07:15:00
6846,sess_06846,Referral,Desktop,1,1,0,0,0,0,0.0,2024-03-12 07:30:00
6847,sess_06847,Social Media,Mobile,1,1,0,0,0,0,0.0,2024-03-12 07:45:00
6848,sess_06848,Organic Search,Tablet,1,1,0,0,0,0,0.0,2024-03-12 08:00:00
6849,sess_06849,Paid Ad,Desktop,1,1,0,0,0,0,0.0,2024-03-12 08:15:00
6850,sess_06850,Referral,Mobile,1,1,0,0,0,0,0.0,2024-03-12 08:30:00
6851,sess_06851,Social Media,Tablet,1,1,0,0,0,0,0.0,2024-03-12 08:45:00
6852,sess_06852,Organic Search,Desktop,1,1,0,0,0,0,0.0,2024-03-12 09:00:00
6853,sess_06853,Paid Ad,Mobile,1,1,0,0,0,0,0.0,2024-03-12 09:15:00
6854,sess_06854,Referral,Tablet,1,1,0,0,0,0,0.0,2024-03-12 09:30:00
6855,sess_06855,Social Media,Desktop,1,1,0,0,0,0,0.0,2024-03-12 09:45:00
6856,sess_06856,Organic Search,Mobile,1,1,0,0,0,0,0.0,2024-03-12 10:00:00
6857,sess_06857,Paid Ad,Tablet,1,1,0,0,0,0,0.0,2024-03-12 10:15:00
6858,sess_06858,Referral,Desktop,1,1,0,0,0,0,0.0,2024-03-12 10:30:00
6859,sess_06859,Social Media,Mobile,1,1,0,0,0,0,0.0,2024-03-12 10:45:00
6860,sess_06860,Organic Search,Tablet,1,1,0,0,0,0,0.0,2024-03-12 11:00:00
6861,sess_06861,Paid Ad,Desktop,1,1,0,0,0,0,0.0,2024-03-12 11:15:00
6862,sess_06862,Referral,Mobile,1,1,0,0,0,0,0.0,2024-03-12 11:30:00
6863,sess_06863,Social Media,Tablet,1,1,0,0,0,0,0.0,2024-03-12 11:45:00
6864,sess_06864,Organic Search,Desktop,1,1,0,0,0,0,0.0,2024-03-12 12:00:00
6865,sess_06865,Paid Ad,Mobile,1,1,0,0,0,0,0.0,2024-03-12 12:15:00
6866,sess_06866,Referral,Tablet,1,1,0,0,0,0,0.0,2024-03-12 12:30:00
6867,sess_06867,Social Media,Desktop,1,1,0,0,0,0,0.0,2024-03-12 12:45:00
6868,sess_06868,Organic Search,Mobile,1,1,0,0,0,0,0.0,2024-03-12 13:00:00
6869,sess_06869,Paid Ad,Tablet,1,1,0,0,0,0,0.0,2024-03-12 13:15:00
6870,sess_06870,Referral,Desktop,1,1,0,0,0,0,0.0,2024-03-12 13:30:00
6871,sess_06871,Social Media,Mobile,1,1,0,0,0,0,0.0,2024-03-12 13:45:00
6872,sess_06872,Organic Search,Tablet,1,1,0,0,0,0,0.0,2024-03-12 14:00:00
6873,sess_06873,Paid Ad,Desktop,1,1,0,0,0,0,0.0,2024-03-12 14:15:00
6874,sess_06874,Referral,Mobile,1,1,0,0,0,0,0.0,2024-03-12 14:30:00
6875,sess_06875,Social Media,Tablet,1,1,0,0,0,0,0.0,2024-03-12 14:45:00
6876,sess_06876,Organic Search,Desktop,1,1,0,0,0,0,0.0,2024-03-12 15:00:00
6877,sess_06877,Paid Ad,Mobile,1,1,0,0,0,0,0.0,2024-03-12 15:15:00
6878,sess_06878,Referral,Tablet,1,1,0,0,0,0,0.0,2024-03-12 15:30:00
6879,sess_06879,Social Media,Desktop,1,1,0,0,0,0,0.0,2024-03-12 15:45:00
6880,sess_06880,Organic Search,Mobile,1,1,0,0,0,0,0.0,2024-03-12 16:00:00
6881,sess_06881,Paid Ad,Tablet,1,1,0,0,0,0,0.0,2024-03-12 16:15:00
6882,sess_06882,Referral,Desktop,1,1,0,0,0,0,0.0,2024-03-12 16:30:00
6883,sess_06883,Social Media,Mobile,1,1,0,0,0,0,0.0,2024-03-12 16:45:00
6884,sess_06884,Organic Search,Tablet,1,1,0,0,0,0,0.0,2024-03-12 17:00:00
6885,sess_06885,Paid Ad,Desktop,1,1,0,0,0,0,0.0,2024-03-12 17:15:00
6886,sess_06886,Referral,Mobile,1,1,0,0,0,0,0.0,2024-03-12 17:30:00
6887,sess_06887,Social Media,Tablet,1,1,0,0,0,0,0.0,2024-03-12 17:45:00
6888,sess_06888,Organic Search,Desktop,1,1,0,0,0,0,0.0,2024-03-12 18:00:00
6889,sess_06889,Paid Ad,Mobile,1,1,0,0,0,0,0.0,2024-03-12 18:15:00
6890,sess_06890,Referral,Tablet,1,1,0,0,0,0,0.0,2024-03-12 18:30:00
6891,sess_06891,Social Media,Desktop,1,1,0,0,0,0,0.0,2024-03-12 18:45:00
6892,sess_06892,Organic Search,Mobile,1,1,0,0,0,0,0.0,2024-03-12 19:00:00
6893,sess_06893,Paid Ad,Tablet,1,1,0,0,0,0,0.0,2024-03-12 19:15:00
6894,sess_06894,Referral,Desktop,1,1,0,0,0,0,0.0,2024-03-12 19:30:00
6895,sess_06895,Social Media,Mobile,1,1,0,0,0,0,0.0,2024-03-12 19:45:00
6896,sess_06896,Organic Search,Tablet,1,1,0,0,0,0,0.0,2024-03-12 20:00:00
6897,sess_06897,Paid Ad,Desktop,1,1,0,0,0,0,0.0,2024-03-12 20:15:00
6898,sess_06898,Referral,Mobile,1,1,0,0,0,0,0.0,2024-03-12 20:30:00
6899,sess_06899,Social Media,Tablet,1,1,0,0,0,0,0.0,2024-03-12 20:45:00
6900,sess_06900,Organic Search,Desktop,1,1,0,0,0,0,0.0,2024-03-12 21:00:00
6901,sess_06901,Paid Ad,Mobile,1,1,0,0,0,0,0.0,2024-03-12 21:15:00
6902,sess_06902,Referral,Tablet,1,1,0,0,0,0,0.0,2024-03-12 21:30:00
6903,sess_06903,Social Media,Desktop,1,1,0,0,0,0,0.0,2024-03-12 21:45:00
6904,sess_06904,Organic Search,Mobile,1,1,0,0,0,0,0.0,2024-03-12 22:00:00
6905,sess_06905,Paid Ad,Tablet,1,1,0,0,0,0,0.0,2024-03-12 22:15:00
6906,sess_06906,Referral,Desktop,1,1,0,0,0,0,0.0,2024-03-12 22:30:00
6907,sess_06907,Social Media,Mobile,1,1,0,0,0,0,0.0,2024-03-12 22:45:00
6908,sess_06908,Organic Search,Tablet,1,1,0,0,0,0,0.0,2024-03-12 23:00:00
6909,sess_06909,Paid Ad,Desktop,1,1,0,0,0,0,0.0,2024-03-12 23:15:00
6910,sess_06910,Referral,Mobile,1,1,0,0,0,0,0.0,2024-03-12 23:30:00
6911,sess_06911,Social Media,Tablet,1,1,0,0,0,0,0.0,2024-03-12 23:45:00
6912,sess_06912,Organic Search,Desktop,1,1,0,0,0,0,0.0,2024-03-13 00:00:00
6913,sess_06913,Paid Ad,Mobile,1,1,0,0,0,0,0.0,2024-03-13 00:15:00
6914,sess_06914,Referral,Tablet,1,1,0,0,0,0,0.0,2024-03-13 00:30:00
6915,sess_06915,Social Media,Desktop,1,1,0,0,0,0,0.0,2024-03-13 00:45:00
6916,sess_06916,Organic Search,Mobile,1,1,0,0,0,0,0.0,2024-03-13 01:00:00
6917,sess_06917,Paid Ad,Tablet,1,1,0,0,0,0,0.0,2024-03-13 01:15:00
6918,sess_06918,Referral,Desktop,1,1,0,0,0,0,0.0,2024-03-13 01:30:00
6919,sess_06919,Social Media,Mobile,1,1,0,0,0,0,0.0,2024-03-13 01:45:00
6920,sess_06920,Organic Search,Tablet,1,1,0,0,0,0,0.0,2024-03-13 02:00:00
6921,sess_06921,Paid Ad,Desktop,1,1,0,0,0,0,0.0,2024-03-13 02:15:00
6922,sess_06922,Referral,Mobile,1,1,0,0,0,0,0.0,2024-03-13 02:30:00
6923,sess_06923,Social Media,Tablet,1,1,0,0,0,0,0.0,2024-03-13 02:45:00
6924,sess_06924,Organic Search,Desktop,1,1,0,0,0,0,0.0,2024-03-13 03:00:00
6925,sess_06925,Paid Ad,Mobile,1,1,0,0,0,0,0.0,2024-03-13 03:15:00
6926,sess_06926,Referral,Tablet,1,1,0,0,0,0,0.0,2024-03-13 03:30:00
6927,sess_06927,Social Media,Desktop,1,1,0,0,0,0,0.0,2024-03-13 03:45:00
6928,sess_06928,Organic Search,Mobile,1,1,0,0,0,0,0.0,2024-03-13 04:00:00
6929,sess_06929,Paid Ad,Tablet,1,1,0,0,0,0,0.0,2024-03-13 04:15:00
6930,sess_06930,Referral,Desktop,1,1,0,0,0,0,0.0,2024-03-13 04:30:00
6931,sess_06931,Social Media,Mobile,1,1,0,0,0,0,0.0,2024-03-13 04:45:00
6932,sess_06932,Organic Search,Tablet,1,1,0,0,0,0,0.0,2024-03-13 05:00:00
6933,sess_06933,Paid Ad,Desktop,1,1,0,0,0,0,0.0,2024-03-13 05:15:00
6934,sess_06934,Referral,Mobile,1,1,0,0,0,0,0.0,2024-03-13 05:30:00
6935,sess_06935,Social Media,Tablet,1,1,0,0,0,0,0.0,2024-03-13 05:45:00
6936,sess_06936,Organic Search,Desktop,1,1,0,0,0,0,0.0,2024-03-13 06:00:00
6937,sess_06937,Paid Ad,Mobile,1,1,0,0,0,0,0.0,2024-03-13 06:15:00
6938,sess_06938,Referral,Tablet,1,1,0,0,0,0,0.0,2024-03-13 06:30:00
6939,sess_06939,Social Media,Desktop,1,1,0,0,0,0,0.0,2024-03-13 06:45:00
6940,sess_06940,Organic Search,Mobile,1,1,0,0,0,0,0.0,2024-03-13 07:00:00
6941,sess_06941,Paid Ad,Tablet,1,1,0,0,0,0,0.0,2024-03-13 07:15:00
6942,sess_06942,Referral,Desktop,1,1,0,0,0,0,0.0,2024-03-13 07:30:00
6943,sess_06943,Social Media,Mobile,1,1,0,0,0,0,0.0,2024-03-13 07:45:00
6944,sess_06944,Organic Search,Tablet,1,1,0,0,0,0,0.0,2024-03-13 08:00:00
6945,sess_06945,Paid Ad,Desktop,1,1,0,0,0,0,0.0,2024-03-13 08:15:00
6946,sess_06946,Referral,Mobile,1,1,0,0,0,0,0.0,2024-03-13 08:30:00
6947,sess_06947,Social Media,Tablet,1,1,0,0,0,0,0.0,2024-03-13 08:45:00
6948,sess_06948,Organic Search,Desktop,1,1,0,0,0,0,0.0,2024-03-13 09:00:00
6949,sess_06949,Paid Ad,Mobile,1,1,0,0,0,0,0.0,2024-03-13 09:15:00
6950,sess_06950,Referral,Tablet,1,1,0,0,0,0,0.0,2024-03-13 09:30:00
6951,sess_06951,Social Media,Desktop,1,1,0,0,0,0,0.0,2024-03-13 09:45:00
6952,sess_06952,Organic Search,Mobile,1,1,0,0,0,0,0.0,2024-03-13 10:00:00
6953,sess_06953,Paid Ad,Tablet,1,1,0,0,0,0,0.0,2024-03-13 10:15:00
6954,sess_06954,Referral,Desktop,1,1,0,0,0,0,0.0,2024-03-13 10:30:00
6955,sess_06955,Social Media,Mobile,1,1,0,0,0,0,0.0,2024-03-13 10:45:00
6956,sess_06956,Organic Search,Tablet,1,1,0,0,0,0,0.0,2024-03-13 11:00:00
6957,sess_06957,Paid Ad,Desktop,1,1,0,0,0,0,0.0,2024-03-13 11:15:00
6958,sess_06958,Referral,Mobile,1,1,0,0,0,0,0.0,2024-03-13 11:30:00
6959,sess_06959,Social Media,Tablet,1,1,0,0,0,0,0.0,2024-03-13 11:45:00
6960,sess_06960,Organic Search,Desktop,1,1,0,0,0,0,0.0,2024-03-13 12:00:00
6961,sess_06961,Paid Ad,Mobile,1,1,0,0,0,0,0.0,2024-03-13 12:15:00
6962,sess_06962,Referral,Tablet,1,1,0,0,0,0,0.0,2024-03-13 12:30:00
6963,sess_06963,Social Media,Desktop,1,1,0,0,0,0,0.0,2024-03-13 12:45:00
6964,sess_06964,Organic Search,Mobile,1,1,0,0,0,0,0.0,2024-03-13 13:00:00
6965,sess_06965,Paid Ad,Tablet,1,1,0,0,0,0,0.0,2024-03-13 13:15:00
6966,sess_06966,Referral,Desktop,1,1,0,0,0,0,0.0,2024-03-13 13:30:00
6967,sess_06967,Social Media,Mobile,1,1,0,0,0,0,0.0,2024-03-13 13:45:00
6968,sess_06968,Organic Search,Tablet,1,1,0,0,0,0,0.0,2024-03-13 14:00:00
6969,sess_06969,Paid Ad,Desktop,1,1,0,0,0,0,0.0,2024-03-13 14:15:00
6970,sess_06970,Referral,Mobile,1,1,0,0,0,0,0.0,2024-03-13 14:30:00
6971,sess_06971,Social Media,Tablet,1,1,0,0,0,0,0.0,2024-03-13 14:45:00
6972,sess_06972,Organic Search,Desktop,1,1,0,0,0,0,0.0,2024-03-13 15:00:00
6973,sess_06973,Paid Ad,Mobile,1,1,0,0,0,0,0.0,2024-03-13 15:15:00
6974,sess_06974,Referral,Tablet,1,1,0,0,0,0,0.0,2024-03-13 15:30:00
6975,sess_06975,Social Media,Desktop,1,1,0,0,0,0,0.0,2024-03-13 15:45:00
6976,sess_06976,Organic Search,Mobile,1,1,0,0,0,0,0.0,2024-03-13 16:00:00
6977,sess_06977,Paid Ad,Tablet,1,1,0,0,0,0,0.0,2024-03-13 16:15:00
6978,sess_06978,Referral,Desktop,1,1,0,0,0,0,0.0,2024-03-13 16:30:00
6979,sess_06979,Social Media,Mobile,1,1,0,0,0,0,0.0,2024-03-13 16:45:00
6980,sess_06980,Organic Search,Tablet,1,1,0,0,0,0,0.0,2024-03-13 17:00:00
6981,sess_06981,Paid Ad,Desktop,1,1,0,0,0,0,0.0,2024-03-13 17:15:00
6982,sess_06982,Referral,Mobile,1,1,0,0,0,0,0.0,2024-03-13 17:30:00
6983,sess_06983,Social Media,Tablet,1,1,0,0,0,0,0.0,2024-03-13 17:45:00
6984,sess_06984,Organic Search,Desktop,1,1,0,0,0,0,0.0,2024-03-13 18:00:00
6985,sess_06985,Paid Ad,Mobile,1,1,0,0,0,0,0.0,2024-03-13 18:15:00
6986,sess_06986,Referral,Tablet,1,1,0,0,0,0,0.0,2024-03-13 18:30:00
6987,sess_06987,Social Media,Desktop,1,1,0,0,0,0,0.0,2024-03-13 18:45:00
6988,sess_06988,Organic Search,Mobile,1,1,0,0,0,0,0.0,2024-03-13 19:00:00
6989,sess_06989,Paid Ad,Tablet,1,1,0,0,0,0,0.0,2024-03-13 19:15:00
6990,sess_06990,Referral,Desktop,1,1,0,0,0,0,0.0,2024-03-13 19:30:00
6991,sess_06991,Social Media,Mobile,1,1,0,0,0,0,0.0,2024-03-13 19:45:00
6992,sess_06992,Organic Search,Tablet,1,1,0,0,0,0,0.0,2024-03-13 20:00:00
6993,sess_06993,Paid Ad,Desktop,1,1,0,0,0,0,0.0,2024-03-13 20:15:00
6994,sess_06994,Referral,Mobile,1,1,0,0,0,0,0.0,2024-03-13 20:30:00
6995,sess_06995,Social Media,Tablet,1,1,0,0,0,0,0.0,2024-03-13 20:45:00
6996,sess_06996,Organic Search,Desktop,1,1,0,0,0,0,0.0,2024-03-13 21:00:00
6997,sess_06997,Paid Ad,Mobile,1,1,0,0,0,0,0.0,2024-03-13 21:15:00
6998,sess_06998,Referral,Tablet,1,1,0,0,0,0,0.0,2024-03-13 21:30:00
6999,sess_06999,Social Media,Desktop,1,1,0,0,0,0,0.0,2024-03-13 21:45:00
7000,sess_07000,Organic Search,Mobile,1,1,0,0,0,0,0.0,2024-03-13 22:00:00
7001,sess_07001,Paid Ad,Tablet,1,1,0,0,0,0,0.0,2024-03-13 22:15:00
7002,sess_07002,Referral,Desktop,1,1,0,0,0,0,0.0,2024-03-13 22:30:00
7003,sess_07003,Social Media,Mobile,1,1,0,0,0,0,0.0,2024-03-13 22:45:00
7004,sess_07004,Organic Search,Tablet,1,1,0,0,0,0,0.0,2024-03-13 23:00:00
7005,sess_07005,Paid Ad,Desktop,1,1,0,0,0,0,0.0,2024-03-13 23:15:00
7006,sess_07006,Referral,Mobile,1,1,0,0,0,0,0.0,2024-03-13 23:30:00
7007,sess_07007,Social Media,Tablet,1,1,0,0,0,0,0.0,2024-03-13 23:45:00
7008,sess_07008,Organic Search,Desktop,1,1,0,0,0,0,0.0,2024-03-14 00:00:00
7009,sess_07009,Paid Ad,Mobile,1,1,0,0,0,0,0.0,2024-03-14 00:15:00
7010,sess_07010,Referral,Tablet,1,1,0,0,0,0,0.0,2024-03-14 00:30:00
7011,sess_07011,Social Media,Desktop,1,1,0,0,0,0,0.0,2024-03-14 00:45:00
7012,sess_07012,Organic Search,Mobile,1,1,0,0,0,0,0.0,2024-03-14 01:00:00
7013,sess_07013,Paid Ad,Tablet,1,1,0,0,0,0,0.0,2024-03-14 01:15:00
7014,sess_07014,Referral,Desktop,1,1,0,0,0,0,0.0,2024-03-14 01:30:00
7015,sess_07015,Social Media,Mobile,1,1,0,0,0,0,0.0,2024-03-14 01:45:00
7016,sess_07016,Organic Search,Tablet,1,1,0,0,0,0,0.0,2024-03-14 02:00:00
7017,sess_07017,Paid Ad,Desktop,1,1,0,0,0,0,0.0,2024-03-14 02:15:00
7018,sess_07018,Referral,Mobile,1,1,0,0,0,0,0.0,2024-03-14 02:30:00
7019,sess_07019,Social Media,Tablet,1,1,0,0,0,0,0.0,2024-03-14 02:45:00
7020,sess_07020,Organic Search,Desktop,1,1,0,0,0,0,0.0,2024-03-14 03:00:00
7021,sess_07021,Paid Ad,Mobile,1,1,0,0,0,0,0.0,2024-03-14 03:15:00
7022,sess_07022,Referral,Tablet,1,1,0,0,0,0,0.0,2024-03-14 03:30:00
7023,sess_07023,Social Media,Desktop,1,1,0,0,0,0,0.0,2024-03-14 03:45:00
7024,sess_07024,Organic Search,Mobile,1,1,0,0,0,0,0.0,2024-03-14 04:00:00
7025,sess_07025,Paid Ad,Tablet,1,1,0,0,0,0,0.0,2024-03-14 04:15:00
7026,sess_07026,Referral,Desktop,1,1,0,0,0,0,0.0,2024-03-14 04:30:00
7027,sess_07027,Social Media,Mobile,1,1,0,0,0,0,0.0,2024-03-14 04:45:00
7028,sess_07028,Organic Search,Tablet,1,1,0,0,0,0,0.0,2024-03-14 05:00:00
7029,sess_07029,Paid Ad,Desktop,1,1,0,0,0,0,0.0,2024-03-14 05:15:00
7030,sess_07030,Referral,Mobile,1,1,0,0,0,0,0.0,2024-03-14 05:30:00
7031,sess_07031,Social Media,Tablet,1,1,0,0,0,0,0.0,2024-03-14 05:45:00
7032,sess_07032,Organic Search,Desktop,1,1,0,0,0,0,0.0,2024-03-14 06:00:00
7033,sess_07033,Paid Ad,Mobile,1,1,0,0,0,0,0.0,2024-03-14 06:15:00
7034,sess_07034,Referral,Tablet,1,1,0,0,0,0,0.0,2024-03-14 06:30:00
7035,sess_07035,Social Media,Desktop,1,1,0,0,0,0,0.0,2024-03-14 06:45:00
7036,sess_07036,Organic Search,Mobile,1,1,0,0,0,0,0.0,2024-03-14 07:00:00
7037,sess_07037,Paid Ad,Tablet,1,1,0,0,0,0,0.0,2024-03-14 07:15:00
7038,sess_07038,Referral,Desktop,1,1,0,0,0,0,0.0,2024-03-14 07:30:00
7039,sess_07039,Social Media,Mobile,1,1,0,0,0,0,0.0,2024-03-14 07:45:00
7040,sess_07040,Organic Search,Tablet,1,1,0,0,0,0,0.0,2024-03-14 08:00:00
7041,sess_07041,Paid Ad,Desktop,1,1,0,0,0,0,0.0,2024-03-14 08:15:00
7042,sess_07042,Referral,Mobile,1,1,0,0,0,0,0.0,2024-03-14 08:30:00
7043,sess_07043,Social Media,Tablet,1,1,0,0,0,0,0.0,2024-03-14 08:45:00
7044,sess_07044,Organic Search,Desktop,1,1,0,0,0,0,0.0,2024-03-14 09:00:00
7045,sess_07045,Paid Ad,Mobile,1,1,0,0,0,0,0.0,2024-03-14 09:15:00
7046,sess_07046,Referral,Tablet,1,1,0,0,0,0,0.0,2024-03-14 09:30:00
7047,sess_07047,Social Media,Desktop,1,1,0,0,0,0,0.0,2024-03-14 09:45:00
7048,sess_07048,Organic Search,Mobile,1,1,0,0,0,0,0.0,2024-03-14 10:00:00
7049,sess_07049,Paid Ad,Tablet,1,1,0,0,0,0,0.0,2024-03-14 10:15:00
7050,sess_07050,Referral,Desktop,1,1,0,0,0,0,0.0,2024-03-14 10:30:00
7051,sess_07051,Social Media,Mobile,1,1,0,0,0,0,0.0,2024-03-14 10:45:00
7052,sess_07052,Organic Search,Tablet,1,1,0,0,0,0,0.0,2024-03-14 11:00:00
7053,sess_07053,Paid Ad,Desktop,1,1,0,0,0,0,0.0,2024-03-14 11:15:00
7054,sess_07054,Referral,Mobile,1,1,0,0,0,0,0.0,2024-03-14 11:30:00
7055,sess_07055,Social Media,Tablet,1,1,0,0,0,0,0.0,2024-03-14 11:45:00
7056,sess_07056,Organic Search,Desktop,1,1,0,0,0,0,0.0,2024-03-14 12:00:00
7057,sess_07057,Paid Ad,Mobile,1,1,0,0,0,0,0.0,2024-03-14 12:15:00
7058,sess_07058,Referral,Tablet,1,1,0,0,0,0,0.0,2024-03-14 12:30:00
7059,sess_07059,Social Media,Desktop,1,1,0,0,0,0,0.0,2024-03-14 12:45:00
7060,sess_07060,Organic Search,Mobile,1,1,0,0,0,0,0.0,2024-03-14 13:00:00
7061,sess_07061,Paid Ad,Tablet,1,1,0,0,0,0,0.0,2024-03-14 13:15:00
7062,sess_07062,Referral,Desktop,1,1,0,0,0,0,0.0,2024-03-14 13:30:00
7063,sess_07063,Social Media,Mobile,1,1,0,0,0,0,0.0,2024-03-14 13:45:00
7064,sess_07064,Organic Search,Tablet,1,1,0,0,0,0,0.0,2024-03-14 14:00:00
7065,sess_07065,Paid Ad,Desktop,1,1,0,0,0,0,0.0,2024-03-14 14:15:00
7066,sess_07066,Referral,Mobile,1,1,0,0,0,0,0.0,2024-03-14 14:30:00
7067,sess_07067,Social Media,Tablet,1,1,0,0,0,0,0.0,2024-03-14 14:45:00
7068,sess_07068,Organic Search,Desktop,1,1,0,0,0,0,0.0,2024-03-14 15:00:00
7069,sess_07069,Paid Ad,Mobile,1,1,0,0,0,0,0.0,2024-03-14 15:15:00
7070,sess_07070,Referral,Tablet,1,1,0,0,0,0,0.0,2024-03-14 15:30:00
7071,sess_07071,Social Media,Desktop,1,1,0,0,0,0,0.0,2024-03-14 15:45:00
7072,sess_07072,Organic Search,Mobile,1,1,0,0,0,0,0.0,2024-03-14 16:00:00
7073,sess_07073,Paid Ad,Tablet,1,1,0,0,0,0,0.0,2024-03-14 16:15:00
7074,sess_07074,Referral,Desktop,1,1,0,0,0,0,0.0,2024-03-14 16:30:00
7075,sess_07075,Social Media,Mobile,1,1,0,0,0,0,0.0,2024-03-14 16:45:00
7076,sess_07076,Organic Search,Tablet,1,1,0,0,0,0,0.0,2024-03-14 17:00:00
7077,sess_07077,Paid Ad,Desktop,1,1,0,0,0,0,0.0,2024-03-14 17:15:00
7078,sess_07078,Referral,Mobile,1,1,0,0,0,0,0.0,2024-03-14 17:30:00
7079,sess_07079,Social Media,Tablet,1,1,0,0,0,0,0.0,2024-03-14 17:45:00
7080,sess_07080,Organic Search,Desktop,1,1,0,0,0,0,0.0,2024-03-14 18:00:00
7081,sess_07081,Paid Ad,Mobile,1,1,0,0,0,0,0.0,2024-03-14 18:15:00
7082,sess_07082,Referral,Tablet,1,1,0,0,0,0,0.0,2024-03-14 18:30:00
7083,sess_07083,Social Media,Desktop,1,1,0,0,0,0,0.0,2024-03-14 18:45:00
7084,sess_07084,Organic Search,Mobile,1,1,0,0,0,0,0.0,2024-03-14 19:00:00
7085,sess_07085,Paid Ad,Tablet,1,1,0,0,0,0,0.0,2024-03-14 19:15:00
7086,sess_07086,Referral,Desktop,1,1,0,0,0,0,0.0,2024-03-14 19:30:00
7087,sess_07087,Social Media,Mobile,1,1,0,0,0,0,0.0,2024-03-14 19:45:00
7088,sess_07088,Organic Search,Tablet,1,1,0,0,0,0,0.0,2024-03-14 20:00:00
7089,sess_07089,Paid Ad,Desktop,1,1,0,0,0,0,0.0,2024-03-14 20:15:00
7090,sess_07090,Referral,Mobile,1,1,0,0,0,0,0.0,2024-03-14 20:30:00
7091,sess_07091,Social Media,Tablet,1,1,0,0,0,0,0.0,2024-03-14 20:45:00
7092,sess_07092,Organic Search,Desktop,1,1,0,0,0,0,0.0,2024-03-14 21:00:00
7093,sess_07093,Paid Ad,Mobile,1,1,0,0,0,0,0.0,2024-03-14 21:15:00
7094,sess_07094,Referral,Tablet,1,1,0,0,0,0,0.0,2024-03-14 21:30:00
7095,sess_07095,Social Media,Desktop,1,1,0,0,0,0,0.0,2024-03-14 21:45:00
7096,sess_07096,Organic Search,Mobile,1,1,0,0,0,0,0.0,2024-03-14 22:00:00
7097,sess_07097,Paid Ad,Tablet,1,1,0,0,0,0,0.0,2024-03-14 22:15:00
7098,sess_07098,Referral,Desktop,1,1,0,0,0,0,0.0,2024-03-14 22:30:00
7099,sess_07099,Social Media,Mobile,1,1,0,0,0,0,0.0,2024-03-14 22:45:00
7100,sess_07100,Organic Search,Tablet,1,1,0,0,0,0,0.0,2024-03-14 23:00:00
7101,sess_07101,Paid Ad,Desktop,1,1,0,0,0,0,0.0,2024-03-14 23:15:00
7102,sess_07102,Referral,Mobile,1,1,0,0,0,0,0.0,2024-03-14 23:30:00
7103,sess_07103,Social Media,Tablet,1,1,0,0,0,0,0.0,2024-03-14 23:45:00
7104,sess_07104,Organic Search,Desktop,1,1,0,0,0,0,0.0,2024-03-15 00:00:00
7105,sess_07105,Paid Ad,Mobile,1,1,0,0,0,0,0.0,2024-03-15 00:15:00
7106,sess_07106,Referral,Tablet,1,1,0,0,0,0,0.0,2024-03-15 00:30:00
7107,sess_07107,Social Media,Desktop,1,1,0,0,0,0,0.0,2024-03-15 00:45:00
7108,sess_07108,Organic Search,Mobile,1,1,0,0,0,0,0.0,2024-03-15 01:00:00
7109,sess_07109,Paid Ad,Tablet,1,1,0,0,0,0,0.0,2024-03-15 01:15:00
7110,sess_07110,Referral,Desktop,1,1,0,0,0,0,0.0,2024-03-15 01:30:00
7111,sess_07111,Social Media,Mobile,1,1,0,0,0,0,0.0,2024-03-15 01:45:00
7112,sess_07112,Organic Search,Tablet,1,1,0,0,0,0,0.0,2024-03-15 02:00:00
7113,sess_07113,Paid Ad,Desktop,1,1,0,0,0,0,0.0,2024-03-15 02:15:00
7114,sess_07114,Referral,Mobile,1,1,0,0,0,0,0.0,2024-03-15 02:30:00
7115,sess_07115,Social Media,Tablet,1,1,0,0,0,0,0.0,2024-03-15 02:45:00
7116,sess_07116,Organic Search,Desktop,1,1,0,0,0,0,0.0,2024-03-15 03:00:00
7117,sess_07117,Paid Ad,Mobile,1,1,0,0,0,0,0.0,2024-03-15 03:15:00
7118,sess_07118,Referral,Tablet,1,1,0,0,0,0,0.0,2024-03-15 03:30:00
7119,sess_07119,Social Media,Desktop,1,1,0,0,0,0,0.0,2024-03-15 03:45:00
7120,sess_07120,Organic Search,Mobile,1,1,0,0,0,0,0.0,2024-03-15 04:00:00
7121,sess_07121,Paid Ad,Tablet,1,1,0,0,0,0,0.0,2024-03-15 04:15:00
7122,sess_07122,Referral,Desktop,1,1,0,0,0,0,0.0,2024-03-15 04:30:00
7123,sess_07123,Social Media,Mobile,1,1,0,0,0,0,0.0,2024-03-15 04:45:00
7124,sess_07124,Organic Search,Tablet,1,1,0,0,0,0,0.0,2024-03-15 05:00:00
7125,sess_07125,Paid Ad,Desktop,1,1,0,0,0,0,0.0,2024-03-15 05:15:00
7126,sess_07126,Referral,Mobile,1,1,0,0,0,0,0.0,2024-03-15 05:30:00
7127,sess_07127,Social Media,Tablet,1,1,0,0,0,0,0.0,2024-03-15 05:45:00
7128,sess_07128,Organic Search,Desktop,1,1,0,0,0,0,0.0,2024-03-15 06:00:00
7129,sess_07129,Paid Ad,Mobile,1,1,0,0,0,0,0.0,2024-03-15 06:15:00
7130,sess_07130,Referral,Tablet,1,1,0,0,0,0,0.0,2024-03-15 06:30:00
7131,sess_07131,Social Media,Desktop,1,1,0,0,0,0,0.0,2024-03-15 06:45:00
7132,sess_07132,Organic Search,Mobile,1,1,0,0,0,0,0.0,2024-03-15 07:00:00
7133,sess_07133,Paid Ad,Tablet,1,1,0,0,0,0,0.0,2024-03-15 07:15:00
7134,sess_07134,Referral,Desktop,1,1,0,0,0,0,0.0,2024-03-15 07:30:00
7135,sess_07135,Social Media,Mobile,1,1,0,0,0,0,0.0,2024-03-15 07:45:00
7136,sess_07136,Organic Search,Tablet,1,1,0,0,0,0,0.0,2024-03-15 08:00:00
7137,sess_07137,Paid Ad,Desktop,1,1,0,0,0,0,0.0,2024-03-15 08:15:00
7138,sess_07138,Referral,Mobile,1,1,0,0,0,0,0.0,2024-03-15 08:30:00
7139,sess_07139,Social Media,Tablet,1,1,0,0,0,0,0.0,2024-03-15 08:45:00
7140,sess_07140,Organic Search,Desktop,1,1,0,0,0,0,0.0,2024-03-15 09:00:00
7141,sess_07141,Paid Ad,Mobile,1,1,0,0,0,0,0.0,2024-03-15 09:15:00
7142,sess_07142,Referral,Tablet,1,1,0,0,0,0,0.0,2024-03-15 09:30:00
7143,sess_07143,Social Media,Desktop,1,1,0,0,0,0,0.0,2024-03-15 09:45:00
7144,sess_07144,Organic Search,Mobile,1,1,0,0,0,0,0.0,2024-03-15 10:00:00
7145,sess_07145,Paid Ad,Tablet,1,1,0,0,0,0,0.0,2024-03-15 10:15:00
7146,sess_07146,Referral,Desktop,1,1,0,0,0,0,0.0,2024-03-15 10:30:00
7147,sess_07147,Social Media,Mobile,1,1,0,0,0,0,0.0,2024-03-15 10:45:00
7148,sess_07148,Organic Search,Tablet,1,1,0,0,0,0,0.0,2024-03-15 11:00:00
7149,sess_07149,Paid Ad,Desktop,1,1,0,0,0,0,0.0,2024-03-15 11:15:00
7150,sess_07150,Referral,Mobile,1,1,0,0,0,0,0.0,2024-03-15 11:30:00
7151,sess_07151,Social Media,Tablet,1,1,0,0,0,0,0.0,2024-03-15 11:45:00
7152,sess_07152,Organic Search,Desktop,1,1,0,0,0,0,0.0,2024-03-15 12:00:00
7153,sess_07153,Paid Ad,Mobile,1,1,0,0,0,0,0.0,2024-03-15 12:15:00
7154,sess_07154,Referral,Tablet,1,1,0,0,0,0,0.0,2024-03-15 12:30:00
7155,sess_07155,Social Media,Desktop,1,1,0,0,0,0,0.0,2024-03-15 12:45:00
7156,sess_07156,Organic Search,Mobile,1,1,0,0,0,0,0.0,2024-03-15 13:00:00
7157,sess_07157,Paid Ad,Tablet,1,1,0,0,0,0,0.0,2024-03-15 13:15:00
7158,sess_07158,Referral,Desktop,1,1,0,0,0,0,0.0,2024-03-15 13:30:00
7159,sess_07159,Social Media,Mobile,1,1,0,0,0,0,0.0,2024-03-15 13:45:00
7160,sess_07160,Organic Search,Tablet,1,1,0,0,0,0,0.0,2024-03-15 14:00:00
7161,sess_07161,Paid Ad,Desktop,1,1,0,0,0,0,0.0,2024-03-15 14:15:00
7162,sess_07162,Referral,Mobile,1,1,0,0,0,0,0.0,2024-03-15 14:30:00
7163,sess_07163,Social Media,Tablet,1,1,0,0,0,0,0.0,2024-03-15 14:45:00
7164,sess_07164,Organic Search,Desktop,1,1,0,0,0,0,0.0,2024-03-15 15:00:00
7165,sess_07165,Paid Ad,Mobile,1,1,0,0,0,0,0.0,2024-03-15 15:15:00
7166,sess_07166,Referral,Tablet,1,1,0,0,0,0,0.0,2024-03-15 15:30:00
7167,sess_07167,Social Media,Desktop,1,1,0,0,0,0,0.0,2024-03-15 15:45:00
7168,sess_07168,Organic Search,Mobile,1,1,0,0,0,0,0.0,2024-03-15 16:00:00
7169,sess_07169,Paid Ad,Tablet,1,1,0,0,0,0,0.0,2024-03-15 16:15:00
7170,sess_07170,Referral,Desktop,1,1,0,0,0,0,0.0,2024-03-15 16:30:00
7171,sess_07171,Social Media,Mobile,1,1,0,0,0,0,0.0,2024-03-15 16:45:00
7172,sess_07172,Organic Search,Tablet,1,1,0,0,0,0,0.0,2024-03-15 17:00:00
7173,sess_07173,Paid Ad,Desktop,1,1,0,0,0,0,0.0,2024-03-15 17:15:00
7174,sess_07174,Referral,Mobile,1,1,0,0,0,0,0.0,2024-03-15 17:30:00
7175,sess_07175,Social Media,Tablet,1,1,0,0,0,0,0.0,2024-03-15 17:45:00
7176,sess_07176,Organic Search,Desktop,1,1,0,0,0,0,0.0,2024-03-15 18:00:00
7177,sess_07177,Paid Ad,Mobile,1,1,0,0,0,0,0.0,2024-03-15 18:15:00
7178,sess_07178,Referral,Tablet,1,1,0,0,0,0,0.0,2024-03-15 18:30:00
7179,sess_07179,Social Media,Desktop,1,1,0,0,0,0,0.0,2024-03-15 18:45:00
7180,sess_07180,Organic Search,Mobile,1,1,0,0,0,0,0.0,2024-03-15 19:00:00
7181,sess_07181,Paid Ad,Tablet,1,1,0,0,0,0,0.0,2024-03-15 19:15:00
7182,sess_07182,Referral,Desktop,1,1,0,0,0,0,0.0,2024-03-15 19:30:00
7183,sess_07183,Social Media,Mobile,1,1,0,0,0,0,0.0,2024-03-15 19:45:00
7184,sess_07184,Organic Search,Tablet,1,1,0,0,0,0,0.0,2024-03-15 20:00:00
7185,sess_07185,Paid Ad,Desktop,1,1,0,0,0,0,0.0,2024-03-15 20:15:00
7186,sess_07186,Referral,Mobile,1,1,0,0,0,0,0.0,2024-03-15 20:30:00
7187,sess_07187,Social Media,Tablet,1,1,0,0,0,0,0.0,2024-03-15 20:45:00
7188,sess_07188,Organic Search,Desktop,1,1,0,0,0,0,0.0,2024-03-15 21:00:00
7189,sess_07189,Paid Ad,Mobile,1,1,0,0,0,0,0.0,2024-03-15 21:15:00
7190,sess_07190,Referral,Tablet,1,1,0,0,0,0,0.0,2024-03-15 21:30:00
7191,sess_07191,Social Media,Desktop,1,1,0,0,0,0,0.0,2024-03-15 21:45:00
7192,sess_07192,Organic Search,Mobile,1,1,0,0,0,0,0.0,2024-03-15 22:00:00
7193,sess_07193,Paid Ad,Tablet,1,1,0,0,0,0,0.0,2024-03-15 22:15:00
7194,sess_07194,Referral,Desktop,1,1,0,0,0,0,0.0,2024-03-15 22:30:00
7195,sess_07195,Social Media,Mobile,1,1,0,0,0,0,0.0,2024-03-15 22:45:00
7196,sess_07196,Organic Search,Tablet,1,1,0,0,0,0,0.0,2024-03-15 23:00:00
7197,sess_07197,Paid Ad,Desktop,1,1,0,0,0,0,0.0,2024-03-15 23:15:00
7198,sess_07198,Referral,Mobile,1,1,0,0,0,0,0.0,2024-03-15 23:30:00
7199,sess_07199,Social Media,Tablet,1,1,0,0,0,0,0.0,2024-03-15 23:45:00
7200,sess_07200,Organic Search,Desktop,1,1,0,0,0,0,0.0,2024-03-16 00:00:00
7201,sess_07201,Paid Ad,Mobile,1,1,0,0,0,0,0.0,2024-03-16 00:15:00
7202,sess_07202,Referral,Tablet,1,1,0,0,0,0,0.0,2024-03-16 00:30:00
7203,sess_07203,Social Media,Desktop,1,1,0,0,0,0,0.0,2024-03-16 00:45:00
7204,sess_07204,Organic Search,Mobile,1,1,0,0,0,0,0.0,2024-03-16 01:00:00
7205,sess_07205,Paid Ad,Tablet,1,1,0,0,0,0,0.0,2024-03-16 01:15:00
7206,sess_07206,Referral,Desktop,1,1,0,0,0,0,0.0,2024-03-16 01:30:00
7207,sess_07207,Social Media,Mobile,1,1,0,0,0,0,0.0,2024-03-16 01:45:00
7208,sess_07208,Organic Search,Tablet,1,1,0,0,0,0,0.0,2024-03-16 02:00:00
7209,sess_07209,Paid Ad,Desktop,1,1,0,0,0,0,0.0,2024-03-16 02:15:00
7210,sess_07210,Referral,Mobile,1,1,0,0,0,0,0.0,2024-03-16 02:30:00
7211,sess_07211,Social Media,Tablet,1,1,0,0,0,0,0.0,2024-03-16 02:45:00
7212,sess_07212,Organic Search,Desktop,1,1,0,0,0,0,0.0,2024-03-16 03:00:00
7213,sess_07213,Paid Ad,Mobile,1,1,0,0,0,0,0.0,2024-03-16 03:15:00
7214,sess_07214,Referral,Tablet,1,1,0,0,0,0,0.0,2024-03-16 03:30:00
7215,sess_07215,Social Media,Desktop,1,1,0,0,0,0,0.0,2024-03-16 03:45:00
7216,sess_07216,Organic Search,Mobile,1,1,0,0,0,0,0.0,2024-03-16 04:00:00
7217,sess_07217,Paid Ad,Tablet,1,1,0,0,0,0,0.0,2024-03-16 04:15:00
7218,sess_07218,Referral,Desktop,1,1,0,0,0,0,0.0,2024-03-16 04:30:00
7219,sess_07219,Social Media,Mobile,1,1,0,0,0,0,0.0,2024-03-16 04:45:00
7220,sess_07220,Organic Search,Tablet,1,1,0,0,0,0,0.0,2024-03-16 05:00:00
7221,sess_07221,Paid Ad,Desktop,1,1,0,0,0,0,0.0,2024-03-16 05:15:00
7222,sess_07222,Referral,Mobile,1,1,0,0,0,0,0.0,2024-03-16 05:30:00
7223,sess_07223,Social Media,Tablet,1,1,0,0,0,0,0.0,2024-03-16 05:45:00
7224,sess_07224,Organic Search,Desktop,1,1,0,0,0,0,0.0,2024-03-16 06:00:00
7225,sess_07225,Paid Ad,Mobile,1,1,0,0,0,0,0.0,2024-03-16 06:15:00
7226,sess_07226,Referral,Tablet,1,1,0,0,0,0,0.0,2024-03-16 06:30:00
7227,sess_07227,Social Media,Desktop,1,1,0,0,0,0,0.0,2024-03-16 06:45:00
7228,sess_07228,Organic Search,Mobile,1,1,0,0,0,0,0.0,2024-03-16 07:00:00
7229,sess_07229,Paid Ad,Tablet,1,1,0,0,0,0,0.0,2024-03-16 07:15:00
7230,sess_07230,Referral,Desktop,1,1,0,0,0,0,0.0,2024-03-16 07:30:00
7231,sess_07231,Social Media,Mobile,1,1,0,0,0,0,0.0,2024-03-16 07:45:00
7232,sess_07232,Organic Search,Tablet,1,1,0,0,0,0,0.0,2024-03-16 08:00:00
7233,sess_07233,Paid Ad,Desktop,1,1,0,0,0,0,0.0,2024-03-16 08:15:00
7234,sess_07234,Referral,Mobile,1,1,0,0,0,0,0.0,2024-03-16 08:30:00
7235,sess_07235,Social Media,Tablet,1,1,0,0,0,0,0.0,2024-03-16 08:45:00
7236,sess_07236,Organic Search,Desktop,1,1,0,0,0,0,0.0,2024-03-16 09:00:00
7237,sess_07237,Paid Ad,Mobile,1,1,0,0,0,0,0.0,2024-03-16 09:15:00
7238,sess_07238,Referral,Tablet,1,1,0,0,0,0,0.0,2024-03-16 09:30:00
7239,sess_07239,Social Media,Desktop,1,1,0,0,0,0,0.0,2024-03-16 09:45:00
7240,sess_07240,Organic Search,Mobile,1,1,0,0,0,0,0.0,2024-03-16 10:00:00
7241,sess_07241,Paid Ad,Tablet,1,1,0,0,0,0,0.0,2024-03-16 10:15:00
7242,sess_07242,Referral,Desktop,1,1,0,0,0,0,0.0,2024-03-16 10:30:00
7243,sess_07243,Social Media,Mobile,1,1,0,0,0,0,0.0,2024-03-16 10:45:00
7244,sess_07244,Organic Search,Tablet,1,1,0,0,0,0,0.0,2024-03-16 11:00:00
7245,sess_07245,Paid Ad,Desktop,1,1,0,0,0,0,0.0,2024-03-16 11:15:00
7246,sess_07246,Referral,Mobile,1,1,0,0,0,0,0.0,2024-03-16 11:30:00
7247,sess_07247,Social Media,Tablet,1,1,0,0,0,0,0.0,2024-03-16 11:45:00
7248,sess_07248,Organic Search,Desktop,1,1,0,0,0,0,0.0,2024-03-16 12:00:00
7249,sess_07249,Paid Ad,Mobile,1,1,0,0,0,0,0.0,2024-03-16 12:15:00
7250,sess_07250,Referral,Tablet,1,1,0,0,0,0,0.0,2024-03-16 12:30:00
7251,sess_07251,Social Media,Desktop,1,1,0,0,0,0,0.0,2024-03-16 12:45:00
7252,sess_07252,Organic Search,Mobile,1,1,0,0,0,0,0.0,2024-03-16 13:00:00
7253,sess_07253,Paid Ad,Tablet,1,1,0,0,0,0,0.0,2024-03-16 13:15:00
7254,sess_07254,Referral,Desktop,1,1,0,0,0,0,0.0,2024-03-16 13:30:00
7255,sess_07255,Social Media,Mobile,1,1,0,0,0,0,0.0,2024-03-16 13:45:00
7256,sess_07256,Organic Search,Tablet,1,1,0,0,0,0,0.0,2024-03-16 14:00:00
7257,sess_07257,Paid Ad,Desktop,1,1,0,0,0,0,0.0,2024-03-16 14:15:00
7258,sess_07258,Referral,Mobile,1,1,0,0,0,0,0.0,2024-03-16 14:30:00
7259,sess_07259,Social Media,Tablet,1,1,0,0,0,0,0.0,2024-03-16 14:45:00
7260,sess_07260,Organic Search,Desktop,1,1,0,0,0,0,0.0,2024-03-16 15:00:00
7261,sess_07261,Paid Ad,Mobile,1,1,0,0,0,0,0.0,2024-03-16 15:15:00
7262,sess_07262,Referral,Tablet,1,1,0,0,0,0,0.0,2024-03-16 15:30:00
7263,sess_07263,Social Media,Desktop,1,1,0,0,0,0,0.0,2024-03-16 15:45:00
7264,sess_07264,Organic Search,Mobile,1,1,0,0,0,0,0.0,2024-03-16 16:00:00
7265,sess_07265,Paid Ad,Tablet,1,1,0,0,0,0,0.0,2024-03-16 16:15:00
7266,sess_07266,Referral,Desktop,1,1,0,0,0,0,0.0,2024-03-16 16:30:00
7267,sess_07267,Social Media,Mobile,1,1,0,0,0,0,0.0,2024-03-16 16:45:00
7268,sess_07268,Organic Search,Tablet,1,1,0,0,0,0,0.0,2024-03-16 17:00:00
7269,sess_07269,Paid Ad,Desktop,1,1,0,0,0,0,0.0,2024-03-16 17:15:00
7270,sess_07270,Referral,Mobile,1,1,0,0,0,0,0.0,2024-03-16 17:30:00
7271,sess_07271,Social Media,Tablet,1,1,0,0,0,0,0.0,2024-03-16 17:45:00
7272,sess_07272,Organic Search,Desktop,1,1,0,0,0,0,0.0,2024-03-16 18:00:00
7273,sess_07273,Paid Ad,Mobile,1,1,0,0,0,0,0.0,2024-03-16 18:15:00
7274,sess_07274,Referral,Tablet,1,1,0,0,0,0,0.0,2024-03-16 18:30:00
7275,sess_07275,Social Media,Desktop,1,1,0,0,0,0,0.0,2024-03-16 18:45:00
7276,sess_07276,Organic Search,Mobile,1,1,0,0,0,0,0.0,2024-03-16 19:00:00
7277,sess_07277,Paid Ad,Tablet,1,1,0,0,0,0,0.0,2024-03-16 19:15:00
7278,sess_07278,Referral,Desktop,1,1,0,0,0,0,0.0,2024-03-16 19:30:00
7279,sess_07279,Social Media,Mobile,1,1,0,0,0,0,0.0,2024-03-16 19:45:00
7280,sess_07280,Organic Search,Tablet,1,1,0,0,0,0,0.0,2024-03-16 20:00:00
7281,sess_07281,Paid Ad,Desktop,1,1,0,0,0,0,0.0,2024-03-16 20:15:00
7282,sess_07282,Referral,Mobile,1,1,0,0,0,0,0.0,2024-03-16 20:30:00
7283,sess_07283,Social Media,Tablet,1,1,0,0,0,0,0.0,2024-03-16 20:45:00
7284,sess_07284,Organic Search,Desktop,1,1,0,0,0,0,0.0,2024-03-16 21:00:00
7285,sess_07285,Paid Ad,Mobile,1,1,0,0,0,0,0.0,2024-03-16 21:15:00
7286,sess_07286,Referral,Tablet,1,1,0,0,0,0,0.0,2024-03-16 21:30:00
7287,sess_07287,Social Media,Desktop,1,1,0,0,0,0,0.0,2024-03-16 21:45:00
7288,sess_07288,Organic Search,Mobile,1,1,0,0,0,0,0.0,2024-03-16 22:00:00
7289,sess_07289,Paid Ad,Tablet,1,1,0,0,0,0,0.0,2024-03-16 22:15:00
7290,sess_07290,Referral,Desktop,1,1,0,0,0,0,0.0,2024-03-16 22:30:00
7291,sess_07291,Social Media,Mobile,1,1,0,0,0,0,0.0,2024-03-16 22:45:00
7292,sess_07292,Organic Search,Tablet,1,1,0,0,0,0,0.0,2024-03-16 23:00:00
7293,sess_07293,Paid Ad,Desktop,1,1,0,0,0,0,0.0,2024-03-16 23:15:00
7294,sess_07294,Referral,Mobile,1,1,0,0,0,0,0.0,2024-03-16 23:30:00
7295,sess_07295,Social Media,Tablet,1,1,0,0,0,0,0.0,2024-03-16 23:45:00
7296,sess_07296,Organic Search,Desktop,1,1,0,0,0,0,0.0,2024-03-17 00:00:00
7297,sess_07297,Paid Ad,Mobile,1,1,0,0,0,0,0.0,2024-03-17 00:15:00
7298,sess_07298,Referral,Tablet,1,1,0,0,0,0,0.0,2024-03-17 00:30:00
7299,sess_07299,Social Media,Desktop,1,1,0,0,0,0,0.0,2024-03-17 00:45:00
7300,sess_07300,Organic Search,Mobile,1,1,0,0,0,0,0.0,2024-03-17 01:00:00
7301,sess_07301,Paid Ad,Tablet,1,1,0,0,0,0,0.0,2024-03-17 01:15:00
7302,sess_07302,Referral,Desktop,1,1,0,0,0,0,0.0,2024-03-17 01:30:00
7303,sess_07303,Social Media,Mobile,1,1,0,0,0,0,0.0,2024-03-17 01:45:00
7304,sess_07304,Organic Search,Tablet,1,1,0,0,0,0,0.0,2024-03-17 02:00:00
7305,sess_07305,Paid Ad,Desktop,1,1,0,0,0,0,0.0,2024-03-17 02:15:00
7306,sess_07306,Referral,Mobile,1,1,0,0,0,0,0.0,2024-03-17 02:30:00
7307,sess_07307,Social Media,Tablet,1,1,0,0,0,0,0.0,2024-03-17 02:45:00
7308,sess_07308,Organic Search,Desktop,1,1,0,0,0,0,0.0,2024-03-17 03:00:00
7309,sess_07309,Paid Ad,Mobile,1,1,0,0,0,0,0.0,2024-03-17 03:15:00
7310,sess_07310,Referral,Tablet,1,1,0,0,0,0,0.0,2024-03-17 03:30:00
7311,sess_07311,Social Media,Desktop,1,1,0,0,0,0,0.0,2024-03-17 03:45:00
7312,sess_07312,Organic Search,Mobile,1,1,0,0,0,0,0.0,2024-03-17 04:00:00
7313,sess_07313,Paid Ad,Tablet,1,1,0,0,0,0,0.0,2024-03-17 04:15:00
7314,sess_07314,Referral,Desktop,1,1,0,0,0,0,0.0,2024-03-17 04:30:00
7315,sess_07315,Social Media,Mobile,1,1,0,0,0,0,0.0,2024-03-17 04:45:00
7316,sess_07316,Organic Search,Tablet,1,1,0,0,0,0,0.0,2024-03-17 05:00:00
7317,sess_07317,Paid Ad,Desktop,1,1,0,0,0,0,0.0,2024-03-17 05:15:00
7318,sess_07318,Referral,Mobile,1,1,0,0,0,0,0.0,2024-03-17 05:30:00
7319,sess_07319,Social Media,Tablet,1,1,0,0,0,0,0.0,2024-03-17 05:45:00
7320,sess_07320,Organic Search,Desktop,1,1,0,0,0,0,0.0,2024-03-17 06:00:00
7321,sess_07321,Paid Ad,Mobile,1,1,0,0,0,0,0.0,2024-03-17 06:15:00
7322,sess_07322,Referral,Tablet,1,1,0,0,0,0,0.0,2024-03-17 06:30:00
7323,sess_07323,Social Media,Desktop,1,1,0,0,0,0,0.0,2024-03-17 06:45:00
7324,sess_07324,Organic Search,Mobile,1,1,0,0,0,0,0.0,2024-03-17 07:00:00
7325,sess_07325,Paid Ad,Tablet,1,1,0,0,0,0,0.0,2024-03-17 07:15:00
7326,sess_07326,Referral,Desktop,1,1,0,0,0,0,0.0,2024-03-17 07:30:00
7327,sess_07327,Social Media,Mobile,1,1,0,0,0,0,0.0,2024-03-17 07:45:00
7328,sess_07328,Organic Search,Tablet,1,1,0,0,0,0,0.0,2024-03-17 08:00:00
7329,sess_07329,Paid Ad,Desktop,1,1,0,0,0,0,0.0,2024-03-17 08:15:00
7330,sess_07330,Referral,Mobile,1,1,0,0,0,0,0.0,2024-03-17 08:30:00
7331,sess_07331,Social Media,Tablet,1,1,0,0,0,0,0.0,2024-03-17 08:45:00
7332,sess_07332,Organic Search,Desktop,1,1,0,0,0,0,0.0,2024-03-17 09:00:00
7333,sess_07333,Paid Ad,Mobile,1,1,0,0,0,0,0.0,2024-03-17 09:15:00
7334,sess_07334,Referral,Tablet,1,1,0,0,0,0,0.0,2024-03-17 09:30:00
7335,sess_07335,Social Media,Desktop,1,1,0,0,0,0,0.0,2024-03-17 09:45:00
7336,sess_07336,Organic Search,Mobile,1,1,0,0,0,0,0.0,2024-03-17 10:00:00
7337,sess_07337,Paid Ad,Tablet,1,1,0,0,0,0,0.0,2024-03-17 10:15:00
7338,sess_07338,Referral,Desktop,1,1,0,0,0,0,0.0,2024-03-17 10:30:00
7339,sess_07339,Social Media,Mobile,1,1,0,0,0,0,0.0,2024-03-17 10:45:00
7340,sess_07340,Organic Search,Tablet,1,1,0,0,0,0,0.0,2024-03-17 11:00:00
7341,sess_07341,Paid Ad,Desktop,1,1,0,0,0,0,0.0,2024-03-17 11:15:00
7342,sess_07342,Referral,Mobile,1,1,0,0,0,0,0.0,2024-03-17 11:30:00
7343,sess_07343,Social Media,Tablet,1,1,0,0,0,0,0.0,2024-03-17 11:45:00
7344,sess_07344,Organic Search,Desktop,1,1,0,0,0,0,0.0,2024-03-17 12:00:00
7345,sess_07345,Paid Ad,Mobile,1,1,0,0,0,0,0.0,2024-03-17 12:15:00
7346,sess_07346,Referral,Tablet,1,1,0,0,0,0,0.0,2024-03-17 12:30:00
7347,sess_07347,Social Media,Desktop,1,1,0,0,0,0,0.0,2024-03-17 12:45:00
7348,sess_07348,Organic Search,Mobile,1,1,0,0,0,0,0.0,2024-03-17 13:00:00
7349,sess_07349,Paid Ad,Tablet,1,1,0,0,0,0,0.0,2024-03-17 13:15:00
7350,sess_07350,Referral,Desktop,1,1,0,0,0,0,0.0,2024-03-17 13:30:00
7351,sess_07351,Social Media,Mobile,1,1,0,0,0,0,0.0,2024-03-17 13:45:00
7352,sess_07352,Organic Search,Tablet,1,1,0,0,0,0,0.0,2024-03-17 14:00:00
7353,sess_07353,Paid Ad,Desktop,1,1,0,0,0,0,0.0,2024-03-17 14:15:00
7354,sess_07354,Referral,Mobile,1,1,0,0,0,0,0.0,2024-03-17 14:30:00
7355,sess_07355,Social Media,Tablet,1,1,0,0,0,0,0.0,2024-03-17 14:45:00
7356,sess_07356,Organic Search,Desktop,1,1,0,0,0,0,0.0,2024-03-17 15:00:00
7357,sess_07357,Paid Ad,Mobile,1,1,0,0,0,0,0.0,2024-03-17 15:15:00
7358,sess_07358,Referral,Tablet,1,1,0,0,0,0,0.0,2024-03-17 15:30:00
7359,sess_07359,Social Media,Desktop,1,1,0,0,0,0,0.0,2024-03-17 15:45:00
7360,sess_07360,Organic Search,Mobile,1,1,0,0,0,0,0.0,2024-03-17 16:00:00
7361,sess_07361,Paid Ad,Tablet,1,1,0,0,0,0,0.0,2024-03-17 16:15:00
7362,sess_07362,Referral,Desktop,1,1,0,0,0,0,0.0,2024-03-17 16:30:00
7363,sess_07363,Social Media,Mobile,1,1,0,0,0,0,0.0,2024-03-17 16:45:00
7364,sess_07364,Organic Search,Tablet,1,1,0,0,0,0,0.0,2024-03-17 17:00:00
7365,sess_07365,Paid Ad,Desktop,1,1,0,0,0,0,0.0,2024-03-17 17:15:00
7366,sess_07366,Referral,Mobile,1,1,0,0,0,0,0.0,2024-03-17 17:30:00
7367,sess_07367,Social Media,Tablet,1,1,0,0,0,0,0.0,2024-03-17 17:45:00
7368,sess_07368,Organic Search,Desktop,1,1,0,0,0,0,0.0,2024-03-17 18:00:00
7369,sess_07369,Paid Ad,Mobile,1,1,0,0,0,0,0.0,2024-03-17 18:15:00
7370,sess_07370,Referral,Tablet,1,1,0,0,0,0,0.0,2024-03-17 18:30:00
7371,sess_07371,Social Media,Desktop,1,1,0,0,0,0,0.0,2024-03-17 18:45:00
7372,sess_07372,Organic Search,Mobile,1,1,0,0,0,0,0.0,2024-03-17 19:00:00
7373,sess_07373,Paid Ad,Tablet,1,1,0,0,0,0,0.0,2024-03-17 19:15:00
7374,sess_07374,Referral,Desktop,1,1,0,0,0,0,0.0,2024-03-17 19:30:00
7375,sess_07375,Social Media,Mobile,1,1,0,0,0,0,0.0,2024-03-17 19:45:00
7376,sess_07376,Organic Search,Tablet,1,1,0,0,0,0,0.0,2024-03-17 20:00:00
7377,sess_07377,Paid Ad,Desktop,1,1,0,0,0,0,0.0,2024-03-17 20:15:00
7378,sess_07378,Referral,Mobile,1,1,0,0,0,0,0.0,2024-03-17 20:30:00
7379,sess_07379,Social Media,Tablet,1,1,0,0,0,0,0.0,2024-03-17 20:45:00
7380,sess_07380,Organic Search,Desktop,1,1,0,0,0,0,0.0,2024-03-17 21:00:00
7381,sess_07381,Paid Ad,Mobile,1,1,0,0,0,0,0.0,2024-03-17 21:15:00
7382,sess_07382,Referral,Tablet,1,1,0,0,0,0,0.0,2024-03-17 21:30:00
7383,sess_07383,Social Media,Desktop,1,1,0,0,0,0,0.0,2024-03-17 21:45:00
7384,sess_07384,Organic Search,Mobile,1,1,0,0,0,0,0.0,2024-03-17 22:00:00
7385,sess_07385,Paid Ad,Tablet,1,1,0,0,0,0,0.0,2024-03-17 22:15:00
7386,sess_07386,Referral,Desktop,1,1,0,0,0,0,0.0,2024-03-17 22:30:00
7387,sess_07387,Social Media,Mobile,1,1,0,0,0,0,0.0,2024-03-17 22:45:00
7388,sess_07388,Organic Search,Tablet,1,1,0,0,0,0,0.0,2024-03-17 23:00:00
7389,sess_07389,Paid Ad,Desktop,1,1,0,0,0,0,0.0,2024-03-17 23:15:00
7390,sess_07390,Referral,Mobile,1,1,0,0,0,0,0.0,2024-03-17 23:30:00
7391,sess_07391,Social Media,Tablet,1,1,0,0,0,0,0.0,2024-03-17 23:45:00
7392,sess_07392,Organic Search,Desktop,1,1,0,0,0,0,0.0,2024-03-18 00:00:00
7393,sess_07393,Paid Ad,Mobile,1,1,0,0,0,0,0.0,2024-03-18 00:15:00
7394,sess_07394,Referral,Tablet,1,1,0,0,0,0,0.0,2024-03-18 00:30:00
7395,sess_07395,Social Media,Desktop,1,1,0,0,0,0,0.0,2024-03-18 00:45:00
7396,sess_07396,Organic Search,Mobile,1,1,0,0,0,0,0.0,2024-03-18 01:00:00
7397,sess_07397,Paid Ad,Tablet,1,1,0,0,0,0,0.0,2024-03-18 01:15:00
7398,sess_07398,Referral,Desktop,1,1,0,0,0,0,0.0,2024-03-18 01:30:00
7399,sess_07399,Social Media,Mobile,1,1,0,0,0,0,0.0,2024-03-18 01:45:00
7400,sess_07400,Organic Search,Tablet,1,1,0,0,0,0,0.0,2024-03-18 02:00:00
7401,sess_07401,Paid Ad,Desktop,1,1,0,0,0,0,0.0,2024-03-18 02:15:00
7402,sess_07402,Referral,Mobile,1,1,0,0,0,0,0.0,2024-03-18 02:30:00
7403,sess_07403,Social Media,Tablet,1,1,0,0,0,0,0.0,2024-03-18 02:45:00
7404,sess_07404,Organic Search,Desktop,1,1,0,0,0,0,0.0,2024-03-18 03:00:00
7405,sess_07405,Paid Ad,Mobile,1,1,0,0,0,0,0.0,2024-03-18 03:15:00
7406,sess_07406,Referral,Tablet,1,1,0,0,0,0,0.0,2024-03-18 03:30:00
7407,sess_07407,Social Media,Desktop,1,1,0,0,0,0,0.0,2024-03-18 03:45:00
7408,sess_07408,Organic Search,Mobile,1,1,0,0,0,0,0.0,2024-03-18 04:00:00
7409,sess_07409,Paid Ad,Tablet,1,1,0,0,0,0,0.0,2024-03-18 04:15:00
7410,sess_07410,Referral,Desktop,1,1,0,0,0,0,0.0,2024-03-18 04:30:00
7411,sess_07411,Social Media,Mobile,1,1,0,0,0,0,0.0,2024-03-18 04:45:00
7412,sess_07412,Organic Search,Tablet,1,1,0,0,0,0,0.0,2024-03-18 05:00:00
7413,sess_07413,Paid Ad,Desktop,1,1,0,0,0,0,0.0,2024-03-18 05:15:00
7414,sess_07414,Referral,Mobile,1,1,0,0,0,0,0.0,2024-03-18 05:30:00
7415,sess_07415,Social Media,Tablet,1,1,0,0,0,0,0.0,2024-03-18 05:45:00
7416,sess_07416,Organic Search,Desktop,1,1,0,0,0,0,0.0,2024-03-18 06:00:00
7417,sess_07417,Paid Ad,Mobile,1,1,0,0,0,0,0.0,2024-03-18 06:15:00
7418,sess_07418,Referral,Tablet,1,1,0,0,0,0,0.0,2024-03-18 06:30:00
7419,sess_07419,Social Media,Desktop,1,1,0,0,0,0,0.0,2024-03-18 06:45:00
7420,sess_07420,Organic Search,Mobile,1,1,0,0,0,0,0.0,2024-03-18 07:00:00
7421,sess_07421,Paid Ad,Tablet,1,1,0,0,0,0,0.0,2024-03-18 07:15:00
7422,sess_07422,Referral,Desktop,1,1,0,0,0,0,0.0,2024-03-18 07:30:00
7423,sess_07423,Social Media,Mobile,1,1,0,0,0,0,0.0,2024-03-18 07:45:00
7424,sess_07424,Organic Search,Tablet,1,1,0,0,0,0,0.0,2024-03-18 08:00:00
7425,sess_07425,Paid Ad,Desktop,1,1,0,0,0,0,0.0,2024-03-18 08:15:00
7426,sess_07426,Referral,Mobile,1,1,0,0,0,0,0.0,2024-03-18 08:30:00
7427,sess_07427,Social Media,Tablet,1,1,0,0,0,0,0.0,2024-03-18 08:45:00
7428,sess_07428,Organic Search,Desktop,1,1,0,0,0,0,0.0,2024-03-18 09:00:00
7429,sess_07429,Paid Ad,Mobile,1,1,0,0,0,0,0.0,2024-03-18 09:15:00
7430,sess_07430,Referral,Tablet,1,1,0,0,0,0,0.0,2024-03-18 09:30:00
7431,sess_07431,Social Media,Desktop,1,1,0,0,0,0,0.0,2024-03-18 09:45:00
7432,sess_07432,Organic Search,Mobile,1,1,0,0,0,0,0.0,2024-03-18 10:00:00
7433,sess_07433,Paid Ad,Tablet,1,1,0,0,0,0,0.0,2024-03-18 10:15:00
7434,sess_07434,Referral,Desktop,1,1,0,0,0,0,0.0,2024-03-18 10:30:00
7435,sess_07435,Social Media,Mobile,1,1,0,0,0,0,0.0,2024-03-18 10:45:00
7436,sess_07436,Organic Search,Tablet,1,1,0,0,0,0,0.0,2024-03-18 11:00:00
7437,sess_07437,Paid Ad,Desktop,1,1,0,0,0,0,0.0,2024-03-18 11:15:00
7438,sess_07438,Referral,Mobile,1,1,0,0,0,0,0.0,2024-03-18 11:30:00
7439,sess_07439,Social Media,Tablet,1,1,0,0,0,0,0.0,2024-03-18 11:45:00
7440,sess_07440,Organic Search,Desktop,1,1,0,0,0,0,0.0,2024-03-18 12:00:00
7441,sess_07441,Paid Ad,Mobile,1,1,0,0,0,0,0.0,2024-03-18 12:15:00
7442,sess_07442,Referral,Tablet,1,1,0,0,0,0,0.0,2024-03-18 12:30:00
7443,sess_07443,Social Media,Desktop,1,1,0,0,0,0,0.0,2024-03-18 12:45:00
7444,sess_07444,Organic Search,Mobile,1,1,0,0,0,0,0.0,2024-03-18 13:00:00
7445,sess_07445,Paid Ad,Tablet,1,1,0,0,0,0,0.0,2024-03-18 13:15:00
7446,sess_07446,Referral,Desktop,1,1,0,0,0,0,0.0,2024-03-18 13:30:00
7447,sess_07447,Social Media,Mobile,1,1,0,0,0,0,0.0,2024-03-18 13:45:00
7448,sess_07448,Organic Search,Tablet,1,1,0,0,0,0,0.0,2024-03-18 14:00:00
7449,sess_07449,Paid Ad,Desktop,1,1,0,0,0,0,0.0,2024-03-18 14:15:00
7450,sess_07450,Referral,Mobile,1,1,0,0,0,0,0.0,2024-03-18 14:30:00
7451,sess_07451,Social Media,Tablet,1,1,0,0,0,0,0.0,2024-03-18 14:45:00
7452,sess_07452,Organic Search,Desktop,1,1,0,0,0,0,0.0,2024-03-18 15:00:00
7453,sess_07453,Paid Ad,Mobile,1,1,0,0,0,0,0.0,2024-03-18 15:15:00
7454,sess_07454,Referral,Tablet,1,1,0,0,0,0,0.0,2024-03-18 15:30:00
7455,sess_07455,Social Media,Desktop,1,1,0,0,0,0,0.0,2024-03-18 15:45:00
7456,sess_07456,Organic Search,Mobile,1,1,0,0,0,0,0.0,2024-03-18 16:00:00
7457,sess_07457,Paid Ad,Tablet,1,1,0,0,0,0,0.0,2024-03-18 16:15:00
7458,sess_07458,Referral,Desktop,1,1,0,0,0,0,0.0,2024-03-18 16:30:00
7459,sess_07459,Social Media,Mobile,1,1,0,0,0,0,0.0,2024-03-18 16:45:00
7460,sess_07460,Organic Search,Tablet,1,1,0,0,0,0,0.0,2024-03-18 17:00:00
7461,sess_07461,Paid Ad,Desktop,1,1,0,0,0,0,0.0,2024-03-18 17:15:00
7462,sess_07462,Referral,Mobile,1,1,0,0,0,0,0.0,2024-03-18 17:30:00
7463,sess_07463,Social Media,Tablet,1,1,0,0,0,0,0.0,2024-03-18 17:45:00
7464,sess_07464,Organic Search,Desktop,1,1,0,0,0,0,0.0,2024-03-18 18:00:00
7465,sess_07465,Paid Ad,Mobile,1,1,0,0,0,0,0.0,2024-03-18 18:15:00
7466,sess_07466,Referral,Tablet,1,1,0,0,0,0,0.0,2024-03-18 18:30:00
7467,sess_07467,Social Media,Desktop,1,1,0,0,0,0,0.0,2024-03-18 18:45:00
7468,sess_07468,Organic Search,Mobile,1,1,0,0,0,0,0.0,2024-03-18 19:00:00
7469,sess_07469,Paid Ad,Tablet,1,1,0,0,0,0,0.0,2024-03-18 19:15:00
7470,sess_07470,Referral,Desktop,1,1,0,0,0,0,0.0,2024-03-18 19:30:00
7471,sess_07471,Social Media,Mobile,1,1,0,0,0,0,0.0,2024-03-18 19:45:00
7472,sess_07472,Organic Search,Tablet,1,1,0,0,0,0,0.0,2024-03-18 20:00:00
7473,sess_07473,Paid Ad,Desktop,1,1,0,0,0,0,0.0,2024-03-18 20:15:00
7474,sess_07474,Referral,Mobile,1,1,0,0,0,0,0.0,2024-03-18 20:30:00
7475,sess_07475,Social Media,Tablet,1,1,0,0,0,0,0.0,2024-03-18 20:45:00
7476,sess_07476,Organic Search,Desktop,1,1,0,0,0,0,0.0,2024-03-18 21:00:00
7477,sess_07477,Paid Ad,Mobile,1,1,0,0,0,0,0.0,2024-03-18 21:15:00
7478,sess_07478,Referral,Tablet,1,1,0,0,0,0,0.0,2024-03-18 21:30:00
7479,sess_07479,Social Media,Desktop,1,1,0,0,0,0,0.0,2024-03-18 21:45:00
7480,sess_07480,Organic Search,Mobile,1,1,0,0,0,0,0.0,2024-03-18 22:00:00
7481,sess_07481,Paid Ad,Tablet,1,1,0,0,0,0,0.0,2024-03-18 22:15:00
7482,sess_07482,Referral,Desktop,1,1,0,0,0,0,0.0,2024-03-18 22:30:00
7483,sess_07483,Social Media,Mobile,1,1,0,0,0,0,0.0,2024-03-18 22:45:00
7484,sess_07484,Organic Search,Tablet,1,1,0,0,0,0,0.0,2024-03-18 23:00:00
7485,sess_07485,Paid Ad,Desktop,1,1,0,0,0,0,0.0,2024-03-18 23:15:00
7486,sess_07486,Referral,Mobile,1,1,0,0,0,0,0.0,2024-03-18 23:30:00
7487,sess_07487,Social Media,Tablet,1,1,0,0,0,0,0.0,2024-03-18 23:45:00
7488,sess_07488,Organic Search,Desktop,1,1,0,0,0,0,0.0,2024-03-19 00:00:00
7489,sess_07489,Paid Ad,Mobile,1,1,0,0,0,0,0.0,2024-03-19 00:15:00
7490,sess_07490,Referral,Tablet,1,1,0,0,0,0,0.0,2024-03-19 00:30:00
7491,sess_07491,Social Media,Desktop,1,1,0,0,0,0,0.0,2024-03-19 00:45:00
7492,sess_07492,Organic Search,Mobile,1,1,0,0,0,0,0.0,2024-03-19 01:00:00
7493,sess_07493,Paid Ad,Tablet,1,1,0,0,0,0,0.0,2024-03-19 01:15:00
7494,sess_07494,Referral,Desktop,1,1,0,0,0,0,0.0,2024-03-19 01:30:00
7495,sess_07495,Social Media,Mobile,1,1,0,0,0,0,0.0,2024-03-19 01:45:00
7496,sess_07496,Organic Search,Tablet,1,1,0,0,0,0,0.0,2024-03-19 02:00:00
7497,sess_07497,Paid Ad,Desktop,1,1,0,0,0,0,0.0,2024-03-19 02:15:00
7498,sess_07498,Referral,Mobile,1,1,0,0,0,0,0.0,2024-03-19 02:30:00
7499,sess_07499,Social Media,Tablet,1,1,0,0,0,0,0.0,2024-03-19 02:45:00
7500,sess_07500,Organic Search,Desktop,1,1,0,0,0,0,0.0,2024-03-19 03:00:00
7501,sess_07501,Paid Ad,Mobile,1,1,0,0,0,0,0.0,2024-03-19 03:15:00
7502,sess_07502,Referral,Tablet,1,1,0,0,0,0,0.0,2024-03-19 03:30:00
7503,sess_07503,Social Media,Desktop,1,1,0,0,0,0,0.0,2024-03-19 03:45:00
7504,sess_07504,Organic Search,Mobile,1,1,0,0,0,0,0.0,2024-03-19 04:00:00
7505,sess_07505,Paid Ad,Tablet,1,1,0,0,0,0,0.0,2024-03-19 04:15:00
7506,sess_07506,Referral,Desktop,1,1,0,0,0,0,0.0,2024-03-19 04:30:00
7507,sess_07507,Social Media,Mobile,1,1,0,0,0,0,0.0,2024-03-19 04:45:00
7508,sess_07508,Organic Search,Tablet,1,1,0,0,0,0,0.0,2024-03-19 05:00:00
7509,sess_07509,Paid Ad,Desktop,1,1,0,0,0,0,0.0,2024-03-19 05:15:00
7510,sess_07510,Referral,Mobile,1,1,0,0,0,0,0.0,2024-03-19 05:30:00
7511,sess_07511,Social Media,Tablet,1,1,0,0,0,0,0.0,2024-03-19 05:45:00
7512,sess_07512,Organic Search,Desktop,1,1,0,0,0,0,0.0,2024-03-19 06:00:00
7513,sess_07513,Paid Ad,Mobile,1,1,0,0,0,0,0.0,2024-03-19 06:15:00
7514,sess_07514,Referral,Tablet,1,1,0,0,0,0,0.0,2024-03-19 06:30:00
7515,sess_07515,Social Media,Desktop,1,1,0,0,0,0,0.0,2024-03-19 06:45:00
7516,sess_07516,Organic Search,Mobile,1,1,0,0,0,0,0.0,2024-03-19 07:00:00
7517,sess_07517,Paid Ad,Tablet,1,1,0,0,0,0,0.0,2024-03-19 07:15:00
7518,sess_07518,Referral,Desktop,1,1,0,0,0,0,0.0,2024-03-19 07:30:00
7519,sess_07519,Social Media,Mobile,1,1,0,0,0,0,0.0,2024-03-19 07:45:00
7520,sess_07520,Organic Search,Tablet,1,1,0,0,0,0,0.0,2024-03-19 08:00:00
7521,sess_07521,Paid Ad,Desktop,1,1,0,0,0,0,0.0,2024-03-19 08:15:00
7522,sess_07522,Referral,Mobile,1,1,0,0,0,0,0.0,2024-03-19 08:30:00
7523,sess_07523,Social Media,Tablet,1,1,0,0,0,0,0.0,2024-03-19 08:45:00
7524,sess_07524,Organic Search,Desktop,1,1,0,0,0,0,0.0,2024-03-19 09:00:00
7525,sess_07525,Paid Ad,Mobile,1,1,0,0,0,0,0.0,2024-03-19 09:15:00
7526,sess_07526,Referral,Tablet,1,1,0,0,0,0,0.0,2024-03-19 09:30:00
7527,sess_07527,Social Media,Desktop,1,1,0,0,0,0,0.0,2024-03-19 09:45:00
7528,sess_07528,Organic Search,Mobile,1,1,0,0,0,0,0.0,2024-03-19 10:00:00
7529,sess_07529,Paid Ad,Tablet,1,1,0,0,0,0,0.0,2024-03-19 10:15:00
7530,sess_07530,Referral,Desktop,1,1,0,0,0,0,0.0,2024-03-19 10:30:00
7531,sess_07531,Social Media,Mobile,1,1,0,0,0,0,0.0,2024-03-19 10:45:00
7532,sess_07532,Organic Search,Tablet,1,1,0,0,0,0,0.0,2024-03-19 11:00:00
7533,sess_07533,Paid Ad,Desktop,1,1,0,0,0,0,0.0,2024-03-19 11:15:00
7534,sess_07534,Referral,Mobile,1,1,0,0,0,0,0.0,2024-03-19 11:30:00
7535,sess_07535,Social Media,Tablet,1,1,0,0,0,0,0.0,2024-03-19 11:45:00
7536,sess_07536,Organic Search,Desktop,1,1,0,0,0,0,0.0,2024-03-19 12:00:00
7537,sess_07537,Paid Ad,Mobile,1,1,0,0,0,0,0.0,2024-03-19 12:15:00
7538,sess_07538,Referral,Tablet,1,1,0,0,0,0,0.0,2024-03-19 12:30:00
7539,sess_07539,Social Media,Desktop,1,1,0,0,0,0,0.0,2024-03-19 12:45:00
7540,sess_07540,Organic Search,Mobile,1,1,0,0,0,0,0.0,2024-03-19 13:00:00
7541,sess_07541,Paid Ad,Tablet,1,1,0,0,0,0,0.0,2024-03-19 13:15:00
7542,sess_07542,Referral,Desktop,1,1,0,0,0,0,0.0,2024-03-19 13:30:00
7543,sess_07543,Social Media,Mobile,1,1,0,0,0,0,0.0,2024-03-19 13:45:00
7544,sess_07544,Organic Search,Tablet,1,1,0,0,0,0,0.0,2024-03-19 14:00:00
7545,sess_07545,Paid Ad,Desktop,1,1,0,0,0,0,0.0,2024-03-19 14:15:00
7546,sess_07546,Referral,Mobile,1,1,0,0,0,0,0.0,2024-03-19 14:30:00
7547,sess_07547,Social Media,Tablet,1,1,0,0,0,0,0.0,2024-03-19 14:45:00
7548,sess_07548,Organic Search,Desktop,1,1,0,0,0,0,0.0,2024-03-19 15:00:00
7549,sess_07549,Paid Ad,Mobile,1,1,0,0,0,0,0.0,2024-03-19 15:15:00
7550,sess_07550,Referral,Tablet,1,1,0,0,0,0,0.0,2024-03-19 15:30:00
7551,sess_07551,Social Media,Desktop,1,1,0,0,0,0,0.0,2024-03-19 15:45:00
7552,sess_07552,Organic Search,Mobile,1,1,0,0,0,0,0.0,2024-03-19 16:00:00
7553,sess_07553,Paid Ad,Tablet,1,1,0,0,0,0,0.0,2024-03-19 16:15:00
7554,sess_07554,Referral,Desktop,1,1,0,0,0,0,0.0,2024-03-19 16:30:00
7555,sess_07555,Social Media,Mobile,1,1,0,0,0,0,0.0,2024-03-19 16:45:00
7556,sess_07556,Organic Search,Tablet,1,1,0,0,0,0,0.0,2024-03-19 17:00:00
7557,sess_07557,Paid Ad,Desktop,1,1,0,0,0,0,0.0,2024-03-19 17:15:00
7558,sess_07558,Referral,Mobile,1,1,0,0,0,0,0.0,2024-03-19 17:30:00
7559,sess_07559,Social Media,Tablet,1,1,0,0,0,0,0.0,2024-03-19 17:45:00
7560,sess_07560,Organic Search,Desktop,1,1,0,0,0,0,0.0,2024-03-19 18:00:00
7561,sess_07561,Paid Ad,Mobile,1,1,0,0,0,0,0.0,2024-03-19 18:15:00
7562,sess_07562,Referral,Tablet,1,1,0,0,0,0,0.0,2024-03-19 18:30:00
7563,sess_07563,Social Media,Desktop,1,1,0,0,0,0,0.0,2024-03-19 18:45:00
7564,sess_07564,Organic Search,Mobile,1,1,0,0,0,0,0.0,2024-03-19 19:00:00
7565,sess_07565,Paid Ad,Tablet,1,1,0,0,0,0,0.0,2024-03-19 19:15:00
7566,sess_07566,Referral,Desktop,1,1,0,0,0,0,0.0,2024-03-19 19:30:00
7567,sess_07567,Social Media,Mobile,1,1,0,0,0,0,0.0,2024-03-19 19:45:00
7568,sess_07568,Organic Search,Tablet,1,1,0,0,0,0,0.0,2024-03-19 20:00:00
7569,sess_07569,Paid Ad,Desktop,1,1,0,0,0,0,0.0,2024-03-19 20:15:00
7570,sess_07570,Referral,Mobile,1,1,0,0,0,0,0.0,2024-03-19 20:30:00
7571,sess_07571,Social Media,Tablet,1,1,0,0,0,0,0.0,2024-03-19 20:45:00
7572,sess_07572,Organic Search,Desktop,1,1,0,0,0,0,0.0,2024-03-19 21:00:00
7573,sess_07573,Paid Ad,Mobile,1,1,0,0,0,0,0.0,2024-03-19 21:15:00
7574,sess_07574,Referral,Tablet,1,1,0,0,0,0,0.0,2024-03-19 21:30:00
7575,sess_07575,Social Media,Desktop,1,1,0,0,0,0,0.0,2024-03-19 21:45:00
7576,sess_07576,Organic Search,Mobile,1,1,0,0,0,0,0.0,2024-03-19 22:00:00
7577,sess_07577,Paid Ad,Tablet,1,1,0,0,0,0,0.0,2024-03-19 22:15:00
7578,sess_07578,Referral,Desktop,1,1,0,0,0,0,0.0,2024-03-19 22:30:00
7579,sess_07579,Social Media,Mobile,1,1,0,0,0,0,0.0,2024-03-19 22:45:00
7580,sess_07580,Organic Search,Tablet,1,1,0,0,0,0,0.0,2024-03-19 23:00:00
7581,sess_07581,Paid Ad,Desktop,1,1,0,0,0,0,0.0,2024-03-19 23:15:00
7582,sess_07582,Referral,Mobile,1,1,0,0,0,0,0.0,2024-03-19 23:30:00
7583,sess_07583,Social Media,Tablet,1,1,0,0,0,0,0.0,2024-03-19 23:45:00
7584,sess_07584,Organic Search,Desktop,1,1,0,0,0,0,0.0,2024-03-20 00:00:00
7585,sess_07585,Paid Ad,Mobile,1,1,0,0,0,0,0.0,2024-03-20 00:15:00
7586,sess_07586,Referral,Tablet,1,1,0,0,0,0,0.0,2024-03-20 00:30:00
7587,sess_07587,Social Media,Desktop,1,1,0,0,0,0,0.0,2024-03-20 00:45:00
7588,sess_07588,Organic Search,Mobile,1,1,0,0,0,0,0.0,2024-03-20 01:00:00
7589,sess_07589,Paid Ad,Tablet,1,1,0,0,0,0,0.0,2024-03-20 01:15:00
7590,sess_07590,Referral,Desktop,1,1,0,0,0,0,0.0,2024-03-20 01:30:00
7591,sess_07591,Social Media,Mobile,1,1,0,0,0,0,0.0,2024-03-20 01:45:00
7592,sess_07592,Organic Search,Tablet,1,1,0,0,0,0,0.0,2024-03-20 02:00:00
7593,sess_07593,Paid Ad,Desktop,1,1,0,0,0,0,0.0,2024-03-20 02:15:00
7594,sess_07594,Referral,Mobile,1,1,0,0,0,0,0.0,2024-03-20 02:30:00
7595,sess_07595,Social Media,Tablet,1,1,0,0,0,0,0.0,2024-03-20 02:45:00
7596,sess_07596,Organic Search,Desktop,1,1,0,0,0,0,0.0,2024-03-20 03:00:00
7597,sess_07597,Paid Ad,Mobile,1,1,0,0,0,0,0.0,2024-03-20 03:15:00
7598,sess_07598,Referral,Tablet,1,1,0,0,0,0,0.0,2024-03-20 03:30:00
7599,sess_07599,Social Media,Desktop,1,1,0,0,0,0,0.0,2024-03-20 03:45:00
7600,sess_07600,Organic Search,Mobile,1,1,0,0,0,0,0.0,2024-03-20 04:00:00
7601,sess_07601,Paid Ad,Tablet,1,1,0,0,0,0,0.0,2024-03-20 04:15:00
7602,sess_07602,Referral,Desktop,1,1,0,0,0,0,0.0,2024-03-20 04:30:00
7603,sess_07603,Social Media,Mobile,1,1,0,0,0,0,0.0,2024-03-20 04:45:00
7604,sess_07604,Organic Search,Tablet,1,1,0,0,0,0,0.0,2024-03-20 05:00:00
7605,sess_07605,Paid Ad,Desktop,1,1,0,0,0,0,0.0,2024-03-20 05:15:00
7606,sess_07606,Referral,Mobile,1,1,0,0,0,0,0.0,2024-03-20 05:30:00
7607,sess_07607,Social Media,Tablet,1,1,0,0,0,0,0.0,2024-03-20 05:45:00
7608,sess_07608,Organic Search,Desktop,1,1,0,0,0,0,0.0,2024-03-20 06:00:00
7609,sess_07609,Paid Ad,Mobile,1,1,0,0,0,0,0.0,2024-03-20 06:15:00
7610,sess_07610,Referral,Tablet,1,1,0,0,0,0,0.0,2024-03-20 06:30:00
7611,sess_07611,Social Media,Desktop,1,1,0,0,0,0,0.0,2024-03-20 06:45:00
7612,sess_07612,Organic Search,Mobile,1,1,0,0,0,0,0.0,2024-03-20 07:00:00
7613,sess_07613,Paid Ad,Tablet,1,1,0,0,0,0,0.0,2024-03-20 07:15:00
7614,sess_07614,Referral,Desktop,1,1,0,0,0,0,0.0,2024-03-20 07:30:00
7615,sess_07615,Social Media,Mobile,1,1,0,0,0,0,0.0,2024-03-20 07:45:00
7616,sess_07616,Organic Search,Tablet,1,1,0,0,0,0,0.0,2024-03-20 08:00:00
7617,sess_07617,Paid Ad,Desktop,1,1,0,0,0,0,0.0,2024-03-20 08:15:00
7618,sess_07618,Referral,Mobile,1,1,0,0,0,0,0.0,2024-03-20 08:30:00
7619,sess_07619,Social Media,Tablet,1,1,0,0,0,0,0.0,2024-03-20 08:45:00
7620,sess_07620,Organic Search,Desktop,1,1,0,0,0,0,0.0,2024-03-20 09:00:00
7621,sess_07621,Paid Ad,Mobile,1,1,0,0,0,0,0.0,2024-03-20 09:15:00
7622,sess_07622,Referral,Tablet,1,1,0,0,0,0,0.0,2024-03-20 09:30:00
7623,sess_07623,Social Media,Desktop,1,1,0,0,0,0,0.0,2024-03-20 09:45:00
7624,sess_07624,Organic Search,Mobile,1,1,0,0,0,0,0.0,2024-03-20 10:00:00
7625,sess_07625,Paid Ad,Tablet,1,1,0,0,0,0,0.0,2024-03-20 10:15:00
7626,sess_07626,Referral,Desktop,1,1,0,0,0,0,0.0,2024-03-20 10:30:00
7627,sess_07627,Social Media,Mobile,1,1,0,0,0,0,0.0,2024-03-20 10:45:00
7628,sess_07628,Organic Search,Tablet,1,1,0,0,0,0,0.0,2024-03-20 11:00:00
7629,sess_07629,Paid Ad,Desktop,1,1,0,0,0,0,0.0,2024-03-20 11:15:00
7630,sess_07630,Referral,Mobile,1,1,0,0,0,0,0.0,2024-03-20 11:30:00
7631,sess_07631,Social Media,Tablet,1,1,0,0,0,0,0.0,2024-03-20 11:45:00
7632,sess_07632,Organic Search,Desktop,1,1,0,0,0,0,0.0,2024-03-20 12:00:00
7633,sess_07633,Paid Ad,Mobile,1,1,0,0,0,0,0.0,2024-03-20 12:15:00
7634,sess_07634,Referral,Tablet,1,1,0,0,0,0,0.0,2024-03-20 12:30:00
7635,sess_07635,Social Media,Desktop,1,1,0,0,0,0,0.0,2024-03-20 12:45:00
7636,sess_07636,Organic Search,Mobile,1,1,0,0,0,0,0.0,2024-03-20 13:00:00
7637,sess_07637,Paid Ad,Tablet,1,1,0,0,0,0,0.0,2024-03-20 13:15:00
7638,sess_07638,Referral,Desktop,1,1,0,0,0,0,0.0,2024-03-20 13:30:00
7639,sess_07639,Social Media,Mobile,1,1,0,0,0,0,0.0,2024-03-20 13:45:00
7640,sess_07640,Organic Search,Tablet,1,1,0,0,0,0,0.0,2024-03-20 14:00:00
7641,sess_07641,Paid Ad,Desktop,1,1,0,0,0,0,0.0,2024-03-20 14:15:00
7642,sess_07642,Referral,Mobile,1,1,0,0,0,0,0.0,2024-03-20 14:30:00
7643,sess_07643,Social Media,Tablet,1,1,0,0,0,0,0.0,2024-03-20 14:45:00
7644,sess_07644,Organic Search,Desktop,1,1,0,0,0,0,0.0,2024-03-20 15:00:00
7645,sess_07645,Paid Ad,Mobile,1,1,0,0,0,0,0.0,2024-03-20 15:15:00
7646,sess_07646,Referral,Tablet,1,1,0,0,0,0,0.0,2024-03-20 15:30:00
7647,sess_07647,Social Media,Desktop,1,1,0,0,0,0,0.0,2024-03-20 15:45:00
7648,sess_07648,Organic Search,Mobile,1,1,0,0,0,0,0.0,2024-03-20 16:00:00
7649,sess_07649,Paid Ad,Tablet,1,1,0,0,0,0,0.0,2024-03-20 16:15:00
7650,sess_07650,Referral,Desktop,1,1,0,0,0,0,0.0,2024-03-20 16:30:00
7651,sess_07651,Social Media,Mobile,1,1,0,0,0,0,0.0,2024-03-20 16:45:00
7652,sess_07652,Organic Search,Tablet,1,1,0,0,0,0,0.0,2024-03-20 17:00:00
7653,sess_07653,Paid Ad,Desktop,1,1,0,0,0,0,0.0,2024-03-20 17:15:00
7654,sess_07654,Referral,Mobile,1,1,0,0,0,0,0.0,2024-03-20 17:30:00
7655,sess_07655,Social Media,Tablet,1,1,0,0,0,0,0.0,2024-03-20 17:45:00
7656,sess_07656,Organic Search,Desktop,1,1,0,0,0,0,0.0,2024-03-20 18:00:00
7657,sess_07657,Paid Ad,Mobile,1,1,0,0,0,0,0.0,2024-03-20 18:15:00
7658,sess_07658,Referral,Tablet,1,1,0,0,0,0,0.0,2024-03-20 18:30:00
7659,sess_07659,Social Media,Desktop,1,1,0,0,0,0,0.0,2024-03-20 18:45:00
7660,sess_07660,Organic Search,Mobile,1,1,0,0,0,0,0.0,2024-03-20 19:00:00
7661,sess_07661,Paid Ad,Tablet,1,1,0,0,0,0,0.0,2024-03-20 19:15:00
7662,sess_07662,Referral,Desktop,1,1,0,0,0,0,0.0,2024-03-20 19:30:00
7663,sess_07663,Social Media,Mobile,1,1,0,0,0,0,0.0,2024-03-20 19:45:00
7664,sess_07664,Organic Search,Tablet,1,1,0,0,0,0,0.0,2024-03-20 20:00:00
7665,sess_07665,Paid Ad,Desktop,1,1,0,0,0,0,0.0,2024-03-20 20:15:00
7666,sess_07666,Referral,Mobile,1,1,0,0,0,0,0.0,2024-03-20 20:30:00
7667,sess_07667,Social Media,Tablet,1,1,0,0,0,0,0.0,2024-03-20 20:45:00
7668,sess_07668,Organic Search,Desktop,1,1,0,0,0,0,0.0,2024-03-20 21:00:00
7669,sess_07669,Paid Ad,Mobile,1,1,0,0,0,0,0.0,2024-03-20 21:15:00
7670,sess_07670,Referral,Tablet,1,1,0,0,0,0,0.0,2024-03-20 21:30:00
7671,sess_07671,Social Media,Desktop,1,1,0,0,0,0,0.0,2024-03-20 21:45:00
7672,sess_07672,Organic Search,Mobile,1,1,0,0,0,0,0.0,2024-03-20 22:00:00
7673,sess_07673,Paid Ad,Tablet,1,1,0,0,0,0,0.0,2024-03-20 22:15:00
7674,sess_07674,Referral,Desktop,1,1,0,0,0,0,0.0,2024-03-20 22:30:00
7675,sess_07675,Social Media,Mobile,1,1,0,0,0,0,0.0,2024-03-20 22:45:00
7676,sess_07676,Organic Search,Tablet,1,1,0,0,0,0,0.0,2024-03-20 23:00:00
7677,sess_07677,Paid Ad,Desktop,1,1,0,0,0,0,0.0,2024-03-20 23:15:00
7678,sess_07678,Referral,Mobile,1,1,0,0,0,0,0.0,2024-03-20 23:30:00
7679,sess_07679,Social Media,Tablet,1,1,0,0,0,0,0.0,2024-03-20 23:45:00
7680,sess_07680,Organic Search,Desktop,1,1,0,0,0,0,0.0,2024-03-21 00:00:00
7681,sess_07681,Paid Ad,Mobile,1,1,0,0,0,0,0.0,2024-03-21 00:15:00
7682,sess_07682,Referral,Tablet,1,1,0,0,0,0,0.0,2024-03-21 00:30:00
7683,sess_07683,Social Media,Desktop,1,1,0,0,0,0,0.0,2024-03-21 00:45:00
7684,sess_07684,Organic Search,Mobile,1,1,0,0,0,0,0.0,2024-03-21 01:00:00
7685,sess_07685,Paid Ad,Tablet,1,1,0,0,0,0,0.0,2024-03-21 01:15:00
7686,sess_07686,Referral,Desktop,1,1,0,0,0,0,0.0,2024-03-21 01:30:00
7687,sess_07687,Social Media,Mobile,1,1,0,0,0,0,0.0,2024-03-21 01:45:00
7688,sess_07688,Organic Search,Tablet,1,1,0,0,0,0,0.0,2024-03-21 02:00:00
7689,sess_07689,Paid Ad,Desktop,1,1,0,0,0,0,0.0,2024-03-21 02:15:00
7690,sess_07690,Referral,Mobile,1,1,0,0,0,0,0.0,2024-03-21 02:30:00
7691,sess_07691,Social Media,Tablet,1,1,0,0,0,0,0.0,2024-03-21 02:45:00
7692,sess_07692,Organic Search,Desktop,1,1,0,0,0,0,0.0,2024-03-21 03:00:00
7693,sess_07693,Paid Ad,Mobile,1,1,0,0,0,0,0.0,2024-03-21 03:15:00
7694,sess_07694,Referral,Tablet,1,1,0,0,0,0,0.0,2024-03-21 03:30:00
7695,sess_07695,Social Media,Desktop,1,1,0,0,0,0,0.0,2024-03-21 03:45:00
7696,sess_07696,Organic Search,Mobile,1,1,0,0,0,0,0.0,2024-03-21 04:00:00
7697,sess_07697,Paid Ad,Tablet,1,1,0,0,0,0,0.0,2024-03-21 04:15:00
7698,sess_07698,Referral,Desktop,1,1,0,0,0,0,0.0,2024-03-21 04:30:00
7699,sess_07699,Social Media,Mobile,1,1,0,0,0,0,0.0,2024-03-21 04:45:00
7700,sess_07700,Organic Search,Tablet,1,1,0,0,0,0,0.0,2024-03-21 05:00:00
7701,sess_07701,Paid Ad,Desktop,1,1,0,0,0,0,0.0,2024-03-21 05:15:00
7702,sess_07702,Referral,Mobile,1,1,0,0,0,0,0.0,2024-03-21 05:30:00
7703,sess_07703,Social Media,Tablet,1,1,0,0,0,0,0.0,2024-03-21 05:45:00
7704,sess_07704,Organic Search,Desktop,1,1,0,0,0,0,0.0,2024-03-21 06:00:00
7705,sess_07705,Paid Ad,Mobile,1,1,0,0,0,0,0.0,2024-03-21 06:15:00
7706,sess_07706,Referral,Tablet,1,1,0,0,0,0,0.0,2024-03-21 06:30:00
7707,sess_07707,Social Media,Desktop,1,1,0,0,0,0,0.0,2024-03-21 06:45:00
7708,sess_07708,Organic Search,Mobile,1,1,0,0,0,0,0.0,2024-03-21 07:00:00
7709,sess_07709,Paid Ad,Tablet,1,1,0,0,0,0,0.0,2024-03-21 07:15:00
7710,sess_07710,Referral,Desktop,1,1,0,0,0,0,0.0,2024-03-21 07:30:00
7711,sess_07711,Social Media,Mobile,1,1,0,0,0,0,0.0,2024-03-21 07:45:00
7712,sess_07712,Organic Search,Tablet,1,1,0,0,0,0,0.0,2024-03-21 08:00:00
7713,sess_07713,Paid Ad,Desktop,1,1,0,0,0,0,0.0,2024-03-21 08:15:00
7714,sess_07714,Referral,Mobile,1,1,0,0,0,0,0.0,2024-03-21 08:30:00
7715,sess_07715,Social Media,Tablet,1,1,0,0,0,0,0.0,2024-03-21 08:45:00
7716,sess_07716,Organic Search,Desktop,1,1,0,0,0,0,0.0,2024-03-21 09:00:00
7717,sess_07717,Paid Ad,Mobile,1,1,0,0,0,0,0.0,2024-03-21 09:15:00
7718,sess_07718,Referral,Tablet,1,1,0,0,0,0,0.0,2024-03-21 09:30:00
7719,sess_07719,Social Media,Desktop,1,1,0,0,0,0,0.0,2024-03-21 09:45:00
7720,sess_07720,Organic Search,Mobile,1,1,0,0,0,0,0.0,2024-03-21 10:00:00
7721,sess_07721,Paid Ad,Tablet,1,1,0,0,0,0,0.0,2024-03-21 10:15:00
7722,sess_07722,Referral,Desktop,1,1,0,0,0,0,0.0,2024-03-21 10:30:00
7723,sess_07723,Social Media,Mobile,1,1,0,0,0,0,0.0,2024-03-21 10:45:00
7724,sess_07724,Organic Search,Tablet,1,1,0,0,0,0,0.0,2024-03-21 11:00:00
7725,sess_07725,Paid Ad,Desktop,1,1,0,0,0,0,0.0,2024-03-21 11:15:00
7726,sess_07726,Referral,Mobile,1,1,0,0,0,0,0.0,2024-03-21 11:30:00
7727,sess_07727,Social Media,Tablet,1,1,0,0,0,0,0.0,2024-03-21 11:45:00
7728,sess_07728,Organic Search,Desktop,1,1,0,0,0,0,0.0,2024-03-21 12:00:00
7729,sess_07729,Paid Ad,Mobile,1,1,0,0,0,0,0.0,2024-03-21 12:15:00
7730,sess_07730,Referral,Tablet,1,1,0,0,0,0,0.0,2024-03-21 12:30:00
7731,sess_07731,Social Media,Desktop,1,1,0,0,0,0,0.0,2024-03-21 12:45:00
7732,sess_07732,Organic Search,Mobile,1,1,0,0,0,0,0.0,2024-03-21 13:00:00
7733,sess_07733,Paid Ad,Tablet,1,1,0,0,0,0,0.0,2024-03-21 13:15:00
7734,sess_07734,Referral,Desktop,1,1,0,0,0,0,0.0,2024-03-21 13:30:00
7735,sess_07735,Social Media,Mobile,1,1,0,0,0,0,0.0,2024-03-21 13:45:00
7736,sess_07736,Organic Search,Tablet,1,1,0,0,0,0,0.0,2024-03-21 14:00:00
7737,sess_07737,Paid Ad,Desktop,1,1,0,0,0,0,0.0,2024-03-21 14:15:00
7738,sess_07738,Referral,Mobile,1,1,0,0,0,0,0.0,2024-03-21 14:30:00
7739,sess_07739,Social Media,Tablet,1,1,0,0,0,0,0.0,2024-03-21 14:45:00
7740,sess_07740,Organic Search,Desktop,1,1,0,0,0,0,0.0,2024-03-21 15:00:00
7741,sess_07741,Paid Ad,Mobile,1,1,0,0,0,0,0.0,2024-03-21 15:15:00
7742,sess_07742,Referral,Tablet,1,1,0,0,0,0,0.0,2024-03-21 15:30:00
7743,sess_07743,Social Media,Desktop,1,1,0,0,0,0,0.0,2024-03-21 15:45:00
7744,sess_07744,Organic Search,Mobile,1,1,0,0,0,0,0.0,2024-03-21 16:00:00
7745,sess_07745,Paid Ad,Tablet,1,1,0,0,0,0,0.0,2024-03-21 16:15:00
7746,sess_07746,Referral,Desktop,1,1,0,0,0,0,0.0,2024-03-21 16:30:00
7747,sess_07747,Social Media,Mobile,1,1,0,0,0,0,0.0,2024-03-21 16:45:00
7748,sess_07748,Organic Search,Tablet,1,1,0,0,0,0,0.0,2024-03-21 17:00:00
7749,sess_07749,Paid Ad,Desktop,1,1,0,0,0,0,0.0,2024-03-21 17:15:00
7750,sess_07750,Referral,Mobile,1,1,0,0,0,0,0.0,2024-03-21 17:30:00
7751,sess_07751,Social Media,Tablet,1,1,0,0,0,0,0.0,2024-03-21 17:45:00
7752,sess_07752,Organic Search,Desktop,1,1,0,0,0,0,0.0,2024-03-21 18:00:00
7753,sess_07753,Paid Ad,Mobile,1,1,0,0,0,0,0.0,2024-03-21 18:15:00
7754,sess_07754,Referral,Tablet,1,1,0,0,0,0,0.0,2024-03-21 18:30:00
7755,sess_07755,Social Media,Desktop,1,1,0,0,0,0,0.0,2024-03-21 18:45:00
7756,sess_07756,Organic Search,Mobile,1,1,0,0,0,0,0.0,2024-03-21 19:00:00
7757,sess_07757,Paid Ad,Tablet,1,1,0,0,0,0,0.0,2024-03-21 19:15:00
7758,sess_07758,Referral,Desktop,1,1,0,0,0,0,0.0,2024-03-21 19:30:00
7759,sess_07759,Social Media,Mobile,1,1,0,0,0,0,0.0,2024-03-21 19:45:00
7760,sess_07760,Organic Search,Tablet,1,1,0,0,0,0,0.0,2024-03-21 20:00:00
7761,sess_07761,Paid Ad,Desktop,1,1,0,0,0,0,0.0,2024-03-21 20:15:00
7762,sess_07762,Referral,Mobile,1,1,0,0,0,0,0.0,2024-03-21 20:30:00
7763,sess_07763,Social Media,Tablet,1,1,0,0,0,0,0.0,2024-03-21 20:45:00
7764,sess_07764,Organic Search,Desktop,1,1,0,0,0,0,0.0,2024-03-21 21:00:00
7765,sess_07765,Paid Ad,Mobile,1,1,0,0,0,0,0.0,2024-03-21 21:15:00
7766,sess_07766,Referral,Tablet,1,1,0,0,0,0,0.0,2024-03-21 21:30:00
7767,sess_07767,Social Media,Desktop,1,1,0,0,0,0,0.0,2024-03-21 21:45:00
7768,sess_07768,Organic Search,Mobile,1,1,0,0,0,0,0.0,2024-03-21 22:00:00
7769,sess_07769,Paid Ad,Tablet,1,1,0,0,0,0,0.0,2024-03-21 22:15:00
7770,sess_07770,Referral,Desktop,1,1,0,0,0,0,0.0,2024-03-21 22:30:00
7771,sess_07771,Social Media,Mobile,1,1,0,0,0,0,0.0,2024-03-21 22:45:00
7772,sess_07772,Organic Search,Tablet,1,1,0,0,0,0,0.0,2024-03-21 23:00:00
7773,sess_07773,Paid Ad,Desktop,1,1,0,0,0,0,0.0,2024-03-21 23:15:00
7774,sess_07774,Referral,Mobile,1,1,0,0,0,0,0.0,2024-03-21 23:30:00
7775,sess_07775,Social Media,Tablet,1,1,0,0,0,0,0.0,2024-03-21 23:45:00
7776,sess_07776,Organic Search,Desktop,1,1,0,0,0,0,0.0,2024-03-22 00:00:00
7777,sess_07777,Paid Ad,Mobile,1,1,0,0,0,0,0.0,2024-03-22 00:15:00
7778,sess_07778,Referral,Tablet,1,1,0,0,0,0,0.0,2024-03-22 00:30:00
7779,sess_07779,Social Media,Desktop,1,1,0,0,0,0,0.0,2024-03-22 00:45:00
7780,sess_07780,Organic Search,Mobile,1,1,0,0,0,0,0.0,2024-03-22 01:00:00
7781,sess_07781,Paid Ad,Tablet,1,1,0,0,0,0,0.0,2024-03-22 01:15:00
7782,sess_07782,Referral,Desktop,1,1,0,0,0,0,0.0,2024-03-22 01:30:00
7783,sess_07783,Social Media,Mobile,1,1,0,0,0,0,0.0,2024-03-22 01:45:00
7784,sess_07784,Organic Search,Tablet,1,1,0,0,0,0,0.0,2024-03-22 02:00:00
7785,sess_07785,Paid Ad,Desktop,1,1,0,0,0,0,0.0,2024-03-22 02:15:00
7786,sess_07786,Referral,Mobile,1,1,0,0,0,0,0.0,2024-03-22 02:30:00
7787,sess_07787,Social Media,Tablet,1,1,0,0,0,0,0.0,2024-03-22 02:45:00
7788,sess_07788,Organic Search,Desktop,1,1,0,0,0,0,0.0,2024-03-22 03:00:00
7789,sess_07789,Paid Ad,Mobile,1,1,0,0,0,0,0.0,2024-03-22 03:15:00
7790,sess_07790,Referral,Tablet,1,1,0,0,0,0,0.0,2024-03-22 03:30:00
7791,sess_07791,Social Media,Desktop,1,1,0,0,0,0,0.0,2024-03-22 03:45:00
7792,sess_07792,Organic Search,Mobile,1,1,0,0,0,0,0.0,2024-03-22 04:00:00
7793,sess_07793,Paid Ad,Tablet,1,1,0,0,0,0,0.0,2024-03-22 04:15:00
7794,sess_07794,Referral,Desktop,1,1,0,0,0,0,0.0,2024-03-22 04:30:00
7795,sess_07795,Social Media,Mobile,1,1,0,0,0,0,0.0,2024-03-22 04:45:00
7796,sess_07796,Organic Search,Tablet,1,1,0,0,0,0,0.0,2024-03-22 05:00:00
7797,sess_07797,Paid Ad,Desktop,1,1,0,0,0,0,0.0,2024-03-22 05:15:00
7798,sess_07798,Referral,Mobile,1,1,0,0,0,0,0.0,2024-03-22 05:30:00
7799,sess_07799,Social Media,Tablet,1,1,0,0,0,0,0.0,2024-03-22 05:45:00
7800,sess_07800,Organic Search,Desktop,1,1,0,0,0,0,0.0,2024-03-22 06:00:00
7801,sess_07801,Paid Ad,Mobile,1,1,0,0,0,0,0.0,2024-03-22 06:15:00
7802,sess_07802,Referral,Tablet,1,1,0,0,0,0,0.0,2024-03-22 06:30:00
7803,sess_07803,Social Media,Desktop,1,1,0,0,0,0,0.0,2024-03-22 06:45:00
7804,sess_07804,Organic Search,Mobile,1,1,0,0,0,0,0.0,2024-03-22 07:00:00
7805,sess_07805,Paid Ad,Tablet,1,1,0,0,0,0,0.0,2024-03-22 07:15:00
7806,sess_07806,Referral,Desktop,1,1,0,0,0,0,0.0,2024-03-22 07:30:00
7807,sess_07807,Social Media,Mobile,1,1,0,0,0,0,0.0,2024-03-22 07:45:00
7808,sess_07808,Organic Search,Tablet,1,1,0,0,0,0,0.0,2024-03-22 08:00:00
7809,sess_07809,Paid Ad,Desktop,1,1,0,0,0,0,0.0,2024-03-22 08:15:00
7810,sess_07810,Referral,Mobile,1,1,0,0,0,0,0.0,2024-03-22 08:30:00
7811,sess_07811,Social Media,Tablet,1,1,0,0,0,0,0.0,2024-03-22 08:45:00
7812,sess_07812,Organic Search,Desktop,1,1,0,0,0,0,0.0,2024-03-22 09:00:00
7813,sess_07813,Paid Ad,Mobile,1,1,0,0,0,0,0.0,2024-03-22 09:15:00
7814,sess_07814,Referral,Tablet,1,1,0,0,0,0,0.0,2024-03-22 09:30:00
7815,sess_07815,Social Media,Desktop,1,1,0,0,0,0,0.0,2024-03-22 09:45:00
7816,sess_07816,Organic Search,Mobile,1,1,0,0,0,0,0.0,2024-03-22 10:00:00
7817,sess_07817,Paid Ad,Tablet,1,1,0,0,0,0,0.0,2024-03-22 10:15:00
7818,sess_07818,Referral,Desktop,1,1,0,0,0,0,0.0,2024-03-22 10:30:00
7819,sess_07819,Social Media,Mobile,1,1,0,0,0,0,0.0,2024-03-22 10:45:00
7820,sess_07820,Organic Search,Tablet,1,1,0,0,0,0,0.0,2024-03-22 11:00:00
7821,sess_07821,Paid Ad,Desktop,1,1,0,0,0,0,0.0,2024-03-22 11:15:00
7822,sess_07822,Referral,Mobile,1,1,0,0,0,0,0.0,2024-03-22 11:30:00
7823,sess_07823,Social Media,Tablet,1,1,0,0,0,0,0.0,2024-03-22 11:45:00
7824,sess_07824,Organic Search,Desktop,1,1,0,0,0,0,0.0,2024-03-22 12:00:00
7825,sess_07825,Paid Ad,Mobile,1,1,0,0,0,0,0.0,2024-03-22 12:15:00
7826,sess_07826,Referral,Tablet,1,1,0,0,0,0,0.0,2024-03-22 12:30:00
7827,sess_07827,Social Media,Desktop,1,1,0,0,0,0,0.0,2024-03-22 12:45:00
7828,sess_07828,Organic Search,Mobile,1,1,0,0,0,0,0.0,2024-03-22 13:00:00
7829,sess_07829,Paid Ad,Tablet,1,1,0,0,0,0,0.0,2024-03-22 13:15:00
7830,sess_07830,Referral,Desktop,1,1,0,0,0,0,0.0,2024-03-22 13:30:00
7831,sess_07831,Social Media,Mobile,1,1,0,0,0,0,0.0,2024-03-22 13:45:00
7832,sess_07832,Organic Search,Tablet,1,1,0,0,0,0,0.0,2024-03-22 14:00:00
7833,sess_07833,Paid Ad,Desktop,1,1,0,0,0,0,0.0,2024-03-22 14:15:00
7834,sess_07834,Referral,Mobile,1,1,0,0,0,0,0.0,2024-03-22 14:30:00
7835,sess_07835,Social Media,Tablet,1,1,0,0,0,0,0.0,2024-03-22 14:45:00
7836,sess_07836,Organic Search,Desktop,1,1,0,0,0,0,0.0,2024-03-22 15:00:00
7837,sess_07837,Paid Ad,Mobile,1,1,0,0,0,0,0.0,2024-03-22 15:15:00
7838,sess_07838,Referral,Tablet,1,1,0,0,0,0,0.0,2024-03-22 15:30:00
7839,sess_07839,Social Media,Desktop,1,1,0,0,0,0,0.0,2024-03-22 15:45:00
7840,sess_07840,Organic Search,Mobile,1,1,0,0,0,0,0.0,2024-03-22 16:00:00
7841,sess_07841,Paid Ad,Tablet,1,1,0,0,0,0,0.0,2024-03-22 16:15:00
7842,sess_07842,Referral,Desktop,1,1,0,0,0,0,0.0,2024-03-22 16:30:00
7843,sess_07843,Social Media,Mobile,1,1,0,0,0,0,0.0,2024-03-22 16:45:00
7844,sess_07844,Organic Search,Tablet,1,1,0,0,0,0,0.0,2024-03-22 17:00:00
7845,sess_07845,Paid Ad,Desktop,1,1,0,0,0,0,0.0,2024-03-22 17:15:00
7846,sess_07846,Referral,Mobile,1,1,0,0,0,0,0.0,2024-03-22 17:30:00
7847,sess_07847,Social Media,Tablet,1,1,0,0,0,0,0.0,2024-03-22 17:45:00
7848,sess_07848,Organic Search,Desktop,1,1,0,0,0,0,0.0,2024-03-22 18:00:00
7849,sess_07849,Paid Ad,Mobile,1,1,0,0,0,0,0.0,2024-03-22 18:15:00
7850,sess_07850,Referral,Tablet,1,1,0,0,0,0,0.0,2024-03-22 18:30:00
7851,sess_07851,Social Media,Desktop,1,1,0,0,0,0,0.0,2024-03-22 18:45:00
7852,sess_07852,Organic Search,Mobile,1,1,0,0,0,0,0.0,2024-03-22 19:00:00
7853,sess_07853,Paid Ad,Tablet,1,1,0,0,0,0,0.0,2024-03-22 19:15:00
7854,sess_07854,Referral,Desktop,1,1,0,0,0,0,0.0,2024-03-22 19:30:00
7855,sess_07855,Social Media,Mobile,1,1,0,0,0,0,0.0,2024-03-22 19:45:00
7856,sess_07856,Organic Search,Tablet,1,1,0,0,0,0,0.0,2024-03-22 20:00:00
7857,sess_07857,Paid Ad,Desktop,1,1,0,0,0,0,0.0,2024-03-22 20:15:00
7858,sess_07858,Referral,Mobile,1,1,0,0,0,0,0.0,2024-03-22 20:30:00
7859,sess_07859,Social Media,Tablet,1,1,0,0,0,0,0.0,2024-03-22 20:45:00
7860,sess_07860,Organic Search,Desktop,1,1,0,0,0,0,0.0,2024-03-22 21:00:00
7861,sess_07861,Paid Ad,Mobile,1,1,0,0,0,0,0.0,2024-03-22 21:15:00
7862,sess_07862,Referral,Tablet,1,1,0,0,0,0,0.0,2024-03-22 21:30:00
7863,sess_07863,Social Media,Desktop,1,1,0,0,0,0,0.0,2024-03-22 21:45:00
7864,sess_07864,Organic Search,Mobile,1,1,0,0,0,0,0.0,2024-03-22 22:00:00
7865,sess_07865,Paid Ad,Tablet,1,1,0,0,0,0,0.0,2024-03-22 22:15:00
7866,sess_07866,Referral,Desktop,1,1,0,0,0,0,0.0,2024-03-22 22:30:00
7867,sess_07867,Social Media,Mobile,1,1,0,0,0,0,0.0,2024-03-22 22:45:00
7868,sess_07868,Organic Search,Tablet,1,1,0,0,0,0,0.0,2024-03-22 23:00:00
7869,sess_07869,Paid Ad,Desktop,1,1,0,0,0,0,0.0,2024-03-22 23:15:00
7870,sess_07870,Referral,Mobile,1,1,0,0,0,0,0.0,2024-03-22 23:30:00
7871,sess_07871,Social Media,Tablet,1,1,0,0,0,0,0.0,2024-03-22 23:45:00
7872,sess_07872,Organic Search,Desktop,1,1,0,0,0,0,0.0,2024-03-23 00:00:00
7873,sess_07873,Paid Ad,Mobile,1,1,0,0,0,0,0.0,2024-03-23 00:15:00
7874,sess_07874,Referral,Tablet,1,1,0,0,0,0,0.0,2024-03-23 00:30:00
7875,sess_07875,Social Media,Desktop,1,1,0,0,0,0,0.0,2024-03-23 00:45:00
7876,sess_07876,Organic Search,Mobile,1,1,0,0,0,0,0.0,2024-03-23 01:00:00
7877,sess_07877,Paid Ad,Tablet,1,1,0,0,0,0,0.0,2024-03-23 01:15:00
7878,sess_07878,Referral,Desktop,1,1,0,0,0,0,0.0,2024-03-23 01:30:00
7879,sess_07879,Social Media,Mobile,1,1,0,0,0,0,0.0,2024-03-23 01:45:00
7880,sess_07880,Organic Search,Tablet,1,1,0,0,0,0,0.0,2024-03-23 02:00:00
7881,sess_07881,Paid Ad,Desktop,1,1,0,0,0,0,0.0,2024-03-23 02:15:00
7882,sess_07882,Referral,Mobile,1,1,0,0,0,0,0.0,2024-03-23 02:30:00
7883,sess_07883,Social Media,Tablet,1,1,0,0,0,0,0.0,2024-03-23 02:45:00
7884,sess_07884,Organic Search,Desktop,1,1,0,0,0,0,0.0,2024-03-23 03:00:00
7885,sess_07885,Paid Ad,Mobile,1,1,0,0,0,0,0.0,2024-03-23 03:15:00
7886,sess_07886,Referral,Tablet,1,1,0,0,0,0,0.0,2024-03-23 03:30:00
7887,sess_07887,Social Media,Desktop,1,1,0,0,0,0,0.0,2024-03-23 03:45:00
7888,sess_07888,Organic Search,Mobile,1,1,0,0,0,0,0.0,2024-03-23 04:00:00
7889,sess_07889,Paid Ad,Tablet,1,1,0,0,0,0,0.0,2024-03-23 04:15:00
7890,sess_07890,Referral,Desktop,1,1,0,0,0,0,0.0,2024-03-23 04:30:00
7891,sess_07891,Social Media,Mobile,1,1,0,0,0,0,0.0,2024-03-23 04:45:00
7892,sess_07892,Organic Search,Tablet,1,1,0,0,0,0,0.0,2024-03-23 05:00:00
7893,sess_07893,Paid Ad,Desktop,1,1,0,0,0,0,0.0,2024-03-23 05:15:00
7894,sess_07894,Referral,Mobile,1,1,0,0,0,0,0.0,2024-03-23 05:30:00
7895,sess_07895,Social Media,Tablet,1,1,0,0,0,0,0.0,2024-03-23 05:45:00
7896,sess_07896,Organic Search,Desktop,1,1,0,0,0,0,0.0,2024-03-23 06:00:00
7897,sess_07897,Paid Ad,Mobile,1,1,0,0,0,0,0.0,2024-03-23 06:15:00
7898,sess_07898,Referral,Tablet,1,1,0,0,0,0,0.0,2024-03-23 06:30:00
7899,sess_07899,Social Media,Desktop,1,1,0,0,0,0,0.0,2024-03-23 06:45:00
7900,sess_07900,Organic Search,Mobile,1,1,0,0,0,0,0.0,2024-03-23 07:00:00
7901,sess_07901,Paid Ad,Tablet,1,1,0,0,0,0,0.0,2024-03-23 07:15:00
7902,sess_07902,Referral,Desktop,1,1,0,0,0,0,0.0,2024-03-23 07:30:00
7903,sess_07903,Social Media,Mobile,1,1,0,0,0,0,0.0,2024-03-23 07:45:00
7904,sess_07904,Organic Search,Tablet,1,1,0,0,0,0,0.0,2024-03-23 08:00:00
7905,sess_07905,Paid Ad,Desktop,1,1,0,0,0,0,0.0,2024-03-23 08:15:00
7906,sess_07906,Referral,Mobile,1,1,0,0,0,0,0.0,2024-03-23 08:30:00
7907,sess_07907,Social Media,Tablet,1,1,0,0,0,0,0.0,2024-03-23 08:45:00
7908,sess_07908,Organic Search,Desktop,1,1,0,0,0,0,0.0,2024-03-23 09:00:00
7909,sess_07909,Paid Ad,Mobile,1,1,0,0,0,0,0.0,2024-03-23 09:15:00
7910,sess_07910,Referral,Tablet,1,1,0,0,0,0,0.0,2024-03-23 09:30:00
7911,sess_07911,Social Media,Desktop,1,1,0,0,0,0,0.0,2024-03-23 09:45:00
7912,sess_07912,Organic Search,Mobile,1,1,0,0,0,0,0.0,2024-03-23 10:00:00
7913,sess_07913,Paid Ad,Tablet,1,1,0,0,0,0,0.0,2024-03-23 10:15:00
7914,sess_07914,Referral,Desktop,1,1,0,0,0,0,0.0,2024-03-23 10:30:00
7915,sess_07915,Social Media,Mobile,1,1,0,0,0,0,0.0,2024-03-23 10:45:00
7916,sess_07916,Organic Search,Tablet,1,1,0,0,0,0,0.0,2024-03-23 11:00:00
7917,sess_07917,Paid Ad,Desktop,1,1,0,0,0,0,0.0,2024-03-23 11:15:00
7918,sess_07918,Referral,Mobile,1,1,0,0,0,0,0.0,2024-03-23 11:30:00
7919,sess_07919,Social Media,Tablet,1,1,0,0,0,0,0.0,2024-03-23 11:45:00
7920,sess_07920,Organic Search,Desktop,1,1,0,0,0,0,0.0,2024-03-23 12:00:00
7921,sess_07921,Paid Ad,Mobile,1,1,0,0,0,0,0.0,2024-03-23 12:15:00
7922,sess_07922,Referral,Tablet,1,1,0,0,0,0,0.0,2024-03-23 12:30:00
7923,sess_07923,Social Media,Desktop,1,1,0,0,0,0,0.0,2024-03-23 12:45:00
7924,sess_07924,Organic Search,Mobile,1,1,0,0,0,0,0.0,2024-03-23 13:00:00
7925,sess_07925,Paid Ad,Tablet,1,1,0,0,0,0,0.0,2024-03-23 13:15:00
7926,sess_07926,Referral,Desktop,1,1,0,0,0,0,0.0,2024-03-23 13:30:00
7927,sess_07927,Social Media,Mobile,1,1,0,0,0,0,0.0,2024-03-23 13:45:00
7928,sess_07928,Organic Search,Tablet,1,1,0,0,0,0,0.0,2024-03-23 14:00:00
7929,sess_07929,Paid Ad,Desktop,1,1,0,0,0,0,0.0,2024-03-23 14:15:00
7930,sess_07930,Referral,Mobile,1,1,0,0,0,0,0.0,2024-03-23 14:30:00
7931,sess_07931,Social Media,Tablet,1,1,0,0,0,0,0.0,2024-03-23 14:45:00
7932,sess_07932,Organic Search,Desktop,1,1,0,0,0,0,0.0,2024-03-23 15:00:00
7933,sess_07933,Paid Ad,Mobile,1,1,0,0,0,0,0.0,2024-03-23 15:15:00
7934,sess_07934,Referral,Tablet,1,1,0,0,0,0,0.0,2024-03-23 15:30:00
7935,sess_07935,Social Media,Desktop,1,1,0,0,0,0,0.0,2024-03-23 15:45:00
7936,sess_07936,Organic Search,Mobile,1,1,0,0,0,0,0.0,2024-03-23 16:00:00
7937,sess_07937,Paid Ad,Tablet,1,1,0,0,0,0,0.0,2024-03-23 16:15:00
7938,sess_07938,Referral,Desktop,1,1,0,0,0,0,0.0,2024-03-23 16:30:00
7939,sess_07939,Social Media,Mobile,1,1,0,0,0,0,0.0,2024-03-23 16:45:00
7940,sess_07940,Organic Search,Tablet,1,1,0,0,0,0,0.0,2024-03-23 17:00:00
7941,sess_07941,Paid Ad,Desktop,1,1,0,0,0,0,0.0,2024-03-23 17:15:00
7942,sess_07942,Referral,Mobile,1,1,0,0,0,0,0.0,2024-03-23 17:30:00
7943,sess_07943,Social Media,Tablet,1,1,0,0,0,0,0.0,2024-03-23 17:45:00
7944,sess_07944,Organic Search,Desktop,1,1,0,0,0,0,0.0,2024-03-23 18:00:00
7945,sess_07945,Paid Ad,Mobile,1,1,0,0,0,0,0.0,2024-03-23 18:15:00
7946,sess_07946,Referral,Tablet,1,1,0,0,0,0,0.0,2024-03-23 18:30:00
7947,sess_07947,Social Media,Desktop,1,1,0,0,0,0,0.0,2024-03-23 18:45:00
7948,sess_07948,Organic Search,Mobile,1,1,0,0,0,0,0.0,2024-03-23 19:00:00
7949,sess_07949,Paid Ad,Tablet,1,1,0,0,0,0,0.0,2024-03-23 19:15:00
7950,sess_07950,Referral,Desktop,1,1,0,0,0,0,0.0,2024-03-23 19:30:00
7951,sess_07951,Social Media,Mobile,1,1,0,0,0,0,0.0,2024-03-23 19:45:00
7952,sess_07952,Organic Search,Tablet,1,1,0,0,0,0,0.0,2024-03-23 20:00:00
7953,sess_07953,Paid Ad,Desktop,1,1,0,0,0,0,0.0,2024-03-23 20:15:00
7954,sess_07954,Referral,Mobile,1,1,0,0,0,0,0.0,2024-03-23 20:30:00
7955,sess_07955,Social Media,Tablet,1,1,0,0,0,0,0.0,2024-03-23 20:45:00
7956,sess_07956,Organic Search,Desktop,1,1,0,0,0,0,0.0,2024-03-23 21:00:00
7957,sess_07957,Paid Ad,Mobile,1,1,0,0,0,0,0.0,2024-03-23 21:15:00
7958,sess_07958,Referral,Tablet,1,1,0,0,0,0,0.0,2024-03-23 21:30:00
7959,sess_07959,Social Media,Desktop,1,1,0,0,0,0,0.0,2024-03-23 21:45:00
7960,sess_07960,Organic Search,Mobile,1,1,0,0,0,0,0.0,2024-03-23 22:00:00
7961,sess_07961,Paid Ad,Tablet,1,1,0,0,0,0,0.0,2024-03-23 22:15:00
7962,sess_07962,Referral,Desktop,1,1,0,0,0,0,0.0,2024-03-23 22:30:00
7963,sess_07963,Social Media,Mobile,1,1,0,0,0,0,0.0,2024-03-23 22:45:00
7964,sess_07964,Organic Search,Tablet,1,1,0,0,0,0,0.0,2024-03-23 23:00:00
7965,sess_07965,Paid Ad,Desktop,1,1,0,0,0,0,0.0,2024-03-23 23:15:00
7966,sess_07966,Referral,Mobile,1,1,0,0,0,0,0.0,2024-03-23 23:30:00
7967,sess_07967,Social Media,Tablet,1,1,0,0,0,0,0.0,2024-03-23 23:45:00
7968,sess_07968,Organic Search,Desktop,1,1,0,0,0,0,0.0,2024-03-24 00:00:00
7969,sess_07969,Paid Ad,Mobile,1,1,0,0,0,0,0.0,2024-03-24 00:15:00
7970,sess_07970,Referral,Tablet,1,1,0,0,0,0,0.0,2024-03-24 00:30:00
7971,sess_07971,Social Media,Desktop,1,1,0,0,0,0,0.0,2024-03-24 00:45:00
7972,sess_07972,Organic Search,Mobile,1,1,0,0,0,0,0.0,2024-03-24 01:00:00
7973,sess_07973,Paid Ad,Tablet,1,1,0,0,0,0,0.0,2024-03-24 01:15:00
7974,sess_07974,Referral,Desktop,1,1,0,0,0,0,0.0,2024-03-24 01:30:00
7975,sess_07975,Social Media,Mobile,1,1,0,0,0,0,0.0,2024-03-24 01:45:00
7976,sess_07976,Organic Search,Tablet,1,1,0,0,0,0,0.0,2024-03-24 02:00:00
7977,sess_07977,Paid Ad,Desktop,1,1,0,0,0,0,0.0,2024-03-24 02:15:00
7978,sess_07978,Referral,Mobile,1,1,0,0,0,0,0.0,2024-03-24 02:30:00
7979,sess_07979,Social Media,Tablet,1,1,0,0,0,0,0.0,2024-03-24 02:45:00
7980,sess_07980,Organic Search,Desktop,1,1,0,0,0,0,0.0,2024-03-24 03:00:00
7981,sess_07981,Paid Ad,Mobile,1,1,0,0,0,0,0.0,2024-03-24 03:15:00
7982,sess_07982,Referral,Tablet,1,1,0,0,0,0,0.0,2024-03-24 03:30:00
7983,sess_07983,Social Media,Desktop,1,1,0,0,0,0,0.0,2024-03-24 03:45:00
7984,sess_07984,Organic Search,Mobile,1,1,0,0,0,0,0.0,2024-03-24 04:00:00
7985,sess_07985,Paid Ad,Tablet,1,1,0,0,0,0,0.0,2024-03-24 04:15:00
7986,sess_07986,Referral,Desktop,1,1,0,0,0,0,0.0,2024-03-24 04:30:00
7987,sess_07987,Social Media,Mobile,1,1,0,0,0,0,0.0,2024-03-24 04:45:00
7988,sess_07988,Organic Search,Tablet,1,1,0,0,0,0,0.0,2024-03-24 05:00:00
7989,sess_07989,Paid Ad,Desktop,1,1,0,0,0,0,0.0,2024-03-24 05:15:00
7990,sess_07990,Referral,Mobile,1,1,0,0,0,0,0.0,2024-03-24 05:30:00
7991,sess_07991,Social Media,Tablet,1,1,0,0,0,0,0.0,2024-03-24 05:45:00
7992,sess_07992,Organic Search,Desktop,1,1,0,0,0,0,0.0,2024-03-24 06:00:00
7993,sess_07993,Paid Ad,Mobile,1,1,0,0,0,0,0.0,2024-03-24 06:15:00
7994,sess_07994,Referral,Tablet,1,1,0,0,0,0,0.0,2024-03-24 06:30:00
7995,sess_07995,Social Media,Desktop,1,1,0,0,0,0,0.0,2024-03-24 06:45:00
7996,sess_07996,Organic Search,Mobile,1,1,0,0,0,0,0.0,2024-03-24 07:00:00
7997,sess_07997,Paid Ad,Tablet,1,1,0,0,0,0,0.0,2024-03-24 07:15:00
7998,sess_07998,Referral,Desktop,1,1,0,0,0,0,0.0,2024-03-24 07:30:00
7999,sess_07999,Social Media,Mobile,1,1,0,0,0,0,0.0,2024-03-24 07:45:00
8000,sess_08000,Organic Search,Tablet,1,1,0,0,0,0,0.0,2024-03-24 08:00:00
8001,sess_08001,Paid Ad,Desktop,1,0,0,0,0,0,0.0,2024-03-24 08:15:00
8002,sess_08002,Referral,Mobile,1,0,0,0,0,0,0.0,2024-03-24 08:30:00
8003,sess_08003,Social Media,Tablet,1,0,0,0,0,0,0.0,2024-03-24 08:45:00
8004,sess_08004,Organic Search,Desktop,1,0,0,0,0,0,0.0,2024-03-24 09:00:00
8005,sess_08005,Paid Ad,Mobile,1,0,0,0,0,0,0.0,2024-03-24 09:15:00
8006,sess_08006,Referral,Tablet,1,0,0,0,0,0,0.0,2024-03-24 09:30:00
8007,sess_08007,Social Media,Desktop,1,0,0,0,0,0,0.0,2024-03-24 09:45:00
8008,sess_08008,Organic Search,Mobile,1,0,0,0,0,0,0.0,2024-03-24 10:00:00
8009,sess_08009,Paid Ad,Tablet,1,0,0,0,0,0,0.0,2024-03-24 10:15:00
8010,sess_08010,Referral,Desktop,1,0,0,0,0,0,0.0,2024-03-24 10:30:00
8011,sess_08011,Social Media,Mobile,1,0,0,0,0,0,0.0,2024-03-24 10:45:00
8012,sess_08012,Organic Search,Tablet,1,0,0,0,0,0,0.0,2024-03-24 11:00:00
8013,sess_08013,Paid Ad,Desktop,1,0,0,0,0,0,0.0,2024-03-24 11:15:00
8014,sess_08014,Referral,Mobile,1,0,0,0,0,0,0.0,2024-03-24 11:30:00
8015,sess_08015,Social Media,Tablet,1,0,0,0,0,0,0.0,2024-03-24 11:45:00
8016,sess_08016,Organic Search,Desktop,1,0,0,0,0,0,0.0,2024-03-24 12:00:00
8017,sess_08017,Paid Ad,Mobile,1,0,0,0,0,0,0.0,2024-03-24 12:15:00
8018,sess_08018,Referral,Tablet,1,0,0,0,0,0,0.0,2024-03-24 12:30:00
8019,sess_08019,Social Media,Desktop,1,0,0,0,0,0,0.0,2024-03-24 12:45:00
8020,sess_08020,Organic Search,Mobile,1,0,0,0,0,0,0.0,2024-03-24 13:00:00
8021,sess_08021,Paid Ad,Tablet,1,0,0,0,0,0,0.0,2024-03-24 13:15:00
8022,sess_08022,Referral,Desktop,1,0,0,0,0,0,0.0,2024-03-24 13:30:00
8023,sess_08023,Social Media,Mobile,1,0,0,0,0,0,0.0,2024-03-24 13:45:00
8024,sess_08024,Organic Search,Tablet,1,0,0,0,0,0,0.0,2024-03-24 14:00:00
8025,sess_08025,Paid Ad,Desktop,1,0,0,0,0,0,0.0,2024-03-24 14:15:00
8026,sess_08026,Referral,Mobile,1,0,0,0,0,0,0.0,2024-03-24 14:30:00
8027,sess_08027,Social Media,Tablet,1,0,0,0,0,0,0.0,2024-03-24 14:45:00
8028,sess_08028,Organic Search,Desktop,1,0,0,0,0,0,0.0,2024-03-24 15:00:00
8029,sess_08029,Paid Ad,Mobile,1,0,0,0,0,0,0.0,2024-03-24 15:15:00
8030,sess_08030,Referral,Tablet,1,0,0,0,0,0,0.0,2024-03-24 15:30:00
8031,sess_08031,Social Media,Desktop,1,0,0,0,0,0,0.0,2024-03-24 15:45:00
8032,sess_08032,Organic Search,Mobile,1,0,0,0,0,0,0.0,2024-03-24 16:00:00
8033,sess_08033,Paid Ad,Tablet,1,0,0,0,0,0,0.0,2024-03-24 16:15:00
8034,sess_08034,Referral,Desktop,1,0,0,0,0,0,0.0,2024-03-24 16:30:00
8035,sess_08035,Social Media,Mobile,1,0,0,0,0,0,0.0,2024-03-24 16:45:00
8036,sess_08036,Organic Search,Tablet,1,0,0,0,0,0,0.0,2024-03-24 17:00:00
8037,sess_08037,Paid Ad,Desktop,1,0,0,0,0,0,0.0,2024-03-24 17:15:00
8038,sess_08038,Referral,Mobile,1,0,0,0,0,0,0.0,2024-03-24 17:30:00
8039,sess_08039,Social Media,Tablet,1,0,0,0,0,0,0.0,2024-03-24 17:45:00
8040,sess_08040,Organic Search,Desktop,1,0,0,0,0,0,0.0,2024-03-24 18:00:00
8041,sess_08041,Paid Ad,Mobile,1,0,0,0,0,0,0.0,2024-03-24 18:15:00
8042,sess_08042,Referral,Tablet,1,0,0,0,0,0,0.0,2024-03-24 18:30:00
8043,sess_08043,Social Media,Desktop,1,0,0,0,0,0,0.0,2024-03-24 18:45:00
8044,sess_08044,Organic Search,Mobile,1,0,0,0,0,0,0.0,2024-03-24 19:00:00
8045,sess_08045,Paid Ad,Tablet,1,0,0,0,0,0,0.0,2024-03-24 19:15:00
8046,sess_08046,Referral,Desktop,1,0,0,0,0,0,0.0,2024-03-24 19:30:00
8047,sess_08047,Social Media,Mobile,1,0,0,0,0,0,0.0,2024-03-24 19:45:00
8048,sess_08048,Organic Search,Tablet,1,0,0,0,0,0,0.0,2024-03-24 20:00:00
8049,sess_08049,Paid Ad,Desktop,1,0,0,0,0,0,0.0,2024-03-24 20:15:00
8050,sess_08050,Referral,Mobile,1,0,0,0,0,0,0.0,2024-03-24 20:30:00
8051,sess_08051,Social Media,Tablet,1,0,0,0,0,0,0.0,2024-03-24 20:45:00
8052,sess_08052,Organic Search,Desktop,1,0,0,0,0,0,0.0,2024-03-24 21:00:00
8053,sess_08053,Paid Ad,Mobile,1,0,0,0,0,0,0.0,2024-03-24 21:15:00
8054,sess_08054,Referral,Tablet,1,0,0,0,0,0,0.0,2024-03-24 21:30:00
8055,sess_08055,Social Media,Desktop,1,0,0,0,0,0,0.0,2024-03-24 21:45:00
8056,sess_08056,Organic Search,Mobile,1,0,0,0,0,0,0.0,2024-03-24 22:00:00
8057,sess_08057,Paid Ad,Tablet,1,0,0,0,0,0,0.0,2024-03-24 22:15:00
8058,sess_08058,Referral,Desktop,1,0,0,0,0,0,0.0,2024-03-24 22:30:00
8059,sess_08059,Social Media,Mobile,1,0,0,0,0,0,0.0,2024-03-24 22:45:00
8060,sess_08060,Organic Search,Tablet,1,0,0,0,0,0,0.0,2024-03-24 23:00:00
8061,sess_08061,Paid Ad,Desktop,1,0,0,0,0,0,0.0,2024-03-24 23:15:00
8062,sess_08062,Referral,Mobile,1,0,0,0,0,0,0.0,2024-03-24 23:30:00
8063,sess_08063,Social Media,Tablet,1,0,0,0,0,0,0.0,2024-03-24 23:45:00
8064,sess_08064,Organic Search,Desktop,1,0,0,0,0,0,0.0,2024-03-25 00:00:00
8065,sess_08065,Paid Ad,Mobile,1,0,0,0,0,0,0.0,2024-03-25 00:15:00
8066,sess_08066,Referral,Tablet,1,0,0,0,0,0,0.0,2024-03-25 00:30:00
8067,sess_08067,Social Media,Desktop,1,0,0,0,0,0,0.0,2024-03-25 00:45:00
8068,sess_08068,Organic Search,Mobile,1,0,0,0,0,0,0.0,2024-03-25 01:00:00
8069,sess_08069,Paid Ad,Tablet,1,0,0,0,0,0,0.0,2024-03-25 01:15:00
8070,sess_08070,Referral,Desktop,1,0,0,0,0,0,0.0,2024-03-25 01:30:00
8071,sess_08071,Social Media,Mobile,1,0,0,0,0,0,0.0,2024-03-25 01:45:00
8072,sess_08072,Organic Search,Tablet,1,0,0,0,0,0,0.0,2024-03-25 02:00:00
8073,sess_08073,Paid Ad,Desktop,1,0,0,0,0,0,0.0,2024-03-25 02:15:00
8074,sess_08074,Referral,Mobile,1,0,0,0,0,0,0.0,2024-03-25 02:30:00
8075,sess_08075,Social Media,Tablet,1,0,0,0,0,0,0.0,2024-03-25 02:45:00
8076,sess_08076,Organic Search,Desktop,1,0,0,0,0,0,0.0,2024-03-25 03:00:00
8077,sess_08077,Paid Ad,Mobile,1,0,0,0,0,0,0.0,2024-03-25 03:15:00
8078,sess_08078,Referral,Tablet,1,0,0,0,0,0,0.0,2024-03-25 03:30:00
8079,sess_08079,Social Media,Desktop,1,0,0,0,0,0,0.0,2024-03-25 03:45:00
8080,sess_08080,Organic Search,Mobile,1,0,0,0,0,0,0.0,2024-03-25 04:00:00
8081,sess_08081,Paid Ad,Tablet,1,0,0,0,0,0,0.0,2024-03-25 04:15:00
8082,sess_08082,Referral,Desktop,1,0,0,0,0,0,0.0,2024-03-25 04:30:00
8083,sess_08083,Social Media,Mobile,1,0,0,0,0,0,0.0,2024-03-25 04:45:00
8084,sess_08084,Organic Search,Tablet,1,0,0,0,0,0,0.0,2024-03-25 05:00:00
8085,sess_08085,Paid Ad,Desktop,1,0,0,0,0,0,0.0,2024-03-25 05:15:00
8086,sess_08086,Referral,Mobile,1,0,0,0,0,0,0.0,2024-03-25 05:30:00
8087,sess_08087,Social Media,Tablet,1,0,0,0,0,0,0.0,2024-03-25 05:45:00
8088,sess_08088,Organic Search,Desktop,1,0,0,0,0,0,0.0,2024-03-25 06:00:00
8089,sess_08089,Paid Ad,Mobile,1,0,0,0,0,0,0.0,2024-03-25 06:15:00
8090,sess_08090,Referral,Tablet,1,0,0,0,0,0,0.0,2024-03-25 06:30:00
8091,sess_08091,Social Media,Desktop,1,0,0,0,0,0,0.0,2024-03-25 06:45:00
8092,sess_08092,Organic Search,Mobile,1,0,0,0,0,0,0.0,2024-03-25 07:00:00
8093,sess_08093,Paid Ad,Tablet,1,0,0,0,0,0,0.0,2024-03-25 07:15:00
8094,sess_08094,Referral,Desktop,1,0,0,0,0,0,0.0,2024-03-25 07:30:00
8095,sess_08095,Social Media,Mobile,1,0,0,0,0,0,0.0,2024-03-25 07:45:00
8096,sess_08096,Organic Search,Tablet,1,0,0,0,0,0,0.0,2024-03-25 08:00:00
8097,sess_08097,Paid Ad,Desktop,1,0,0,0,0,0,0.0,2024-03-25 08:15:00
8098,sess_08098,Referral,Mobile,1,0,0,0,0,0,0.0,2024-03-25 08:30:00
8099,sess_08099,Social Media,Tablet,1,0,0,0,0,0,0.0,2024-03-25 08:45:00
8100,sess_08100,Organic Search,Desktop,1,0,0,0,0,0,0.0,2024-03-25 09:00:00
8101,sess_08101,Paid Ad,Mobile,1,0,0,0,0,0,0.0,2024-03-25 09:15:00
8102,sess_08102,Referral,Tablet,1,0,0,0,0,0,0.0,2024-03-25 09:30:00
8103,sess_08103,Social Media,Desktop,1,0,0,0,0,0,0.0,2024-03-25 09:45:00
8104,sess_08104,Organic Search,Mobile,1,0,0,0,0,0,0.0,2024-03-25 10:00:00
8105,sess_08105,Paid Ad,Tablet,1,0,0,0,0,0,0.0,2024-03-25 10:15:00
8106,sess_08106,Referral,Desktop,1,0,0,0,0,0,0.0,2024-03-25 10:30:00
8107,sess_08107,Social Media,Mobile,1,0,0,0,0,0,0.0,2024-03-25 10:45:00
8108,sess_08108,Organic Search,Tablet,1,0,0,0,0,0,0.0,2024-03-25 11:00:00
8109,sess_08109,Paid Ad,Desktop,1,0,0,0,0,0,0.0,2024-03-25 11:15:00
8110,sess_08110,Referral,Mobile,1,0,0,0,0,0,0.0,2024-03-25 11:30:00
8111,sess_08111,Social Media,Tablet,1,0,0,0,0,0,0.0,2024-03-25 11:45:00
8112,sess_08112,Organic Search,Desktop,1,0,0,0,0,0,0.0,2024-03-25 12:00:00
8113,sess_08113,Paid Ad,Mobile,1,0,0,0,0,0,0.0,2024-03-25 12:15:00
8114,sess_08114,Referral,Tablet,1,0,0,0,0,0,0.0,2024-03-25 12:30:00
8115,sess_08115,Social Media,Desktop,1,0,0,0,0,0,0.0,2024-03-25 12:45:00
8116,sess_08116,Organic Search,Mobile,1,0,0,0,0,0,0.0,2024-03-25 13:00:00
8117,sess_08117,Paid Ad,Tablet,1,0,0,0,0,0,0.0,2024-03-25 13:15:00
8118,sess_08118,Referral,Desktop,1,0,0,0,0,0,0.0,2024-03-25 13:30:00
8119,sess_08119,Social Media,Mobile,1,0,0,0,0,0,0.0,2024-03-25 13:45:00
8120,sess_08120,Organic Search,Tablet,1,0,0,0,0,0,0.0,2024-03-25 14:00:00
8121,sess_08121,Paid Ad,Desktop,1,0,0,0,0,0,0.0,2024-03-25 14:15:00
8122,sess_08122,Referral,Mobile,1,0,0,0,0,0,0.0,2024-03-25 14:30:00
8123,sess_08123,Social Media,Tablet,1,0,0,0,0,0,0.0,2024-03-25 14:45:00
8124,sess_08124,Organic Search,Desktop,1,0,0,0,0,0,0.0,2024-03-25 15:00:00
8125,sess_08125,Paid Ad,Mobile,1,0,0,0,0,0,0.0,2024-03-25 15:15:00
8126,sess_08126,Referral,Tablet,1,0,0,0,0,0,0.0,2024-03-25 15:30:00
8127,sess_08127,Social Media,Desktop,1,0,0,0,0,0,0.0,2024-03-25 15:45:00
8128,sess_08128,Organic Search,Mobile,1,0,0,0,0,0,0.0,2024-03-25 16:00:00
8129,sess_08129,Paid Ad,Tablet,1,0,0,0,0,0,0.0,2024-03-25 16:15:00
8130,sess_08130,Referral,Desktop,1,0,0,0,0,0,0.0,2024-03-25 16:30:00
8131,sess_08131,Social Media,Mobile,1,0,0,0,0,0,0.0,2024-03-25 16:45:00
8132,sess_08132,Organic Search,Tablet,1,0,0,0,0,0,0.0,2024-03-25 17:00:00
8133,sess_08133,Paid Ad,Desktop,1,0,0,0,0,0,0.0,2024-03-25 17:15:00
8134,sess_08134,Referral,Mobile,1,0,0,0,0,0,0.0,2024-03-25 17:30:00
8135,sess_08135,Social Media,Tablet,1,0,0,0,0,0,0.0,2024-03-25 17:45:00
8136,sess_08136,Organic Search,Desktop,1,0,0,0,0,0,0.0,2024-03-25 18:00:00
8137,sess_08137,Paid Ad,Mobile,1,0,0,0,0,0,0.0,2024-03-25 18:15:00
8138,sess_08138,Referral,Tablet,1,0,0,0,0,0,0.0,2024-03-25 18:30:00
8139,sess_08139,Social Media,Desktop,1,0,0,0,0,0,0.0,2024-03-25 18:45:00
8140,sess_08140,Organic Search,Mobile,1,0,0,0,0,0,0.0,2024-03-25 19:00:00
8141,sess_08141,Paid Ad,Tablet,1,0,0,0,0,0,0.0,2024-03-25 19:15:00
8142,sess_08142,Referral,Desktop,1,0,0,0,0,0,0.0,2024-03-25 19:30:00
8143,sess_08143,Social Media,Mobile,1,0,0,0,0,0,0.0,2024-03-25 19:45:00
8144,sess_08144,Organic Search,Tablet,1,0,0,0,0,0,0.0,2024-03-25 20:00:00
8145,sess_08145,Paid Ad,Desktop,1,0,0,0,0,0,0.0,2024-03-25 20:15:00
8146,sess_08146,Referral,Mobile,1,0,0,0,0,0,0.0,2024-03-25 20:30:00
8147,sess_08147,Social Media,Tablet,1,0,0,0,0,0,0.0,2024-03-25 20:45:00
8148,sess_08148,Organic Search,Desktop,1,0,0,0,0,0,0.0,2024-03-25 21:00:00
8149,sess_08149,Paid Ad,Mobile,1,0,0,0,0,0,0.0,2024-03-25 21:15:00
8150,sess_08150,Referral,Tablet,1,0,0,0,0,0,0.0,2024-03-25 21:30:00
8151,sess_08151,Social Media,Desktop,1,0,0,0,0,0,0.0,2024-03-25 21:45:00
8152,sess_08152,Organic Search,Mobile,1,0,0,0,0,0,0.0,2024-03-25 22:00:00
8153,sess_08153,Paid Ad,Tablet,1,0,0,0,0,0,0.0,2024-03-25 22:15:00
8154,sess_08154,Referral,Desktop,1,0,0,0,0,0,0.0,2024-03-25 22:30:00
8155,sess_08155,Social Media,Mobile,1,0,0,0,0,0,0.0,2024-03-25 22:45:00
8156,sess_08156,Organic Search,Tablet,1,0,0,0,0,0,0.0,2024-03-25 23:00:00
8157,sess_08157,Paid Ad,Desktop,1,0,0,0,0,0,0.0,2024-03-25 23:15:00
8158,sess_08158,Referral,Mobile,1,0,0,0,0,0,0.0,2024-03-25 23:30:00
8159,sess_08159,Social Media,Tablet,1,0,0,0,0,0,0.0,2024-03-25 23:45:00
8160,sess_08160,Organic Search,Desktop,1,0,0,0,0,0,0.0,2024-03-26 00:00:00
8161,sess_08161,Paid Ad,Mobile,1,0,0,0,0,0,0.0,2024-03-26 00:15:00
8162,sess_08162,Referral,Tablet,1,0,0,0,0,0,0.0,2024-03-26 00:30:00
8163,sess_08163,Social Media,Desktop,1,0,0,0,0,0,0.0,2024-03-26 00:45:00
8164,sess_08164,Organic Search,Mobile,1,0,0,0,0,0,0.0,2024-03-26 01:00:00
8165,sess_08165,Paid Ad,Tablet,1,0,0,0,0,0,0.0,2024-03-26 01:15:00
8166,sess_08166,Referral,Desktop,1,0,0,0,0,0,0.0,2024-03-26 01:30:00
8167,sess_08167,Social Media,Mobile,1,0,0,0,0,0,0.0,2024-03-26 01:45:00
8168,sess_08168,Organic Search,Tablet,1,0,0,0,0,0,0.0,2024-03-26 02:00:00
8169,sess_08169,Paid Ad,Desktop,1,0,0,0,0,0,0.0,2024-03-26 02:15:00
8170,sess_08170,Referral,Mobile,1,0,0,0,0,0,0.0,2024-03-26 02:30:00
8171,sess_08171,Social Media,Tablet,1,0,0,0,0,0,0.0,2024-03-26 02:45:00
8172,sess_08172,Organic Search,Desktop,1,0,0,0,0,0,0.0,2024-03-26 03:00:00
8173,sess_08173,Paid Ad,Mobile,1,0,0,0,0,0,0.0,2024-03-26 03:15:00
8174,sess_08174,Referral,Tablet,1,0,0,0,0,0,0.0,2024-03-26 03:30:00
8175,sess_08175,Social Media,Desktop,1,0,0,0,0,0,0.0,2024-03-26 03:45:00
8176,sess_08176,Organic Search,Mobile,1,0,0,0,0,0,0.0,2024-03-26 04:00:00
8177,sess_08177,Paid Ad,Tablet,1,0,0,0,0,0,0.0,2024-03-26 04:15:00
8178,sess_08178,Referral,Desktop,1,0,0,0,0,0,0.0,2024-03-26 04:30:00
8179,sess_08179,Social Media,Mobile,1,0,0,0,0,0,0.0,2024-03-26 04:45:00
8180,sess_08180,Organic Search,Tablet,1,0,0,0,0,0,0.0,2024-03-26 05:00:00
8181,sess_08181,Paid Ad,Desktop,1,0,0,0,0,0,0.0,2024-03-26 05:15:00
8182,sess_08182,Referral,Mobile,1,0,0,0,0,0,0.0,2024-03-26 05:30:00
8183,sess_08183,Social Media,Tablet,1,0,0,0,0,0,0.0,2024-03-26 05:45:00
8184,sess_08184,Organic Search,Desktop,1,0,0,0,0,0,0.0,2024-03-26 06:00:00
8185,sess_08185,Paid Ad,Mobile,1,0,0,0,0,0,0.0,2024-03-26 06:15:00
8186,sess_08186,Referral,Tablet,1,0,0,0,0,0,0.0,2024-03-26 06:30:00
8187,sess_08187,Social Media,Desktop,1,0,0,0,0,0,0.0,2024-03-26 06:45:00
8188,sess_08188,Organic Search,Mobile,1,0,0,0,0,0,0.0,2024-03-26 07:00:00
8189,sess_08189,Paid Ad,Tablet,1,0,0,0,0,0,0.0,2024-03-26 07:15:00
8190,sess_08190,Referral,Desktop,1,0,0,0,0,0,0.0,2024-03-26 07:30:00
8191,sess_08191,Social Media,Mobile,1,0,0,0,0,0,0.0,2024-03-26 07:45:00
8192,sess_08192,Organic Search,Tablet,1,0,0,0,0,0,0.0,2024-03-26 08:00:00
8193,sess_08193,Paid Ad,Desktop,1,0,0,0,0,0,0.0,2024-03-26 08:15:00
8194,sess_08194,Referral,Mobile,1,0,0,0,0,0,0.0,2024-03-26 08:30:00
8195,sess_08195,Social Media,Tablet,1,0,0,0,0,0,0.0,2024-03-26 08:45:00
8196,sess_08196,Organic Search,Desktop,1,0,0,0,0,0,0.0,2024-03-26 09:00:00
8197,sess_08197,Paid Ad,Mobile,1,0,0,0,0,0,0.0,2024-03-26 09:15:00
8198,sess_08198,Referral,Tablet,1,0,0,0,0,0,0.0,2024-03-26 09:30:00
8199,sess_08199,Social Media,Desktop,1,0,0,0,0,0,0.0,2024-03-26 09:45:00
8200,sess_08200,Organic Search,Mobile,1,0,0,0,0,0,0.0,2024-03-26 10:00:00
8201,sess_08201,Paid Ad,Tablet,1,0,0,0,0,0,0.0,2024-03-26 10:15:00
8202,sess_08202,Referral,Desktop,1,0,0,0,0,0,0.0,2024-03-26 10:30:00
8203,sess_08203,Social Media,Mobile,1,0,0,0,0,0,0.0,2024-03-26 10:45:00
8204,sess_08204,Organic Search,Tablet,1,0,0,0,0,0,0.0,2024-03-26 11:00:00
8205,sess_08205,Paid Ad,Desktop,1,0,0,0,0,0,0.0,2024-03-26 11:15:00
8206,sess_08206,Referral,Mobile,1,0,0,0,0,0,0.0,2024-03-26 11:30:00
8207,sess_08207,Social Media,Tablet,1,0,0,0,0,0,0.0,2024-03-26 11:45:00
8208,sess_08208,Organic Search,Desktop,1,0,0,0,0,0,0.0,2024-03-26 12:00:00
8209,sess_08209,Paid Ad,Mobile,1,0,0,0,0,0,0.0,2024-03-26 12:15:00
8210,sess_08210,Referral,Tablet,1,0,0,0,0,0,0.0,2024-03-26 12:30:00
8211,sess_08211,Social Media,Desktop,1,0,0,0,0,0,0.0,2024-03-26 12:45:00
8212,sess_08212,Organic Search,Mobile,1,0,0,0,0,0,0.0,2024-03-26 13:00:00
8213,sess_08213,Paid Ad,Tablet,1,0,0,0,0,0,0.0,2024-03-26 13:15:00
8214,sess_08214,Referral,Desktop,1,0,0,0,0,0,0.0,2024-03-26 13:30:00
8215,sess_08215,Social Media,Mobile,1,0,0,0,0,0,0.0,2024-03-26 13:45:00
8216,sess_08216,Organic Search,Tablet,1,0,0,0,0,0,0.0,2024-03-26 14:00:00
8217,sess_08217,Paid Ad,Desktop,1,0,0,0,0,0,0.0,2024-03-26 14:15:00
8218,sess_08218,Referral,Mobile,1,0,0,0,0,0,0.0,2024-03-26 14:30:00
8219,sess_08219,Social Media,Tablet,1,0,0,0,0,0,0.0,2024-03-26 14:45:00
8220,sess_08220,Organic Search,Desktop,1,0,0,0,0,0,0.0,2024-03-26 15:00:00
8221,sess_08221,Paid Ad,Mobile,1,0,0,0,0,0,0.0,2024-03-26 15:15:00
8222,sess_08222,Referral,Tablet,1,0,0,0,0,0,0.0,2024-03-26 15:30:00
8223,sess_08223,Social Media,Desktop,1,0,0,0,0,0,0.0,2024-03-26 15:45:00
8224,sess_08224,Organic Search,Mobile,1,0,0,0,0,0,0.0,2024-03-26 16:00:00
8225,sess_08225,Paid Ad,Tablet,1,0,0,0,0,0,0.0,2024-03-26 16:15:00
8226,sess_08226,Referral,Desktop,1,0,0,0,0,0,0.0,2024-03-26 16:30:00
8227,sess_08227,Social Media,Mobile,1,0,0,0,0,0,0.0,2024-03-26 16:45:00
8228,sess_08228,Organic Search,Tablet,1,0,0,0,0,0,0.0,2024-03-26 17:00:00
8229,sess_08229,Paid Ad,Desktop,1,0,0,0,0,0,0.0,2024-03-26 17:15:00
8230,sess_08230,Referral,Mobile,1,0,0,0,0,0,0.0,2024-03-26 17:30:00
8231,sess_08231,Social Media,Tablet,1,0,0,0,0,0,0.0,2024-03-26 17:45:00
8232,sess_08232,Organic Search,Desktop,1,0,0,0,0,0,0.0,2024-03-26 18:00:00
8233,sess_08233,Paid Ad,Mobile,1,0,0,0,0,0,0.0,2024-03-26 18:15:00
8234,sess_08234,Referral,Tablet,1,0,0,0,0,0,0.0,2024-03-26 18:30:00
8235,sess_08235,Social Media,Desktop,1,0,0,0,0,0,0.0,2024-03-26 18:45:00
8236,sess_08236,Organic Search,Mobile,1,0,0,0,0,0,0.0,2024-03-26 19:00:00
8237,sess_08237,Paid Ad,Tablet,1,0,0,0,0,0,0.0,2024-03-26 19:15:00
8238,sess_08238,Referral,Desktop,1,0,0,0,0,0,0.0,2024-03-26 19:30:00
8239,sess_08239,Social Media,Mobile,1,0,0,0,0,0,0.0,2024-03-26 19:45:00
8240,sess_08240,Organic Search,Tablet,1,0,0,0,0,0,0.0,2024-03-26 20:00:00
8241,sess_08241,Paid Ad,Desktop,1,0,0,0,0,0,0.0,2024-03-26 20:15:00
8242,sess_08242,Referral,Mobile,1,0,0,0,0,0,0.0,2024-03-26 20:30:00
8243,sess_08243,Social Media,Tablet,1,0,0,0,0,0,0.0,2024-03-26 20:45:00
8244,sess_08244,Organic Search,Desktop,1,0,0,0,0,0,0.0,2024-03-26 21:00:00
8245,sess_08245,Paid Ad,Mobile,1,0,0,0,0,0,0.0,2024-03-26 21:15:00
8246,sess_08246,Referral,Tablet,1,0,0,0,0,0,0.0,2024-03-26 21:30:00
8247,sess_08247,Social Media,Desktop,1,0,0,0,0,0,0.0,2024-03-26 21:45:00
8248,sess_08248,Organic Search,Mobile,1,0,0,0,0,0,0.0,2024-03-26 22:00:00
8249,sess_08249,Paid Ad,Tablet,1,0,0,0,0,0,0.0,2024-03-26 22:15:00
8250,sess_08250,Referral,Desktop,1,0,0,0,0,0,0.0,2024-03-26 22:30:00
8251,sess_08251,Social Media,Mobile,1,0,0,0,0,0,0.0,2024-03-26 22:45:00
8252,sess_08252,Organic Search,Tablet,1,0,0,0,0,0,0.0,2024-03-26 23:00:00
8253,sess_08253,Paid Ad,Desktop,1,0,0,0,0,0,0.0,2024-03-26 23:15:00
8254,sess_08254,Referral,Mobile,1,0,0,0,0,0,0.0,2024-03-26 23:30:00
8255,sess_08255,Social Media,Tablet,1,0,0,0,0,0,0.0,2024-03-26 23:45:00
8256,sess_08256,Organic Search,Desktop,1,0,0,0,0,0,0.0,2024-03-27 00:00:00
8257,sess_08257,Paid Ad,Mobile,1,0,0,0,0,0,0.0,2024-03-27 00:15:00
8258,sess_08258,Referral,Tablet,1,0,0,0,0,0,0.0,2024-03-27 00:30:00
8259,sess_08259,Social Media,Desktop,1,0,0,0,0,0,0.0,2024-03-27 00:45:00
8260,sess_08260,Organic Search,Mobile,1,0,0,0,0,0,0.0,2024-03-27 01:00:00
8261,sess_08261,Paid Ad,Tablet,1,0,0,0,0,0,0.0,2024-03-27 01:15:00
8262,sess_08262,Referral,Desktop,1,0,0,0,0,0,0.0,2024-03-27 01:30:00
8263,sess_08263,Social Media,Mobile,1,0,0,0,0,0,0.0,2024-03-27 01:45:00
8264,sess_08264,Organic Search,Tablet,1,0,0,0,0,0,0.0,2024-03-27 02:00:00
8265,sess_08265,Paid Ad,Desktop,1,0,0,0,0,0,0.0,2024-03-27 02:15:00
8266,sess_08266,Referral,Mobile,1,0,0,0,0,0,0.0,2024-03-27 02:30:00
8267,sess_08267,Social Media,Tablet,1,0,0,0,0,0,0.0,2024-03-27 02:45:00
8268,sess_08268,Organic Search,Desktop,1,0,0,0,0,0,0.0,2024-03-27 03:00:00
8269,sess_08269,Paid Ad,Mobile,1,0,0,0,0,0,0.0,2024-03-27 03:15:00
8270,sess_08270,Referral,Tablet,1,0,0,0,0,0,0.0,2024-03-27 03:30:00
8271,sess_08271,Social Media,Desktop,1,0,0,0,0,0,0.0,2024-03-27 03:45:00
8272,sess_08272,Organic Search,Mobile,1,0,0,0,0,0,0.0,2024-03-27 04:00:00
8273,sess_08273,Paid Ad,Tablet,1,0,0,0,0,0,0.0,2024-03-27 04:15:00
8274,sess_08274,Referral,Desktop,1,0,0,0,0,0,0.0,2024-03-27 04:30:00
8275,sess_08275,Social Media,Mobile,1,0,0,0,0,0,0.0,2024-03-27 04:45:00
8276,sess_08276,Organic Search,Tablet,1,0,0,0,0,0,0.0,2024-03-27 05:00:00
8277,sess_08277,Paid Ad,Desktop,1,0,0,0,0,0,0.0,2024-03-27 05:15:00
8278,sess_08278,Referral,Mobile,1,0,0,0,0,0,0.0,2024-03-27 05:30:00
8279,sess_08279,Social Media,Tablet,1,0,0,0,0,0,0.0,2024-03-27 05:45:00
8280,sess_08280,Organic Search,Desktop,1,0,0,0,0,0,0.0,2024-03-27 06:00:00
8281,sess_08281,Paid Ad,Mobile,1,0,0,0,0,0,0.0,2024-03-27 06:15:00
8282,sess_08282,Referral,Tablet,1,0,0,0,0,0,0.0,2024-03-27 06:30:00
8283,sess_08283,Social Media,Desktop,1,0,0,0,0,0,0.0,2024-03-27 06:45:00
8284,sess_08284,Organic Search,Mobile,1,0,0,0,0,0,0.0,2024-03-27 07:00:00
8285,sess_08285,Paid Ad,Tablet,1,0,0,0,0,0,0.0,2024-03-27 07:15:00
8286,sess_08286,Referral,Desktop,1,0,0,0,0,0,0.0,2024-03-27 07:30:00
8287,sess_08287,Social Media,Mobile,1,0,0,0,0,0,0.0,2024-03-27 07:45:00
8288,sess_08288,Organic Search,Tablet,1,0,0,0,0,0,0.0,2024-03-27 08:00:00
8289,sess_08289,Paid Ad,Desktop,1,0,0,0,0,0,0.0,2024-03-27 08:15:00
8290,sess_08290,Referral,Mobile,1,0,0,0,0,0,0.0,2024-03-27 08:30:00
8291,sess_08291,Social Media,Tablet,1,0,0,0,0,0,0.0,2024-03-27 08:45:00
8292,sess_08292,Organic Search,Desktop,1,0,0,0,0,0,0.0,2024-03-27 09:00:00
8293,sess_08293,Paid Ad,Mobile,1,0,0,0,0,0,0.0,2024-03-27 09:15:00
8294,sess_08294,Referral,Tablet,1,0,0,0,0,0,0.0,2024-03-27 09:30:00
8295,sess_08295,Social Media,Desktop,1,0,0,0,0,0,0.0,2024-03-27 09:45:00
8296,sess_08296,Organic Search,Mobile,1,0,0,0,0,0,0.0,2024-03-27 10:00:00
8297,sess_08297,Paid Ad,Tablet,1,0,0,0,0,0,0.0,2024-03-27 10:15:00
8298,sess_08298,Referral,Desktop,1,0,0,0,0,0,0.0,2024-03-27 10:30:00
8299,sess_08299,Social Media,Mobile,1,0,0,0,0,0,0.0,2024-03-27 10:45:00
8300,sess_08300,Organic Search,Tablet,1,0,0,0,0,0,0.0,2024-03-27 11:00:00
8301,sess_08301,Paid Ad,Desktop,1,0,0,0,0,0,0.0,2024-03-27 11:15:00
8302,sess_08302,Referral,Mobile,1,0,0,0,0,0,0.0,2024-03-27 11:30:00
8303,sess_08303,Social Media,Tablet,1,0,0,0,0,0,0.0,2024-03-27 11:45:00
8304,sess_08304,Organic Search,Desktop,1,0,0,0,0,0,0.0,2024-03-27 12:00:00
8305,sess_08305,Paid Ad,Mobile,1,0,0,0,0,0,0.0,2024-03-27 12:15:00
8306,sess_08306,Referral,Tablet,1,0,0,0,0,0,0.0,2024-03-27 12:30:00
8307,sess_08307,Social Media,Desktop,1,0,0,0,0,0,0.0,2024-03-27 12:45:00
8308,sess_08308,Organic Search,Mobile,1,0,0,0,0,0,0.0,2024-03-27 13:00:00
8309,sess_08309,Paid Ad,Tablet,1,0,0,0,0,0,0.0,2024-03-27 13:15:00
8310,sess_08310,Referral,Desktop,1,0,0,0,0,0,0.0,2024-03-27 13:30:00
8311,sess_08311,Social Media,Mobile,1,0,0,0,0,0,0.0,2024-03-27 13:45:00
8312,sess_08312,Organic Search,Tablet,1,0,0,0,0,0,0.0,2024-03-27 14:00:00
8313,sess_08313,Paid Ad,Desktop,1,0,0,0,0,0,0.0,2024-03-27 14:15:00
8314,sess_08314,Referral,Mobile,1,0,0,0,0,0,0.0,2024-03-27 14:30:00
8315,sess_08315,Social Media,Tablet,1,0,0,0,0,0,0.0,2024-03-27 14:45:00
8316,sess_08316,Organic Search,Desktop,1,0,0,0,0,0,0.0,2024-03-27 15:00:00
8317,sess_08317,Paid Ad,Mobile,1,0,0,0,0,0,0.0,2024-03-27 15:15:00
8318,sess_08318,Referral,Tablet,1,0,0,0,0,0,0.0,2024-03-27 15:30:00
8319,sess_08319,Social Media,Desktop,1,0,0,0,0,0,0.0,2024-03-27 15:45:00
8320,sess_08320,Organic Search,Mobile,1,0,0,0,0,0,0.0,2024-03-27 16:00:00
8321,sess_08321,Paid Ad,Tablet,1,0,0,0,0,0,0.0,2024-03-27 16:15:00
8322,sess_08322,Referral,Desktop,1,0,0,0,0,0,0.0,2024-03-27 16:30:00
8323,sess_08323,Social Media,Mobile,1,0,0,0,0,0,0.0,2024-03-27 16:45:00
8324,sess_08324,Organic Search,Tablet,1,0,0,0,0,0,0.0,2024-03-27 17:00:00
8325,sess_08325,Paid Ad,Desktop,1,0,0,0,0,0,0.0,2024-03-27 17:15:00
8326,sess_08326,Referral,Mobile,1,0,0,0,0,0,0.0,2024-03-27 17:30:00
8327,sess_08327,Social Media,Tablet,1,0,0,0,0,0,0.0,2024-03-27 17:45:00
8328,sess_08328,Organic Search,Desktop,1,0,0,0,0,0,0.0,2024-03-27 18:00:00
8329,sess_08329,Paid Ad,Mobile,1,0,0,0,0,0,0.0,2024-03-27 18:15:00
8330,sess_08330,Referral,Tablet,1,0,0,0,0,0,0.0,2024-03-27 18:30:00
8331,sess_08331,Social Media,Desktop,1,0,0,0,0,0,0.0,2024-03-27 18:45:00
8332,sess_08332,Organic Search,Mobile,1,0,0,0,0,0,0.0,2024-03-27 19:00:00
8333,sess_08333,Paid Ad,Tablet,1,0,0,0,0,0,0.0,2024-03-27 19:15:00
8334,sess_08334,Referral,Desktop,1,0,0,0,0,0,0.0,2024-03-27 19:30:00
8335,sess_08335,Social Media,Mobile,1,0,0,0,0,0,0.0,2024-03-27 19:45:00
8336,sess_08336,Organic Search,Tablet,1,0,0,0,0,0,0.0,2024-03-27 20:00:00
8337,sess_08337,Paid Ad,Desktop,1,0,0,0,0,0,0.0,2024-03-27 20:15:00
8338,sess_08338,Referral,Mobile,1,0,0,0,0,0,0.0,2024-03-27 20:30:00
8339,sess_08339,Social Media,Tablet,1,0,0,0,0,0,0.0,2024-03-27 20:45:00
8340,sess_08340,Organic Search,Desktop,1,0,0,0,0,0,0.0,2024-03-27 21:00:00
8341,sess_08341,Paid Ad,Mobile,1,0,0,0,0,0,0.0,2024-03-27 21:15:00
8342,sess_08342,Referral,Tablet,1,0,0,0,0,0,0.0,2024-03-27 21:30:00
8343,sess_08343,Social Media,Desktop,1,0,0,0,0,0,0.0,2024-03-27 21:45:00
8344,sess_08344,Organic Search,Mobile,1,0,0,0,0,0,0.0,2024-03-27 22:00:00
8345,sess_08345,Paid Ad,Tablet,1,0,0,0,0,0,0.0,2024-03-27 22:15:00
8346,sess_08346,Referral,Desktop,1,0,0,0,0,0,0.0,2024-03-27 22:30:00
8347,sess_08347,Social Media,Mobile,1,0,0,0,0,0,0.0,2024-03-27 22:45:00
8348,sess_08348,Organic Search,Tablet,1,0,0,0,0,0,0.0,2024-03-27 23:00:00
8349,sess_08349,Paid Ad,Desktop,1,0,0,0,0,0,0.0,2024-03-27 23:15:00
8350,sess_08350,Referral,Mobile,1,0,0,0,0,0,0.0,2024-03-27 23:30:00
8351,sess_08351,Social Media,Tablet,1,0,0,0,0,0,0.0,2024-03-27 23:45:00
8352,sess_08352,Organic Search,Desktop,1,0,0,0,0,0,0.0,2024-03-28 00:00:00
8353,sess_08353,Paid Ad,Mobile,1,0,0,0,0,0,0.0,2024-03-28 00:15:00
8354,sess_08354,Referral,Tablet,1,0,0,0,0,0,0.0,2024-03-28 00:30:00
8355,sess_08355,Social Media,Desktop,1,0,0,0,0,0,0.0,2024-03-28 00:45:00
8356,sess_08356,Organic Search,Mobile,1,0,0,0,0,0,0.0,2024-03-28 01:00:00
8357,sess_08357,Paid Ad,Tablet,1,0,0,0,0,0,0.0,2024-03-28 01:15:00
8358,sess_08358,Referral,Desktop,1,0,0,0,0,0,0.0,2024-03-28 01:30:00
8359,sess_08359,Social Media,Mobile,1,0,0,0,0,0,0.0,2024-03-28 01:45:00
8360,sess_08360,Organic Search,Tablet,1,0,0,0,0,0,0.0,2024-03-28 02:00:00
8361,sess_08361,Paid Ad,Desktop,1,0,0,0,0,0,0.0,2024-03-28 02:15:00
8362,sess_08362,Referral,Mobile,1,0,0,0,0,0,0.0,2024-03-28 02:30:00
8363,sess_08363,Social Media,Tablet,1,0,0,0,0,0,0.0,2024-03-28 02:45:00
8364,sess_08364,Organic Search,Desktop,1,0,0,0,0,0,0.0,2024-03-28 03:00:00
8365,sess_08365,Paid Ad,Mobile,1,0,0,0,0,0,0.0,2024-03-28 03:15:00
8366,sess_08366,Referral,Tablet,1,0,0,0,0,0,0.0,2024-03-28 03:30:00
8367,sess_08367,Social Media,Desktop,1,0,0,0,0,0,0.0,2024-03-28 03:45:00
8368,sess_08368,Organic Search,Mobile,1,0,0,0,0,0,0.0,2024-03-28 04:00:00
8369,sess_08369,Paid Ad,Tablet,1,0,0,0,0,0,0.0,2024-03-28 04:15:00
8370,sess_08370,Referral,Desktop,1,0,0,0,0,0,0.0,2024-03-28 04:30:00
8371,sess_08371,Social Media,Mobile,1,0,0,0,0,0,0.0,2024-03-28 04:45:00
8372,sess_08372,Organic Search,Tablet,1,0,0,0,0,0,0.0,2024-03-28 05:00:00
8373,sess_08373,Paid Ad,Desktop,1,0,0,0,0,0,0.0,2024-03-28 05:15:00
8374,sess_08374,Referral,Mobile,1,0,0,0,0,0,0.0,2024-03-28 05:30:00
8375,sess_08375,Social Media,Tablet,1,0,0,0,0,0,0.0,2024-03-28 05:45:00
8376,sess_08376,Organic Search,Desktop,1,0,0,0,0,0,0.0,2024-03-28 06:00:00
8377,sess_08377,Paid Ad,Mobile,1,0,0,0,0,0,0.0,2024-03-28 06:15:00
8378,sess_08378,Referral,Tablet,1,0,0,0,0,0,0.0,2024-03-28 06:30:00
8379,sess_08379,Social Media,Desktop,1,0,0,0,0,0,0.0,2024-03-28 06:45:00
8380,sess_08380,Organic Search,Mobile,1,0,0,0,0,0,0.0,2024-03-28 07:00:00
8381,sess_08381,Paid Ad,Tablet,1,0,0,0,0,0,0.0,2024-03-28 07:15:00
8382,sess_08382,Referral,Desktop,1,0,0,0,0,0,0.0,2024-03-28 07:30:00
8383,sess_08383,Social Media,Mobile,1,0,0,0,0,0,0.0,2024-03-28 07:45:00
8384,sess_08384,Organic Search,Tablet,1,0,0,0,0,0,0.0,2024-03-28 08:00:00
8385,sess_08385,Paid Ad,Desktop,1,0,0,0,0,0,0.0,2024-03-28 08:15:00
8386,sess_08386,Referral,Mobile,1,0,0,0,0,0,0.0,2024-03-28 08:30:00
8387,sess_08387,Social Media,Tablet,1,0,0,0,0,0,0.0,2024-03-28 08:45:00
8388,sess_08388,Organic Search,Desktop,1,0,0,0,0,0,0.0,2024-03-28 09:00:00
8389,sess_08389,Paid Ad,Mobile,1,0,0,0,0,0,0.0,2024-03-28 09:15:00
8390,sess_08390,Referral,Tablet,1,0,0,0,0,0,0.0,2024-03-28 09:30:00
8391,sess_08391,Social Media,Desktop,1,0,0,0,0,0,0.0,2024-03-28 09:45:00
8392,sess_08392,Organic Search,Mobile,1,0,0,0,0,0,0.0,2024-03-28 10:00:00
8393,sess_08393,Paid Ad,Tablet,1,0,0,0,0,0,0.0,2024-03-28 10:15:00
8394,sess_08394,Referral,Desktop,1,0,0,0,0,0,0.0,2024-03-28 10:30:00
8395,sess_08395,Social Media,Mobile,1,0,0,0,0,0,0.0,2024-03-28 10:45:00
8396,sess_08396,Organic Search,Tablet,1,0,0,0,0,0,0.0,2024-03-28 11:00:00
8397,sess_08397,Paid Ad,Desktop,1,0,0,0,0,0,0.0,2024-03-28 11:15:00
8398,sess_08398,Referral,Mobile,1,0,0,0,0,0,0.0,2024-03-28 11:30:00
8399,sess_08399,Social Media,Tablet,1,0,0,0,0,0,0.0,2024-03-28 11:45:00
8400,sess_08400,Organic Search,Desktop,1,0,0,0,0,0,0.0,2024-03-28 12:00:00
8401,sess_08401,Paid Ad,Mobile,1,0,0,0,0,0,0.0,2024-03-28 12:15:00
8402,sess_08402,Referral,Tablet,1,0,0,0,0,0,0.0,2024-03-28 12:30:00
8403,sess_08403,Social Media,Desktop,1,0,0,0,0,0,0.0,2024-03-28 12:45:00
8404,sess_08404,Organic Search,Mobile,1,0,0,0,0,0,0.0,2024-03-28 13:00:00
8405,sess_08405,Paid Ad,Tablet,1,0,0,0,0,0,0.0,2024-03-28 13:15:00
8406,sess_08406,Referral,Desktop,1,0,0,0,0,0,0.0,2024-03-28 13:30:00
8407,sess_08407,Social Media,Mobile,1,0,0,0,0,0,0.0,2024-03-28 13:45:00
8408,sess_08408,Organic Search,Tablet,1,0,0,0,0,0,0.0,2024-03-28 14:00:00
8409,sess_08409,Paid Ad,Desktop,1,0,0,0,0,0,0.0,2024-03-28 14:15:00
8410,sess_08410,Referral,Mobile,1,0,0,0,0,0,0.0,2024-03-28 14:30:00
8411,sess_08411,Social Media,Tablet,1,0,0,0,0,0,0.0,2024-03-28 14:45:00
8412,sess_08412,Organic Search,Desktop,1,0,0,0,0,0,0.0,2024-03-28 15:00:00
8413,sess_08413,Paid Ad,Mobile,1,0,0,0,0,0,0.0,2024-03-28 15:15:00
8414,sess_08414,Referral,Tablet,1,0,0,0,0,0,0.0,2024-03-28 15:30:00
8415,sess_08415,Social Media,Desktop,1,0,0,0,0,0,0.0,2024-03-28 15:45:00
8416,sess_08416,Organic Search,Mobile,1,0,0,0,0,0,0.0,2024-03-28 16:00:00
8417,sess_08417,Paid Ad,Tablet,1,0,0,0,0,0,0.0,2024-03-28 16:15:00
8418,sess_08418,Referral,Desktop,1,0,0,0,0,0,0.0,2024-03-28 16:30:00
8419,sess_08419,Social Media,Mobile,1,0,0,0,0,0,0.0,2024-03-28 16:45:00
8420,sess_08420,Organic Search,Tablet,1,0,0,0,0,0,0.0,2024-03-28 17:00:00
8421,sess_08421,Paid Ad,Desktop,1,0,0,0,0,0,0.0,2024-03-28 17:15:00
8422,sess_08422,Referral,Mobile,1,0,0,0,0,0,0.0,2024-03-28 17:30:00
8423,sess_08423,Social Media,Tablet,1,0,0,0,0,0,0.0,2024-03-28 17:45:00
8424,sess_08424,Organic Search,Desktop,1,0,0,0,0,0,0.0,2024-03-28 18:00:00
8425,sess_08425,Paid Ad,Mobile,1,0,0,0,0,0,0.0,2024-03-28 18:15:00
8426,sess_08426,Referral,Tablet,1,0,0,0,0,0,0.0,2024-03-28 18:30:00
8427,sess_08427,Social Media,Desktop,1,0,0,0,0,0,0.0,2024-03-28 18:45:00
8428,sess_08428,Organic Search,Mobile,1,0,0,0,0,0,0.0,2024-03-28 19:00:00
8429,sess_08429,Paid Ad,Tablet,1,0,0,0,0,0,0.0,2024-03-28 19:15:00
8430,sess_08430,Referral,Desktop,1,0,0,0,0,0,0.0,2024-03-28 19:30:00
8431,sess_08431,Social Media,Mobile,1,0,0,0,0,0,0.0,2024-03-28 19:45:00
8432,sess_08432,Organic Search,Tablet,1,0,0,0,0,0,0.0,2024-03-28 20:00:00
8433,sess_08433,Paid Ad,Desktop,1,0,0,0,0,0,0.0,2024-03-28 20:15:00
8434,sess_08434,Referral,Mobile,1,0,0,0,0,0,0.0,2024-03-28 20:30:00
8435,sess_08435,Social Media,Tablet,1,0,0,0,0,0,0.0,2024-03-28 20:45:00
8436,sess_08436,Organic Search,Desktop,1,0,0,0,0,0,0.0,2024-03-28 21:00:00
8437,sess_08437,Paid Ad,Mobile,1,0,0,0,0,0,0.0,2024-03-28 21:15:00
8438,sess_08438,Referral,Tablet,1,0,0,0,0,0,0.0,2024-03-28 21:30:00
8439,sess_08439,Social Media,Desktop,1,0,0,0,0,0,0.0,2024-03-28 21:45:00
8440,sess_08440,Organic Search,Mobile,1,0,0,0,0,0,0.0,2024-03-28 22:00:00
8441,sess_08441,Paid Ad,Tablet,1,0,0,0,0,0,0.0,2024-03-28 22:15:00
8442,sess_08442,Referral,Desktop,1,0,0,0,0,0,0.0,2024-03-28 22:30:00
8443,sess_08443,Social Media,Mobile,1,0,0,0,0,0,0.0,2024-03-28 22:45:00
8444,sess_08444,Organic Search,Tablet,1,0,0,0,0,0,0.0,2024-03-28 23:00:00
8445,sess_08445,Paid Ad,Desktop,1,0,0,0,0,0,0.0,2024-03-28 23:15:00
8446,sess_08446,Referral,Mobile,1,0,0,0,0,0,0.0,2024-03-28 23:30:00
8447,sess_08447,Social Media,Tablet,1,0,0,0,0,0,0.0,2024-03-28 23:45:00
8448,sess_08448,Organic Search,Desktop,1,0,0,0,0,0,0.0,2024-03-29 00:00:00
8449,sess_08449,Paid Ad,Mobile,1,0,0,0,0,0,0.0,2024-03-29 00:15:00
8450,sess_08450,Referral,Tablet,1,0,0,0,0,0,0.0,2024-03-29 00:30:00
8451,sess_08451,Social Media,Desktop,1,0,0,0,0,0,0.0,2024-03-29 00:45:00
8452,sess_08452,Organic Search,Mobile,1,0,0,0,0,0,0.0,2024-03-29 01:00:00
8453,sess_08453,Paid Ad,Tablet,1,0,0,0,0,0,0.0,2024-03-29 01:15:00
8454,sess_08454,Referral,Desktop,1,0,0,0,0,0,0.0,2024-03-29 01:30:00
8455,sess_08455,Social Media,Mobile,1,0,0,0,0,0,0.0,2024-03-29 01:45:00
8456,sess_08456,Organic Search,Tablet,1,0,0,0,0,0,0.0,2024-03-29 02:00:00
8457,sess_08457,Paid Ad,Desktop,1,0,0,0,0,0,0.0,2024-03-29 02:15:00
8458,sess_08458,Referral,Mobile,1,0,0,0,0,0,0.0,2024-03-29 02:30:00
8459,sess_08459,Social Media,Tablet,1,0,0,0,0,0,0.0,2024-03-29 02:45:00
8460,sess_08460,Organic Search,Desktop,1,0,0,0,0,0,0.0,2024-03-29 03:00:00
8461,sess_08461,Paid Ad,Mobile,1,0,0,0,0,0,0.0,2024-03-29 03:15:00
8462,sess_08462,Referral,Tablet,1,0,0,0,0,0,0.0,2024-03-29 03:30:00
8463,sess_08463,Social Media,Desktop,1,0,0,0,0,0,0.0,2024-03-29 03:45:00
8464,sess_08464,Organic Search,Mobile,1,0,0,0,0,0,0.0,2024-03-29 04:00:00
8465,sess_08465,Paid Ad,Tablet,1,0,0,0,0,0,0.0,2024-03-29 04:15:00
8466,sess_08466,Referral,Desktop,1,0,0,0,0,0,0.0,2024-03-29 04:30:00
8467,sess_08467,Social Media,Mobile,1,0,0,0,0,0,0.0,2024-03-29 04:45:00
8468,sess_08468,Organic Search,Tablet,1,0,0,0,0,0,0.0,2024-03-29 05:00:00
8469,sess_08469,Paid Ad,Desktop,1,0,0,0,0,0,0.0,2024-03-29 05:15:00
8470,sess_08470,Referral,Mobile,1,0,0,0,0,0,0.0,2024-03-29 05:30:00
8471,sess_08471,Social Media,Tablet,1,0,0,0,0,0,0.0,2024-03-29 05:45:00
8472,sess_08472,Organic Search,Desktop,1,0,0,0,0,0,0.0,2024-03-29 06:00:00
8473,sess_08473,Paid Ad,Mobile,1,0,0,0,0,0,0.0,2024-03-29 06:15:00
8474,sess_08474,Referral,Tablet,1,0,0,0,0,0,0.0,2024-03-29 06:30:00
8475,sess_08475,Social Media,Desktop,1,0,0,0,0,0,0.0,2024-03-29 06:45:00
8476,sess_08476,Organic Search,Mobile,1,0,0,0,0,0,0.0,2024-03-29 07:00:00
8477,sess_08477,Paid Ad,Tablet,1,0,0,0,0,0,0.0,2024-03-29 07:15:00
8478,sess_08478,Referral,Desktop,1,0,0,0,0,0,0.0,2024-03-29 07:30:00
8479,sess_08479,Social Media,Mobile,1,0,0,0,0,0,0.0,2024-03-29 07:45:00
8480,sess_08480,Organic Search,Tablet,1,0,0,0,0,0,0.0,2024-03-29 08:00:00
8481,sess_08481,Paid Ad,Desktop,1,0,0,0,0,0,0.0,2024-03-29 08:15:00
8482,sess_08482,Referral,Mobile,1,0,0,0,0,0,0.0,2024-03-29 08:30:00
8483,sess_08483,Social Media,Tablet,1,0,0,0,0,0,0.0,2024-03-29 08:45:00
8484,sess_08484,Organic Search,Desktop,1,0,0,0,0,0,0.0,2024-03-29 09:00:00
8485,sess_08485,Paid Ad,Mobile,1,0,0,0,0,0,0.0,2024-03-29 09:15:00
8486,sess_08486,Referral,Tablet,1,0,0,0,0,0,0.0,2024-03-29 09:30:00
8487,sess_08487,Social Media,Desktop,1,0,0,0,0,0,0.0,2024-03-29 09:45:00
8488,sess_08488,Organic Search,Mobile,1,0,0,0,0,0,0.0,2024-03-29 10:00:00
8489,sess_08489,Paid Ad,Tablet,1,0,0,0,0,0,0.0,2024-03-29 10:15:00
8490,sess_08490,Referral,Desktop,1,0,0,0,0,0,0.0,2024-03-29 10:30:00
8491,sess_08491,Social Media,Mobile,1,0,0,0,0,0,0.0,2024-03-29 10:45:00
8492,sess_08492,Organic Search,Tablet,1,0,0,0,0,0,0.0,2024-03-29 11:00:00
8493,sess_08493,Paid Ad,Desktop,1,0,0,0,0,0,0.0,2024-03-29 11:15:00
8494,sess_08494,Referral,Mobile,1,0,0,0,0,0,0.0,2024-03-29 11:30:00
8495,sess_08495,Social Media,Tablet,1,0,0,0,0,0,0.0,2024-03-29 11:45:00
8496,sess_08496,Organic Search,Desktop,1,0,0,0,0,0,0.0,2024-03-29 12:00:00
8497,sess_08497,Paid Ad,Mobile,1,0,0,0,0,0,0.0,2024-03-29 12:15:00
8498,sess_08498,Referral,Tablet,1,0,0,0,0,0,0.0,2024-03-29 12:30:00
8499,sess_08499,Social Media,Desktop,1,0,0,0,0,0,0.0,2024-03-29 12:45:00
8500,sess_08500,Organic Search,Mobile,1,0,0,0,0,0,0.0,2024-03-29 13:00:00
8501,sess_08501,Paid Ad,Tablet,1,0,0,0,0,0,0.0,2024-03-29 13:15:00
8502,sess_08502,Referral,Desktop,1,0,0,0,0,0,0.0,2024-03-29 13:30:00
8503,sess_08503,Social Media,Mobile,1,0,0,0,0,0,0.0,2024-03-29 13:45:00
8504,sess_08504,Organic Search,Tablet,1,0,0,0,0,0,0.0,2024-03-29 14:00:00
8505,sess_08505,Paid Ad,Desktop,1,0,0,0,0,0,0.0,2024-03-29 14:15:00
8506,sess_08506,Referral,Mobile,1,0,0,0,0,0,0.0,2024-03-29 14:30:00
8507,sess_08507,Social Media,Tablet,1,0,0,0,0,0,0.0,2024-03-29 14:45:00
8508,sess_08508,Organic Search,Desktop,1,0,0,0,0,0,0.0,2024-03-29 15:00:00
8509,sess_08509,Paid Ad,Mobile,1,0,0,0,0,0,0.0,2024-03-29 15:15:00
8510,sess_08510,Referral,Tablet,1,0,0,0,0,0,0.0,2024-03-29 15:30:00
8511,sess_08511,Social Media,Desktop,1,0,0,0,0,0,0.0,2024-03-29 15:45:00
8512,sess_08512,Organic Search,Mobile,1,0,0,0,0,0,0.0,2024-03-29 16:00:00
8513,sess_08513,Paid Ad,Tablet,1,0,0,0,0,0,0.0,2024-03-29 16:15:00
8514,sess_08514,Referral,Desktop,1,0,0,0,0,0,0.0,2024-03-29 16:30:00
8515,sess_08515,Social Media,Mobile,1,0,0,0,0,0,0.0,2024-03-29 16:45:00
8516,sess_08516,Organic Search,Tablet,1,0,0,0,0,0,0.0,2024-03-29 17:00:00
8517,sess_08517,Paid Ad,Desktop,1,0,0,0,0,0,0.0,2024-03-29 17:15:00
8518,sess_08518,Referral,Mobile,1,0,0,0,0,0,0.0,2024-03-29 17:30:00
8519,sess_08519,Social Media,Tablet,1,0,0,0,0,0,0.0,2024-03-29 17:45:00
8520,sess_08520,Organic Search,Desktop,1,0,0,0,0,0,0.0,2024-03-29 18:00:00
8521,sess_08521,Paid Ad,Mobile,1,0,0,0,0,0,0.0,2024-03-29 18:15:00
8522,sess_08522,Referral,Tablet,1,0,0,0,0,0,0.0,2024-03-29 18:30:00
8523,sess_08523,Social Media,Desktop,1,0,0,0,0,0,0.0,2024-03-29 18:45:00
8524,sess_08524,Organic Search,Mobile,1,0,0,0,0,0,0.0,2024-03-29 19:00:00
8525,sess_08525,Paid Ad,Tablet,1,0,0,0,0,0,0.0,2024-03-29 19:15:00
8526,sess_08526,Referral,Desktop,1,0,0,0,0,0,0.0,2024-03-29 19:30:00
8527,sess_08527,Social Media,Mobile,1,0,0,0,0,0,0.0,2024-03-29 19:45:00
8528,sess_08528,Organic Search,Tablet,1,0,0,0,0,0,0.0,2024-03-29 20:00:00
8529,sess_08529,Paid Ad,Desktop,1,0,0,0,0,0,0.0,2024-03-29 20:15:00
8530,sess_08530,Referral,Mobile,1,0,0,0,0,0,0.0,2024-03-29 20:30:00
8531,sess_08531,Social Media,Tablet,1,0,0,0,0,0,0.0,2024-03-29 20:45:00
8532,sess_08532,Organic Search,Desktop,1,0,0,0,0,0,0.0,2024-03-29 21:00:00
8533,sess_08533,Paid Ad,Mobile,1,0,0,0,0,0,0.0,2024-03-29 21:15:00
8534,sess_08534,Referral,Tablet,1,0,0,0,0,0,0.0,2024-03-29 21:30:00
8535,sess_08535,Social Media,Desktop,1,0,0,0,0,0,0.0,2024-03-29 21:45:00
8536,sess_08536,Organic Search,Mobile,1,0,0,0,0,0,0.0,2024-03-29 22:00:00
8537,sess_08537,Paid Ad,Tablet,1,0,0,0,0,0,0.0,2024-03-29 22:15:00
8538,sess_08538,Referral,Desktop,1,0,0,0,0,0,0.0,2024-03-29 22:30:00
8539,sess_08539,Social Media,Mobile,1,0,0,0,0,0,0.0,2024-03-29 22:45:00
8540,sess_08540,Organic Search,Tablet,1,0,0,0,0,0,0.0,2024-03-29 23:00:00
8541,sess_08541,Paid Ad,Desktop,1,0,0,0,0,0,0.0,2024-03-29 23:15:00
8542,sess_08542,Referral,Mobile,1,0,0,0,0,0,0.0,2024-03-29 23:30:00
8543,sess_08543,Social Media,Tablet,1,0,0,0,0,0,0.0,2024-03-29 23:45:00
8544,sess_08544,Organic Search,Desktop,1,0,0,0,0,0,0.0,2024-03-30 00:00:00
8545,sess_08545,Paid Ad,Mobile,1,0,0,0,0,0,0.0,2024-03-30 00:15:00
8546,sess_08546,Referral,Tablet,1,0,0,0,0,0,0.0,2024-03-30 00:30:00
8547,sess_08547,Social Media,Desktop,1,0,0,0,0,0,0.0,2024-03-30 00:45:00
8548,sess_08548,Organic Search,Mobile,1,0,0,0,0,0,0.0,2024-03-30 01:00:00
8549,sess_08549,Paid Ad,Tablet,1,0,0,0,0,0,0.0,2024-03-30 01:15:00
8550,sess_08550,Referral,Desktop,1,0,0,0,0,0,0.0,2024-03-30 01:30:00
8551,sess_08551,Social Media,Mobile,1,0,0,0,0,0,0.0,2024-03-30 01:45:00
8552,sess_08552,Organic Search,Tablet,1,0,0,0,0,0,0.0,2024-03-30 02:00:00
8553,sess_08553,Paid Ad,Desktop,1,0,0,0,0,0,0.0,2024-03-30 02:15:00
8554,sess_08554,Referral,Mobile,1,0,0,0,0,0,0.0,2024-03-30 02:30:00
8555,sess_08555,Social Media,Tablet,1,0,0,0,0,0,0.0,2024-03-30 02:45:00
8556,sess_08556,Organic Search,Desktop,1,0,0,0,0,0,0.0,2024-03-30 03:00:00
8557,sess_08557,Paid Ad,Mobile,1,0,0,0,0,0,0.0,2024-03-30 03:15:00
8558,sess_08558,Referral,Tablet,1,0,0,0,0,0,0.0,2024-03-30 03:30:00
8559,sess_08559,Social Media,Desktop,1,0,0,0,0,0,0.0,2024-03-30 03:45:00
8560,sess_08560,Organic Search,Mobile,1,0,0,0,0,0,0.0,2024-03-30 04:00:00
8561,sess_08561,Paid Ad,Tablet,1,0,0,0,0,0,0.0,2024-03-30 04:15:00
8562,sess_08562,Referral,Desktop,1,0,0,0,0,0,0.0,2024-03-30 04:30:00
8563,sess_08563,Social Media,Mobile,1,0,0,0,0,0,0.0,2024-03-30 04:45:00
8564,sess_08564,Organic Search,Tablet,1,0,0,0,0,0,0.0,2024-03-30 05:00:00
8565,sess_08565,Paid Ad,Desktop,1,0,0,0,0,0,0.0,2024-03-30 05:15:00
8566,sess_08566,Referral,Mobile,1,0,0,0,0,0,0.0,2024-03-30 05:30:00
8567,sess_08567,Social Media,Tablet,1,0,0,0,0,0,0.0,2024-03-30 05:45:00
8568,sess_08568,Organic Search,Desktop,1,0,0,0,0,0,0.0,2024-03-30 06:00:00
8569,sess_08569,Paid Ad,Mobile,1,0,0,0,0,0,0.0,2024-03-30 06:15:00
8570,sess_08570,Referral,Tablet,1,0,0,0,0,0,0.0,2024-03-30 06:30:00
8571,sess_08571,Social Media,Desktop,1,0,0,0,0,0,0.0,2024-03-30 06:45:00
8572,sess_08572,Organic Search,Mobile,1,0,0,0,0,0,0.0,2024-03-30 07:00:00
8573,sess_08573,Paid Ad,Tablet,1,0,0,0,0,0,0.0,2024-03-30 07:15:00
8574,sess_08574,Referral,Desktop,1,0,0,0,0,0,0.0,2024-03-30 07:30:00
8575,sess_08575,Social Media,Mobile,1,0,0,0,0,0,0.0,2024-03-30 07:45:00
8576,sess_08576,Organic Search,Tablet,1,0,0,0,0,0,0.0,2024-03-30 08:00:00
8577,sess_08577,Paid Ad,Desktop,1,0,0,0,0,0,0.0,2024-03-30 08:15:00
8578,sess_08578,Referral,Mobile,1,0,0,0,0,0,0.0,2024-03-30 08:30:00
8579,sess_08579,Social Media,Tablet,1,0,0,0,0,0,0.0,2024-03-30 08:45:00
8580,sess_08580,Organic Search,Desktop,1,0,0,0,0,0,0.0,2024-03-30 09:00:00
8581,sess_08581,Paid Ad,Mobile,1,0,0,0,0,0,0.0,2024-03-30 09:15:00
8582,sess_08582,Referral,Tablet,1,0,0,0,0,0,0.0,2024-03-30 09:30:00
8583,sess_08583,Social Media,Desktop,1,0,0,0,0,0,0.0,2024-03-30 09:45:00
8584,sess_08584,Organic Search,Mobile,1,0,0,0,0,0,0.0,2024-03-30 10:00:00
8585,sess_08585,Paid Ad,Tablet,1,0,0,0,0,0,0.0,2024-03-30 10:15:00
8586,sess_08586,Referral,Desktop,1,0,0,0,0,0,0.0,2024-03-30 10:30:00
8587,sess_08587,Social Media,Mobile,1,0,0,0,0,0,0.0,2024-03-30 10:45:00
8588,sess_08588,Organic Search,Tablet,1,0,0,0,0,0,0.0,2024-03-30 11:00:00
8589,sess_08589,Paid Ad,Desktop,1,0,0,0,0,0,0.0,2024-03-30 11:15:00
8590,sess_08590,Referral,Mobile,1,0,0,0,0,0,0.0,2024-03-30 11:30:00
8591,sess_08591,Social Media,Tablet,1,0,0,0,0,0,0.0,2024-03-30 11:45:00
8592,sess_08592,Organic Search,Desktop,1,0,0,0,0,0,0.0,2024-03-30 12:00:00
8593,sess_08593,Paid Ad,Mobile,1,0,0,0,0,0,0.0,2024-03-30 12:15:00
8594,sess_08594,Referral,Tablet,1,0,0,0,0,0,0.0,2024-03-30 12:30:00
8595,sess_08595,Social Media,Desktop,1,0,0,0,0,0,0.0,2024-03-30 12:45:00
8596,sess_08596,Organic Search,Mobile,1,0,0,0,0,0,0.0,2024-03-30 13:00:00
8597,sess_08597,Paid Ad,Tablet,1,0,0,0,0,0,0.0,2024-03-30 13:15:00
8598,sess_08598,Referral,Desktop,1,0,0,0,0,0,0.0,2024-03-30 13:30:00
8599,sess_08599,Social Media,Mobile,1,0,0,0,0,0,0.0,2024-03-30 13:45:00
8600,sess_08600,Organic Search,Tablet,1,0,0,0,0,0,0.0,2024-03-30 14:00:00
8601,sess_08601,Paid Ad,Desktop,1,0,0,0,0,0,0.0,2024-03-30 14:15:00
8602,sess_08602,Referral,Mobile,1,0,0,0,0,0,0.0,2024-03-30 14:30:00
8603,sess_08603,Social Media,Tablet,1,0,0,0,0,0,0.0,2024-03-30 14:45:00
8604,sess_08604,Organic Search,Desktop,1,0,0,0,0,0,0.0,2024-03-30 15:00:00
8605,sess_08605,Paid Ad,Mobile,1,0,0,0,0,0,0.0,2024-03-30 15:15:00
8606,sess_08606,Referral,Tablet,1,0,0,0,0,0,0.0,2024-03-30 15:30:00
8607,sess_08607,Social Media,Desktop,1,0,0,0,0,0,0.0,2024-03-30 15:45:00
8608,sess_08608,Organic Search,Mobile,1,0,0,0,0,0,0.0,2024-03-30 16:00:00
8609,sess_08609,Paid Ad,Tablet,1,0,0,0,0,0,0.0,2024-03-30 16:15:00
8610,sess_08610,Referral,Desktop,1,0,0,0,0,0,0.0,2024-03-30 16:30:00
8611,sess_08611,Social Media,Mobile,1,0,0,0,0,0,0.0,2024-03-30 16:45:00
8612,sess_08612,Organic Search,Tablet,1,0,0,0,0,0,0.0,2024-03-30 17:00:00
8613,sess_08613,Paid Ad,Desktop,1,0,0,0,0,0,0.0,2024-03-30 17:15:00
8614,sess_08614,Referral,Mobile,1,0,0,0,0,0,0.0,2024-03-30 17:30:00
8615,sess_08615,Social Media,Tablet,1,0,0,0,0,0,0.0,2024-03-30 17:45:00
8616,sess_08616,Organic Search,Desktop,1,0,0,0,0,0,0.0,2024-03-30 18:00:00
8617,sess_08617,Paid Ad,Mobile,1,0,0,0,0,0,0.0,2024-03-30 18:15:00
8618,sess_08618,Referral,Tablet,1,0,0,0,0,0,0.0,2024-03-30 18:30:00
8619,sess_08619,Social Media,Desktop,1,0,0,0,0,0,0.0,2024-03-30 18:45:00
8620,sess_08620,Organic Search,Mobile,1,0,0,0,0,0,0.0,2024-03-30 19:00:00
8621,sess_08621,Paid Ad,Tablet,1,0,0,0,0,0,0.0,2024-03-30 19:15:00
8622,sess_08622,Referral,Desktop,1,0,0,0,0,0,0.0,2024-03-30 19:30:00
8623,sess_08623,Social Media,Mobile,1,0,0,0,0,0,0.0,2024-03-30 19:45:00
8624,sess_08624,Organic Search,Tablet,1,0,0,0,0,0,0.0,2024-03-30 20:00:00
8625,sess_08625,Paid Ad,Desktop,1,0,0,0,0,0,0.0,2024-03-30 20:15:00
8626,sess_08626,Referral,Mobile,1,0,0,0,0,0,0.0,2024-03-30 20:30:00
8627,sess_08627,Social Media,Tablet,1,0,0,0,0,0,0.0,2024-03-30 20:45:00
8628,sess_08628,Organic Search,Desktop,1,0,0,0,0,0,0.0,2024-03-30 21:00:00
8629,sess_08629,Paid Ad,Mobile,1,0,0,0,0,0,0.0,2024-03-30 21:15:00
8630,sess_08630,Referral,Tablet,1,0,0,0,0,0,0.0,2024-03-30 21:30:00
8631,sess_08631,Social Media,Desktop,1,0,0,0,0,0,0.0,2024-03-30 21:45:00
8632,sess_08632,Organic Search,Mobile,1,0,0,0,0,0,0.0,2024-03-30 22:00:00
8633,sess_08633,Paid Ad,Tablet,1,0,0,0,0,0,0.0,2024-03-30 22:15:00
8634,sess_08634,Referral,Desktop,1,0,0,0,0,0,0.0,2024-03-30 22:30:00
8635,sess_08635,Social Media,Mobile,1,0,0,0,0,0,0.0,2024-03-30 22:45:00
8636,sess_08636,Organic Search,Tablet,1,0,0,0,0,0,0.0,2024-03-30 23:00:00
8637,sess_08637,Paid Ad,Desktop,1,0,0,0,0,0,0.0,2024-03-30 23:15:00
8638,sess_08638,Referral,Mobile,1,0,0,0,0,0,0.0,2024-03-30 23:30:00
8639,sess_08639,Social Media,Tablet,1,0,0,0,0,0,0.0,2024-03-30 23:45:00
8640,sess_08640,Organic Search,Desktop,1,0,0,0,0,0,0.0,2024-03-31 00:00:00
8641,sess_08641,Paid Ad,Mobile,1,0,0,0,0,0,0.0,2024-03-31 00:15:00
8642,sess_08642,Referral,Tablet,1,0,0,0,0,0,0.0,2024-03-31 00:30:00
8643,sess_08643,Social Media,Desktop,1,0,0,0,0,0,0.0,2024-03-31 00:45:00
8644,sess_08644,Organic Search,Mobile,1,0,0,0,0,0,0.0,2024-03-31 01:00:00
8645,sess_08645,Paid Ad,Tablet,1,0,0,0,0,0,0.0,2024-03-31 01:15:00
8646,sess_08646,Referral,Desktop,1,0,0,0,0,0,0.0,2024-03-31 01:30:00
8647,sess_08647,Social Media,Mobile,1,0,0,0,0,0,0.0,2024-03-31 01:45:00
8648,sess_08648,Organic Search,Tablet,1,0,0,0,0,0,0.0,2024-03-31 02:00:00
8649,sess_08649,Paid Ad,Desktop,1,0,0,0,0,0,0.0,2024-03-31 02:15:00
8650,sess_08650,Referral,Mobile,1,0,0,0,0,0,0.0,2024-03-31 02:30:00
8651,sess_08651,Social Media,Tablet,1,0,0,0,0,0,0.0,2024-03-31 02:45:00
8652,sess_08652,Organic Search,Desktop,1,0,0,0,0,0,0.0,2024-03-31 03:00:00
8653,sess_08653,Paid Ad,Mobile,1,0,0,0,0,0,0.0,2024-03-31 03:15:00
8654,sess_08654,Referral,Tablet,1,0,0,0,0,0,0.0,2024-03-31 03:30:00
8655,sess_08655,Social Media,Desktop,1,0,0,0,0,0,0.0,2024-03-31 03:45:00
8656,sess_08656,Organic Search,Mobile,1,0,0,0,0,0,0.0,2024-03-31 04:00:00
8657,sess_08657,Paid Ad,Tablet,1,0,0,0,0,0,0.0,2024-03-31 04:15:00
8658,sess_08658,Referral,Desktop,1,0,0,0,0,0,0.0,2024-03-31 04:30:00
8659,sess_08659,Social Media,Mobile,1,0,0,0,0,0,0.0,2024-03-31 04:45:00
8660,sess_08660,Organic Search,Tablet,1,0,0,0,0,0,0.0,2024-03-31 05:00:00
8661,sess_08661,Paid Ad,Desktop,1,0,0,0,0,0,0.0,2024-03-31 05:15:00
8662,sess_08662,Referral,Mobile,1,0,0,0,0,0,0.0,2024-03-31 05:30:00
8663,sess_08663,Social Media,Tablet,1,0,0,0,0,0,0.0,2024-03-31 05:45:00
8664,sess_08664,Organic Search,Desktop,1,0,0,0,0,0,0.0,2024-03-31 06:00:00
8665,sess_08665,Paid Ad,Mobile,1,0,0,0,0,0,0.0,2024-03-31 06:15:00
8666,sess_08666,Referral,Tablet,1,0,0,0,0,0,0.0,2024-03-31 06:30:00
8667,sess_08667,Social Media,Desktop,1,0,0,0,0,0,0.0,2024-03-31 06:45:00
8668,sess_08668,Organic Search,Mobile,1,0,0,0,0,0,0.0,2024-03-31 07:00:00
8669,sess_08669,Paid Ad,Tablet,1,0,0,0,0,0,0.0,2024-03-31 07:15:00
8670,sess_08670,Referral,Desktop,1,0,0,0,0,0,0.0,2024-03-31 07:30:00
8671,sess_08671,Social Media,Mobile,1,0,0,0,0,0,0.0,2024-03-31 07:45:00
8672,sess_08672,Organic Search,Tablet,1,0,0,0,0,0,0.0,2024-03-31 08:00:00
8673,sess_08673,Paid Ad,Desktop,1,0,0,0,0,0,0.0,2024-03-31 08:15:00
8674,sess_08674,Referral,Mobile,1,0,0,0,0,0,0.0,2024-03-31 08:30:00
8675,sess_08675,Social Media,Tablet,1,0,0,0,0,0,0.0,2024-03-31 08:45:00
8676,sess_08676,Organic Search,Desktop,1,0,0,0,0,0,0.0,2024-03-31 09:00:00
8677,sess_08677,Paid Ad,Mobile,1,0,0,0,0,0,0.0,2024-03-31 09:15:00
8678,sess_08678,Referral,Tablet,1,0,0,0,0,0,0.0,2024-03-31 09:30:00
8679,sess_08679,Social Media,Desktop,1,0,0,0,0,0,0.0,2024-03-31 09:45:00
8680,sess_08680,Organic Search,Mobile,1,0,0,0,0,0,0.0,2024-03-31 10:00:00
8681,sess_08681,Paid Ad,Tablet,1,0,0,0,0,0,0.0,2024-03-31 10:15:00
8682,sess_08682,Referral,Desktop,1,0,0,0,0,0,0.0,2024-03-31 10:30:00
8683,sess_08683,Social Media,Mobile,1,0,0,0,0,0,0.0,2024-03-31 10:45:00
8684,sess_08684,Organic Search,Tablet,1,0,0,0,0,0,0.0,2024-03-31 11:00:00
8685,sess_08685,Paid Ad,Desktop,1,0,0,0,0,0,0.0,2024-03-31 11:15:00
8686,sess_08686,Referral,Mobile,1,0,0,0,0,0,0.0,2024-03-31 11:30:00
8687,sess_08687,Social Media,Tablet,1,0,0,0,0,0,0.0,2024-03-31 11:45:00
8688,sess_08688,Organic Search,Desktop,1,0,0,0,0,0,0.0,2024-03-31 12:00:00
8689,sess_08689,Paid Ad,Mobile,1,0,0,0,0,0,0.0,2024-03-31 12:15:00
8690,sess_08690,Referral,Tablet,1,0,0,0,0,0,0.0,2024-03-31 12:30:00
8691,sess_08691,Social Media,Desktop,1,0,0,0,0,0,0.0,2024-03-31 12:45:00
8692,sess_08692,Organic Search,Mobile,1,0,0,0,0,0,0.0,2024-03-31 13:00:00
8693,sess_08693,Paid Ad,Tablet,1,0,0,0,0,0,0.0,2024-03-31 13:15:00
8694,sess_08694,Referral,Desktop,1,0,0,0,0,0,0.0,2024-03-31 13:30:00
8695,sess_08695,Social Media,Mobile,1,0,0,0,0,0,0.0,2024-03-31 13:45:00
8696,sess_08696,Organic Search,Tablet,1,0,0,0,0,0,0.0,2024-03-31 14:00:00
8697,sess_08697,Paid Ad,Desktop,1,0,0,0,0,0,0.0,2024-03-31 14:15:00
8698,sess_08698,Referral,Mobile,1,0,0,0,0,0,0.0,2024-03-31 14:30:00
8699,sess_08699,Social Media,Tablet,1,0,0,0,0,0,0.0,2024-03-31 14:45:00
8700,sess_08700,Organic Search,Desktop,1,0,0,0,0,0,0.0,2024-03-31 15:00:00
8701,sess_08701,Paid Ad,Mobile,1,0,0,0,0,0,0.0,2024-03-31 15:15:00
8702,sess_08702,Referral,Tablet,1,0,0,0,0,0,0.0,2024-03-31 15:30:00
8703,sess_08703,Social Media,Desktop,1,0,0,0,0,0,0.0,2024-03-31 15:45:00
8704,sess_08704,Organic Search,Mobile,1,0,0,0,0,0,0.0,2024-03-31 16:00:00
8705,sess_08705,Paid Ad,Tablet,1,0,0,0,0,0,0.0,2024-03-31 16:15:00
8706,sess_08706,Referral,Desktop,1,0,0,0,0,0,0.0,2024-03-31 16:30:00
8707,sess_08707,Social Media,Mobile,1,0,0,0,0,0,0.0,2024-03-31 16:45:00
8708,sess_08708,Organic Search,Tablet,1,0,0,0,0,0,0.0,2024-03-31 17:00:00
8709,sess_08709,Paid Ad,Desktop,1,0,0,0,0,0,0.0,2024-03-31 17:15:00
8710,sess_08710,Referral,Mobile,1,0,0,0,0,0,0.0,2024-03-31 17:30:00
8711,sess_08711,Social Media,Tablet,1,0,0,0,0,0,0.0,2024-03-31 17:45:00
8712,sess_08712,Organic Search,Desktop,1,0,0,0,0,0,0.0,2024-03-31 18:00:00
8713,sess_08713,Paid Ad,Mobile,1,0,0,0,0,0,0.0,2024-03-31 18:15:00
8714,sess_08714,Referral,Tablet,1,0,0,0,0,0,0.0,2024-03-31 18:30:00
8715,sess_08715,Social Media,Desktop,1,0,0,0,0,0,0.0,2024-03-31 18:45:00
8716,sess_08716,Organic Search,Mobile,1,0,0,0,0,0,0.0,2024-03-31 19:00:00
8717,sess_08717,Paid Ad,Tablet,1,0,0,0,0,0,0.0,2024-03-31 19:15:00
8718,sess_08718,Referral,Desktop,1,0,0,0,0,0,0.0,2024-03-31 19:30:00
8719,sess_08719,Social Media,Mobile,1,0,0,0,0,0,0.0,2024-03-31 19:45:00
8720,sess_08720,Organic Search,Tablet,1,0,0,0,0,0,0.0,2024-03-31 20:00:00
8721,sess_08721,Paid Ad,Desktop,1,0,0,0,0,0,0.0,2024-03-31 20:15:00
8722,sess_08722,Referral,Mobile,1,0,0,0,0,0,0.0,2024-03-31 20:30:00
8723,sess_08723,Social Media,Tablet,1,0,0,0,0,0,0.0,2024-03-31 20:45:00
8724,sess_08724,Organic Search,Desktop,1,0,0,0,0,0,0.0,2024-03-31 21:00:00
8725,sess_08725,Paid Ad,Mobile,1,0,0,0,0,0,0.0,2024-03-31 21:15:00
8726,sess_08726,Referral,Tablet,1,0,0,0,0,0,0.0,2024-03-31 21:30:00
8727,sess_08727,Social Media,Desktop,1,0,0,0,0,0,0.0,2024-03-31 21:45:00
8728,sess_08728,Organic Search,Mobile,1,0,0,0,0,0,0.0,2024-03-31 22:00:00
8729,sess_08729,Paid Ad,Tablet,1,0,0,0,0,0,0.0,2024-03-31 22:15:00
8730,sess_08730,Referral,Desktop,1,0,0,0,0,0,0.0,2024-03-31 22:30:00
8731,sess_08731,Social Media,Mobile,1,0,0,0,0,0,0.0,2024-03-31 22:45:00
8732,sess_08732,Organic Search,Tablet,1,0,0,0,0,0,0.0,2024-03-31 23:00:00
8733,sess_08733,Paid Ad,Desktop,1,0,0,0,0,0,0.0,2024-03-31 23:15:00
8734,sess_08734,Referral,Mobile,1,0,0,0,0,0,0.0,2024-03-31 23:30:00
8735,sess_08735,Social Media,Tablet,1,0,0,0,0,0,0.0,2024-03-31 23:45:00
8736,sess_08736,Organic Search,Desktop,1,0,0,0,0,0,0.0,2024-04-01 00:00:00
8737,sess_08737,Paid Ad,Mobile,1,0,0,0,0,0,0.0,2024-04-01 00:15:00
8738,sess_08738,Referral,Tablet,1,0,0,0,0,0,0.0,2024-04-01 00:30:00
8739,sess_08739,Social Media,Desktop,1,0,0,0,0,0,0.0,2024-04-01 00:45:00
8740,sess_08740,Organic Search,Mobile,1,0,0,0,0,0,0.0,2024-04-01 01:00:00
8741,sess_08741,Paid Ad,Tablet,1,0,0,0,0,0,0.0,2024-04-01 01:15:00
8742,sess_08742,Referral,Desktop,1,0,0,0,0,0,0.0,2024-04-01 01:30:00
8743,sess_08743,Social Media,Mobile,1,0,0,0,0,0,0.0,2024-04-01 01:45:00
8744,sess_08744,Organic Search,Tablet,1,0,0,0,0,0,0.0,2024-04-01 02:00:00
8745,sess_08745,Paid Ad,Desktop,1,0,0,0,0,0,0.0,2024-04-01 02:15:00
8746,sess_08746,Referral,Mobile,1,0,0,0,0,0,0.0,2024-04-01 02:30:00
8747,sess_08747,Social Media,Tablet,1,0,0,0,0,0,0.0,2024-04-01 02:45:00
8748,sess_08748,Organic Search,Desktop,1,0,0,0,0,0,0.0,2024-04-01 03:00:00
8749,sess_08749,Paid Ad,Mobile,1,0,0,0,0,0,0.0,2024-04-01 03:15:00
8750,sess_08750,Referral,Tablet,1,0,0,0,0,0,0.0,2024-04-01 03:30:00
8751,sess_08751,Social Media,Desktop,1,0,0,0,0,0,0.0,2024-04-01 03:45:00
8752,sess_08752,Organic Search,Mobile,1,0,0,0,0,0,0.0,2024-04-01 04:00:00
8753,sess_08753,Paid Ad,Tablet,1,0,0,0,0,0,0.0,2024-04-01 04:15:00
8754,sess_08754,Referral,Desktop,1,0,0,0,0,0,0.0,2024-04-01 04:30:00
8755,sess_08755,Social Media,Mobile,1,0,0,0,0,0,0.0,2024-04-01 04:45:00
8756,sess_08756,Organic Search,Tablet,1,0,0,0,0,0,0.0,2024-04-01 05:00:00
8757,sess_08757,Paid Ad,Desktop,1,0,0,0,0,0,0.0,2024-04-01 05:15:00
8758,sess_08758,Referral,Mobile,1,0,0,0,0,0,0.0,2024-04-01 05:30:00
8759,sess_08759,Social Media,Tablet,1,0,0,0,0,0,0.0,2024-04-01 05:45:00
8760,sess_08760,Organic Search,Desktop,1,0,0,0,0,0,0.0,2024-04-01 06:00:00
8761,sess_08761,Paid Ad,Mobile,1,0,0,0,0,0,0.0,2024-04-01 06:15:00
8762,sess_08762,Referral,Tablet,1,0,0,0,0,0,0.0,2024-04-01 06:30:00
8763,sess_08763,Social Media,Desktop,1,0,0,0,0,0,0.0,2024-04-01 06:45:00
8764,sess_08764,Organic Search,Mobile,1,0,0,0,0,0,0.0,2024-04-01 07:00:00
8765,sess_08765,Paid Ad,Tablet,1,0,0,0,0,0,0.0,2024-04-01 07:15:00
8766,sess_08766,Referral,Desktop,1,0,0,0,0,0,0.0,2024-04-01 07:30:00
8767,sess_08767,Social Media,Mobile,1,0,0,0,0,0,0.0,2024-04-01 07:45:00
8768,sess_08768,Organic Search,Tablet,1,0,0,0,0,0,0.0,2024-04-01 08:00:00
8769,sess_08769,Paid Ad,Desktop,1,0,0,0,0,0,0.0,2024-04-01 08:15:00
8770,sess_08770,Referral,Mobile,1,0,0,0,0,0,0.0,2024-04-01 08:30:00
8771,sess_08771,Social Media,Tablet,1,0,0,0,0,0,0.0,2024-04-01 08:45:00
8772,sess_08772,Organic Search,Desktop,1,0,0,0,0,0,0.0,2024-04-01 09:00:00
8773,sess_08773,Paid Ad,Mobile,1,0,0,0,0,0,0.0,2024-04-01 09:15:00
8774,sess_08774,Referral,Tablet,1,0,0,0,0,0,0.0,2024-04-01 09:30:00
8775,sess_08775,Social Media,Desktop,1,0,0,0,0,0,0.0,2024-04-01 09:45:00
8776,sess_08776,Organic Search,Mobile,1,0,0,0,0,0,0.0,2024-04-01 10:00:00
8777,sess_08777,Paid Ad,Tablet,1,0,0,0,0,0,0.0,2024-04-01 10:15:00
8778,sess_08778,Referral,Desktop,1,0,0,0,0,0,0.0,2024-04-01 10:30:00
8779,sess_08779,Social Media,Mobile,1,0,0,0,0,0,0.0,2024-04-01 10:45:00
8780,sess_08780,Organic Search,Tablet,1,0,0,0,0,0,0.0,2024-04-01 11:00:00
8781,sess_08781,Paid Ad,Desktop,1,0,0,0,0,0,0.0,2024-04-01 11:15:00
8782,sess_08782,Referral,Mobile,1,0,0,0,0,0,0.0,2024-04-01 11:30:00
8783,sess_08783,Social Media,Tablet,1,0,0,0,0,0,0.0,2024-04-01 11:45:00
8784,sess_08784,Organic Search,Desktop,1,0,0,0,0,0,0.0,2024-04-01 12:00:00
8785,sess_08785,Paid Ad,Mobile,1,0,0,0,0,0,0.0,2024-04-01 12:15:00
8786,sess_08786,Referral,Tablet,1,0,0,0,0,0,0.0,2024-04-01 12:30:00
8787,sess_08787,Social Media,Desktop,1,0,0,0,0,0,0.0,2024-04-01 12:45:00
8788,sess_08788,Organic Search,Mobile,1,0,0,0,0,0,0.0,2024-04-01 13:00:00
8789,sess_08789,Paid Ad,Tablet,1,0,0,0,0,0,0.0,2024-04-01 13:15:00
8790,sess_08790,Referral,Desktop,1,0,0,0,0,0,0.0,2024-04-01 13:30:00
8791,sess_08791,Social Media,Mobile,1,0,0,0,0,0,0.0,2024-04-01 13:45:00
8792,sess_08792,Organic Search,Tablet,1,0,0,0,0,0,0.0,2024-04-01 14:00:00
8793,sess_08793,Paid Ad,Desktop,1,0,0,0,0,0,0.0,2024-04-01 14:15:00
8794,sess_08794,Referral,Mobile,1,0,0,0,0,0,0.0,2024-04-01 14:30:00
8795,sess_08795,Social Media,Tablet,1,0,0,0,0,0,0.0,2024-04-01 14:45:00
8796,sess_08796,Organic Search,Desktop,1,0,0,0,0,0,0.0,2024-04-01 15:00:00
8797,sess_08797,Paid Ad,Mobile,1,0,0,0,0,0,0.0,2024-04-01 15:15:00
8798,sess_08798,Referral,Tablet,1,0,0,0,0,0,0.0,2024-04-01 15:30:00
8799,sess_08799,Social Media,Desktop,1,0,0,0,0,0,0.0,2024-04-01 15:45:00
8800,sess_08800,Organic Search,Mobile,1,0,0,0,0,0,0.0,2024-04-01 16:00:00
8801,sess_08801,Paid Ad,Tablet,1,0,0,0,0,0,0.0,2024-04-01 16:15:00
8802,sess_08802,Referral,Desktop,1,0,0,0,0,0,0.0,2024-04-01 16:30:00
8803,sess_08803,Social Media,Mobile,1,0,0,0,0,0,0.0,2024-04-01 16:45:00
8804,sess_08804,Organic Search,Tablet,1,0,0,0,0,0,0.0,2024-04-01 17:00:00
8805,sess_08805,Paid Ad,Desktop,1,0,0,0,0,0,0.0,2024-04-01 17:15:00
8806,sess_08806,Referral,Mobile,1,0,0,0,0,0,0.0,2024-04-01 17:30:00
8807,sess_08807,Social Media,Tablet,1,0,0,0,0,0,0.0,2024-04-01 17:45:00
8808,sess_08808,Organic Search,Desktop,1,0,0,0,0,0,0.0,2024-04-01 18:00:00
8809,sess_08809,Paid Ad,Mobile,1,0,0,0,0,0,0.0,2024-04-01 18:15:00
8810,sess_08810,Referral,Tablet,1,0,0,0,0,0,0.0,2024-04-01 18:30:00
8811,sess_08811,Social Media,Desktop,1,0,0,0,0,0,0.0,2024-04-01 18:45:00
8812,sess_08812,Organic Search,Mobile,1,0,0,0,0,0,0.0,2024-04-01 19:00:00
8813,sess_08813,Paid Ad,Tablet,1,0,0,0,0,0,0.0,2024-04-01 19:15:00
8814,sess_08814,Referral,Desktop,1,0,0,0,0,0,0.0,2024-04-01 19:30:00
8815,sess_08815,Social Media,Mobile,1,0,0,0,0,0,0.0,2024-04-01 19:45:00
8816,sess_08816,Organic Search,Tablet,1,0,0,0,0,0,0.0,2024-04-01 20:00:00
8817,sess_08817,Paid Ad,Desktop,1,0,0,0,0,0,0.0,2024-04-01 20:15:00
8818,sess_08818,Referral,Mobile,1,0,0,0,0,0,0.0,2024-04-01 20:30:00
8819,sess_08819,Social Media,Tablet,1,0,0,0,0,0,0.0,2024-04-01 20:45:00
8820,sess_08820,Organic Search,Desktop,1,0,0,0,0,0,0.0,2024-04-01 21:00:00
8821,sess_08821,Paid Ad,Mobile,1,0,0,0,0,0,0.0,2024-04-01 21:15:00
8822,sess_08822,Referral,Tablet,1,0,0,0,0,0,0.0,2024-04-01 21:30:00
8823,sess_08823,Social Media,Desktop,1,0,0,0,0,0,0.0,2024-04-01 21:45:00
8824,sess_08824,Organic Search,Mobile,1,0,0,0,0,0,0.0,2024-04-01 22:00:00
8825,sess_08825,Paid Ad,Tablet,1,0,0,0,0,0,0.0,2024-04-01 22:15:00
8826,sess_08826,Referral,Desktop,1,0,0,0,0,0,0.0,2024-04-01 22:30:00
8827,sess_08827,Social Media,Mobile,1,0,0,0,0,0,0.0,2024-04-01 22:45:00
8828,sess_08828,Organic Search,Tablet,1,0,0,0,0,0,0.0,2024-04-01 23:00:00
8829,sess_08829,Paid Ad,Desktop,1,0,0,0,0,0,0.0,2024-04-01 23:15:00
8830,sess_08830,Referral,Mobile,1,0,0,0,0,0,0.0,2024-04-01 23:30:00
8831,sess_08831,Social Media,Tablet,1,0,0,0,0,0,0.0,2024-04-01 23:45:00
8832,sess_08832,Organic Search,Desktop,1,0,0,0,0,0,0.0,2024-04-02 00:00:00
8833,sess_08833,Paid Ad,Mobile,1,0,0,0,0,0,0.0,2024-04-02 00:15:00
8834,sess_08834,Referral,Tablet,1,0,0,0,0,0,0.0,2024-04-02 00:30:00
8835,sess_08835,Social Media,Desktop,1,0,0,0,0,0,0.0,2024-04-02 00:45:00
8836,sess_08836,Organic Search,Mobile,1,0,0,0,0,0,0.0,2024-04-02 01:00:00
8837,sess_08837,Paid Ad,Tablet,1,0,0,0,0,0,0.0,2024-04-02 01:15:00
8838,sess_08838,Referral,Desktop,1,0,0,0,0,0,0.0,2024-04-02 01:30:00
8839,sess_08839,Social Media,Mobile,1,0,0,0,0,0,0.0,2024-04-02 01:45:00
8840,sess_08840,Organic Search,Tablet,1,0,0,0,0,0,0.0,2024-04-02 02:00:00
8841,sess_08841,Paid Ad,Desktop,1,0,0,0,0,0,0.0,2024-04-02 02:15:00
8842,sess_08842,Referral,Mobile,1,0,0,0,0,0,0.0,2024-04-02 02:30:00
8843,sess_08843,Social Media,Tablet,1,0,0,0,0,0,0.0,2024-04-02 02:45:00
8844,sess_08844,Organic Search,Desktop,1,0,0,0,0,0,0.0,2024-04-02 03:00:00
8845,sess_08845,Paid Ad,Mobile,1,0,0,0,0,0,0.0,2024-04-02 03:15:00
8846,sess_08846,Referral,Tablet,1,0,0,0,0,0,0.0,2024-04-02 03:30:00
8847,sess_08847,Social Media,Desktop,1,0,0,0,0,0,0.0,2024-04-02 03:45:00
8848,sess_08848,Organic Search,Mobile,1,0,0,0,0,0,0.0,2024-04-02 04:00:00
8849,sess_08849,Paid Ad,Tablet,1,0,0,0,0,0,0.0,2024-04-02 04:15:00
8850,sess_08850,Referral,Desktop,1,0,0,0,0,0,0.0,2024-04-02 04:30:00
8851,sess_08851,Social Media,Mobile,1,0,0,0,0,0,0.0,2024-04-02 04:45:00
8852,sess_08852,Organic Search,Tablet,1,0,0,0,0,0,0.0,2024-04-02 05:00:00
8853,sess_08853,Paid Ad,Desktop,1,0,0,0,0,0,0.0,2024-04-02 05:15:00
8854,sess_08854,Referral,Mobile,1,0,0,0,0,0,0.0,2024-04-02 05:30:00
8855,sess_08855,Social Media,Tablet,1,0,0,0,0,0,0.0,2024-04-02 05:45:00
8856,sess_08856,Organic Search,Desktop,1,0,0,0,0,0,0.0,2024-04-02 06:00:00
8857,sess_08857,Paid Ad,Mobile,1,0,0,0,0,0,0.0,2024-04-02 06:15:00
8858,sess_08858,Referral,Tablet,1,0,0,0,0,0,0.0,2024-04-02 06:30:00
8859,sess_08859,Social Media,Desktop,1,0,0,0,0,0,0.0,2024-04-02 06:45:00
8860,sess_08860,Organic Search,Mobile,1,0,0,0,0,0,0.0,2024-04-02 07:00:00
8861,sess_08861,Paid Ad,Tablet,1,0,0,0,0,0,0.0,2024-04-02 07:15:00
8862,sess_08862,Referral,Desktop,1,0,0,0,0,0,0.0,2024-04-02 07:30:00
8863,sess_08863,Social Media,Mobile,1,0,0,0,0,0,0.0,2024-04-02 07:45:00
8864,sess_08864,Organic Search,Tablet,1,0,0,0,0,0,0.0,2024-04-02 08:00:00
8865,sess_08865,Paid Ad,Desktop,1,0,0,0,0,0,0.0,2024-04-02 08:15:00
8866,sess_08866,Referral,Mobile,1,0,0,0,0,0,0.0,2024-04-02 08:30:00
8867,sess_08867,Social Media,Tablet,1,0,0,0,0,0,0.0,2024-04-02 08:45:00
8868,sess_08868,Organic Search,Desktop,1,0,0,0,0,0,0.0,2024-04-02 09:00:00
8869,sess_08869,Paid Ad,Mobile,1,0,0,0,0,0,0.0,2024-04-02 09:15:00
8870,sess_08870,Referral,Tablet,1,0,0,0,0,0,0.0,2024-04-02 09:30:00
8871,sess_08871,Social Media,Desktop,1,0,0,0,0,0,0.0,2024-04-02 09:45:00
8872,sess_08872,Organic Search,Mobile,1,0,0,0,0,0,0.0,2024-04-02 10:00:00
8873,sess_08873,Paid Ad,Tablet,1,0,0,0,0,0,0.0,2024-04-02 10:15:00
8874,sess_08874,Referral,Desktop,1,0,0,0,0,0,0.0,2024-04-02 10:30:00
8875,sess_08875,Social Media,Mobile,1,0,0,0,0,0,0.0,2024-04-02 10:45:00
8876,sess_08876,Organic Search,Tablet,1,0,0,0,0,0,0.0,2024-04-02 11:00:00
8877,sess_08877,Paid Ad,Desktop,1,0,0,0,0,0,0.0,2024-04-02 11:15:00
8878,sess_08878,Referral,Mobile,1,0,0,0,0,0,0.0,2024-04-02 11:30:00
8879,sess_08879,Social Media,Tablet,1,0,0,0,0,0,0.0,2024-04-02 11:45:00
8880,sess_08880,Organic Search,Desktop,1,0,0,0,0,0,0.0,2024-04-02 12:00:00
8881,sess_08881,Paid Ad,Mobile,1,0,0,0,0,0,0.0,2024-04-02 12:15:00
8882,sess_08882,Referral,Tablet,1,0,0,0,0,0,0.0,2024-04-02 12:30:00
8883,sess_08883,Social Media,Desktop,1,0,0,0,0,0,0.0,2024-04-02 12:45:00
8884,sess_08884,Organic Search,Mobile,1,0,0,0,0,0,0.0,2024-04-02 13:00:00
8885,sess_08885,Paid Ad,Tablet,1,0,0,0,0,0,0.0,2024-04-02 13:15:00
8886,sess_08886,Referral,Desktop,1,0,0,0,0,0,0.0,2024-04-02 13:30:00
8887,sess_08887,Social Media,Mobile,1,0,0,0,0,0,0.0,2024-04-02 13:45:00
8888,sess_08888,Organic Search,Tablet,1,0,0,0,0,0,0.0,2024-04-02 14:00:00
8889,sess_08889,Paid Ad,Desktop,1,0,0,0,0,0,0.0,2024-04-02 14:15:00
8890,sess_08890,Referral,Mobile,1,0,0,0,0,0,0.0,2024-04-02 14:30:00
8891,sess_08891,Social Media,Tablet,1,0,0,0,0,0,0.0,2024-04-02 14:45:00
8892,sess_08892,Organic Search,Desktop,1,0,0,0,0,0,0.0,2024-04-02 15:00:00
8893,sess_08893,Paid Ad,Mobile,1,0,0,0,0,0,0.0,2024-04-02 15:15:00
8894,sess_08894,Referral,Tablet,1,0,0,0,0,0,0.0,2024-04-02 15:30:00
8895,sess_08895,Social Media,Desktop,1,0,0,0,0,0,0.0,2024-04-02 15:45:00
8896,sess_08896,Organic Search,Mobile,1,0,0,0,0,0,0.0,2024-04-02 16:00:00
8897,sess_08897,Paid Ad,Tablet,1,0,0,0,0,0,0.0,2024-04-02 16:15:00
8898,sess_08898,Referral,Desktop,1,0,0,0,0,0,0.0,2024-04-02 16:30:00
8899,sess_08899,Social Media,Mobile,1,0,0,0,0,0,0.0,2024-04-02 16:45:00
8900,sess_08900,Organic Search,Tablet,1,0,0,0,0,0,0.0,2024-04-02 17:00:00
8901,sess_08901,Paid Ad,Desktop,1,0,0,0,0,0,0.0,2024-04-02 17:15:00
8902,sess_08902,Referral,Mobile,1,0,0,0,0,0,0.0,2024-04-02 17:30:00
8903,sess_08903,Social Media,Tablet,1,0,0,0,0,0,0.0,2024-04-02 17:45:00
8904,sess_08904,Organic Search,Desktop,1,0,0,0,0,0,0.0,2024-04-02 18:00:00
8905,sess_08905,Paid Ad,Mobile,1,0,0,0,0,0,0.0,2024-04-02 18:15:00
8906,sess_08906,Referral,Tablet,1,0,0,0,0,0,0.0,2024-04-02 18:30:00
8907,sess_08907,Social Media,Desktop,1,0,0,0,0,0,0.0,2024-04-02 18:45:00
8908,sess_08908,Organic Search,Mobile,1,0,0,0,0,0,0.0,2024-04-02 19:00:00
8909,sess_08909,Paid Ad,Tablet,1,0,0,0,0,0,0.0,2024-04-02 19:15:00
8910,sess_08910,Referral,Desktop,1,0,0,0,0,0,0.0,2024-04-02 19:30:00
8911,sess_08911,Social Media,Mobile,1,0,0,0,0,0,0.0,2024-04-02 19:45:00
8912,sess_08912,Organic Search,Tablet,1,0,0,0,0,0,0.0,2024-04-02 20:00:00
8913,sess_08913,Paid Ad,Desktop,1,0,0,0,0,0,0.0,2024-04-02 20:15:00
8914,sess_08914,Referral,Mobile,1,0,0,0,0,0,0.0,2024-04-02 20:30:00
8915,sess_08915,Social Media,Tablet,1,0,0,0,0,0,0.0,2024-04-02 20:45:00
8916,sess_08916,Organic Search,Desktop,1,0,0,0,0,0,0.0,2024-04-02 21:00:00
8917,sess_08917,Paid Ad,Mobile,1,0,0,0,0,0,0.0,2024-04-02 21:15:00
8918,sess_08918,Referral,Tablet,1,0,0,0,0,0,0.0,2024-04-02 21:30:00
8919,sess_08919,Social Media,Desktop,1,0,0,0,0,0,0.0,2024-04-02 21:45:00
8920,sess_08920,Organic Search,Mobile,1,0,0,0,0,0,0.0,2024-04-02 22:00:00
8921,sess_08921,Paid Ad,Tablet,1,0,0,0,0,0,0.0,2024-04-02 22:15:00
8922,sess_08922,Referral,Desktop,1,0,0,0,0,0,0.0,2024-04-02 22:30:00
8923,sess_08923,Social Media,Mobile,1,0,0,0,0,0,0.0,2024-04-02 22:45:00
8924,sess_08924,Organic Search,Tablet,1,0,0,0,0,0,0.0,2024-04-02 23:00:00
8925,sess_08925,Paid Ad,Desktop,1,0,0,0,0,0,0.0,2024-04-02 23:15:00
8926,sess_08926,Referral,Mobile,1,0,0,0,0,0,0.0,2024-04-02 23:30:00
8927,sess_08927,Social Media,Tablet,1,0,0,0,0,0,0.0,2024-04-02 23:45:00
8928,sess_08928,Organic Search,Desktop,1,0,0,0,0,0,0.0,2024-04-03 00:00:00
8929,sess_08929,Paid Ad,Mobile,1,0,0,0,0,0,0.0,2024-04-03 00:15:00
8930,sess_08930,Referral,Tablet,1,0,0,0,0,0,0.0,2024-04-03 00:30:00
8931,sess_08931,Social Media,Desktop,1,0,0,0,0,0,0.0,2024-04-03 00:45:00
8932,sess_08932,Organic Search,Mobile,1,0,0,0,0,0,0.0,2024-04-03 01:00:00
8933,sess_08933,Paid Ad,Tablet,1,0,0,0,0,0,0.0,2024-04-03 01:15:00
8934,sess_08934,Referral,Desktop,1,0,0,0,0,0,0.0,2024-04-03 01:30:00
8935,sess_08935,Social Media,Mobile,1,0,0,0,0,0,0.0,2024-04-03 01:45:00
8936,sess_08936,Organic Search,Tablet,1,0,0,0,0,0,0.0,2024-04-03 02:00:00
8937,sess_08937,Paid Ad,Desktop,1,0,0,0,0,0,0.0,2024-04-03 02:15:00
8938,sess_08938,Referral,Mobile,1,0,0,0,0,0,0.0,2024-04-03 02:30:00
8939,sess_08939,Social Media,Tablet,1,0,0,0,0,0,0.0,2024-04-03 02:45:00
8940,sess_08940,Organic Search,Desktop,1,0,0,0,0,0,0.0,2024-04-03 03:00:00
8941,sess_08941,Paid Ad,Mobile,1,0,0,0,0,0,0.0,2024-04-03 03:15:00
8942,sess_08942,Referral,Tablet,1,0,0,0,0,0,0.0,2024-04-03 03:30:00
8943,sess_08943,Social Media,Desktop,1,0,0,0,0,0,0.0,2024-04-03 03:45:00
8944,sess_08944,Organic Search,Mobile,1,0,0,0,0,0,0.0,2024-04-03 04:00:00
8945,sess_08945,Paid Ad,Tablet,1,0,0,0,0,0,0.0,2024-04-03 04:15:00
8946,sess_08946,Referral,Desktop,1,0,0,0,0,0,0.0,2024-04-03 04:30:00
8947,sess_08947,Social Media,Mobile,1,0,0,0,0,0,0.0,2024-04-03 04:45:00
8948,sess_08948,Organic Search,Tablet,1,0,0,0,0,0,0.0,2024-04-03 05:00:00
8949,sess_08949,Paid Ad,Desktop,1,0,0,0,0,0,0.0,2024-04-03 05:15:00
8950,sess_08950,Referral,Mobile,1,0,0,0,0,0,0.0,2024-04-03 05:30:00
8951,sess_08951,Social Media,Tablet,1,0,0,0,0,0,0.0,2024-04-03 05:45:00
8952,sess_08952,Organic Search,Desktop,1,0,0,0,0,0,0.0,2024-04-03 06:00:00
8953,sess_08953,Paid Ad,Mobile,1,0,0,0,0,0,0.0,2024-04-03 06:15:00
8954,sess_08954,Referral,Tablet,1,0,0,0,0,0,0.0,2024-04-03 06:30:00
8955,sess_08955,Social Media,Desktop,1,0,0,0,0,0,0.0,2024-04-03 06:45:00
8956,sess_08956,Organic Search,Mobile,1,0,0,0,0,0,0.0,2024-04-03 07:00:00
8957,sess_08957,Paid Ad,Tablet,1,0,0,0,0,0,0.0,2024-04-03 07:15:00
8958,sess_08958,Referral,Desktop,1,0,0,0,0,0,0.0,2024-04-03 07:30:00
8959,sess_08959,Social Media,Mobile,1,0,0,0,0,0,0.0,2024-04-03 07:45:00
8960,sess_08960,Organic Search,Tablet,1,0,0,0,0,0,0.0,2024-04-03 08:00:00
8961,sess_08961,Paid Ad,Desktop,1,0,0,0,0,0,0.0,2024-04-03 08:15:00
8962,sess_08962,Referral,Mobile,1,0,0,0,0,0,0.0,2024-04-03 08:30:00
8963,sess_08963,Social Media,Tablet,1,0,0,0,0,0,0.0,2024-04-03 08:45:00
8964,sess_08964,Organic Search,Desktop,1,0,0,0,0,0,0.0,2024-04-03 09:00:00
8965,sess_08965,Paid Ad,Mobile,1,0,0,0,0,0,0.0,2024-04-03 09:15:00
8966,sess_08966,Referral,Tablet,1,0,0,0,0,0,0.0,2024-04-03 09:30:00
8967,sess_08967,Social Media,Desktop,1,0,0,0,0,0,0.0,2024-04-03 09:45:00
8968,sess_08968,Organic Search,Mobile,1,0,0,0,0,0,0.0,2024-04-03 10:00:00
8969,sess_08969,Paid Ad,Tablet,1,0,0,0,0,0,0.0,2024-04-03 10:15:00
8970,sess_08970,Referral,Desktop,1,0,0,0,0,0,0.0,2024-04-03 10:30:00
8971,sess_08971,Social Media,Mobile,1,0,0,0,0,0,0.0,2024-04-03 10:45:00
8972,sess_08972,Organic Search,Tablet,1,0,0,0,0,0,0.0,2024-04-03 11:00:00
8973,sess_08973,Paid Ad,Desktop,1,0,0,0,0,0,0.0,2024-04-03 11:15:00
8974,sess_08974,Referral,Mobile,1,0,0,0,0,0,0.0,2024-04-03 11:30:00
8975,sess_08975,Social Media,Tablet,1,0,0,0,0,0,0.0,2024-04-03 11:45:00
8976,sess_08976,Organic Search,Desktop,1,0,0,0,0,0,0.0,2024-04-03 12:00:00
8977,sess_08977,Paid Ad,Mobile,1,0,0,0,0,0,0.0,2024-04-03 12:15:00
8978,sess_08978,Referral,Tablet,1,0,0,0,0,0,0.0,2024-04-03 12:30:00
8979,sess_08979,Social Media,Desktop,1,0,0,0,0,0,0.0,2024-04-03 12:45:00
8980,sess_08980,Organic Search,Mobile,1,0,0,0,0,0,0.0,2024-04-03 13:00:00
8981,sess_08981,Paid Ad,Tablet,1,0,0,0,0,0,0.0,2024-04-03 13:15:00
8982,sess_08982,Referral,Desktop,1,0,0,0,0,0,0.0,2024-04-03 13:30:00
8983,sess_08983,Social Media,Mobile,1,0,0,0,0,0,0.0,2024-04-03 13:45:00
8984,sess_08984,Organic Search,Tablet,1,0,0,0,0,0,0.0,2024-04-03 14:00:00
8985,sess_08985,Paid Ad,Desktop,1,0,0,0,0,0,0.0,2024-04-03 14:15:00
8986,sess_08986,Referral,Mobile,1,0,0,0,0,0,0.0,2024-04-03 14:30:00
8987,sess_08987,Social Media,Tablet,1,0,0,0,0,0,0.0,2024-04-03 14:45:00
8988,sess_08988,Organic Search,Desktop,1,0,0,0,0,0,0.0,2024-04-03 15:00:00
8989,sess_08989,Paid Ad,Mobile,1,0,0,0,0,0,0.0,2024-04-03 15:15:00
8990,sess_08990,Referral,Tablet,1,0,0,0,0,0,0.0,2024-04-03 15:30:00
8991,sess_08991,Social Media,Desktop,1,0,0,0,0,0,0.0,2024-04-03 15:45:00
8992,sess_08992,Organic Search,Mobile,1,0,0,0,0,0,0.0,2024-04-03 16:00:00
8993,sess_08993,Paid Ad,Tablet,1,0,0,0,0,0,0.0,2024-04-03 16:15:00
8994,sess_08994,Referral,Desktop,1,0,0,0,0,0,0.0,2024-04-03 16:30:00
8995,sess_08995,Social Media,Mobile,1,0,0,0,0,0,0.0,2024-04-03 16:45:00
8996,sess_08996,Organic Search,Tablet,1,0,0,0,0,0,0.0,2024-04-03 17:00:00
8997,sess_08997,Paid Ad,Desktop,1,0,0,0,0,0,0.0,2024-04-03 17:15:00
8998,sess_08998,Referral,Mobile,1,0,0,0,0,0,0.0,2024-04-03 17:30:00
8999,sess_08999,Social Media,Tablet,1,0,0,0,0,0,0.0,2024-04-03 17:45:00
9000,sess_09000,Organic Search,Desktop,1,0,0,0,0,0,0.0,2024-04-03 18:00:00
9001,sess_09001,Paid Ad,Mobile,1,0,0,0,0,0,0.0,2024-04-03 18:15:00
9002,sess_09002,Referral,Tablet,1,0,0,0,0,0,0.0,2024-04-03 18:30:00
9003,sess_09003,Social Media,Desktop,1,0,0,0,0,0,0.0,2024-04-03 18:45:00
9004,sess_09004,Organic Search,Mobile,1,0,0,0,0,0,0.0,2024-04-03 19:00:00
9005,sess_09005,Paid Ad,Tablet,1,0,0,0,0,0,0.0,2024-04-03 19:15:00
9006,sess_09006,Referral,Desktop,1,0,0,0,0,0,0.0,2024-04-03 19:30:00
9007,sess_09007,Social Media,Mobile,1,0,0,0,0,0,0.0,2024-04-03 19:45:00
9008,sess_09008,Organic Search,Tablet,1,0,0,0,0,0,0.0,2024-04-03 20:00:00
9009,sess_09009,Paid Ad,Desktop,1,0,0,0,0,0,0.0,2024-04-03 20:15:00
9010,sess_09010,Referral,Mobile,1,0,0,0,0,0,0.0,2024-04-03 20:30:00
9011,sess_09011,Social Media,Tablet,1,0,0,0,0,0,0.0,2024-04-03 20:45:00
9012,sess_09012,Organic Search,Desktop,1,0,0,0,0,0,0.0,2024-04-03 21:00:00
9013,sess_09013,Paid Ad,Mobile,1,0,0,0,0,0,0.0,2024-04-03 21:15:00
9014,sess_09014,Referral,Tablet,1,0,0,0,0,0,0.0,2024-04-03 21:30:00
9015,sess_09015,Social Media,Desktop,1,0,0,0,0,0,0.0,2024-04-03 21:45:00
9016,sess_09016,Organic Search,Mobile,1,0,0,0,0,0,0.0,2024-04-03 22:00:00
9017,sess_09017,Paid Ad,Tablet,1,0,0,0,0,0,0.0,2024-04-03 22:15:00
9018,sess_09018,Referral,Desktop,1,0,0,0,0,0,0.0,2024-04-03 22:30:00
9019,sess_09019,Social Media,Mobile,1,0,0,0,0,0,0.0,2024-04-03 22:45:00
9020,sess_09020,Organic Search,Tablet,1,0,0,0,0,0,0.0,2024-04-03 23:00:00
9021,sess_09021,Paid Ad,Desktop,1,0,0,0,0,0,0.0,2024-04-03 23:15:00
9022,sess_09022,Referral,Mobile,1,0,0,0,0,0,0.0,2024-04-03 23:30:00
9023,sess_09023,Social Media,Tablet,1,0,0,0,0,0,0.0,2024-04-03 23:45:00
9024,sess_09024,Organic Search,Desktop,1,0,0,0,0,0,0.0,2024-04-04 00:00:00
9025,sess_09025,Paid Ad,Mobile,1,0,0,0,0,0,0.0,2024-04-04 00:15:00
9026,sess_09026,Referral,Tablet,1,0,0,0,0,0,0.0,2024-04-04 00:30:00
9027,sess_09027,Social Media,Desktop,1,0,0,0,0,0,0.0,2024-04-04 00:45:00
9028,sess_09028,Organic Search,Mobile,1,0,0,0,0,0,0.0,2024-04-04 01:00:00
9029,sess_09029,Paid Ad,Tablet,1,0,0,0,0,0,0.0,2024-04-04 01:15:00
9030,sess_09030,Referral,Desktop,1,0,0,0,0,0,0.0,2024-04-04 01:30:00
9031,sess_09031,Social Media,Mobile,1,0,0,0,0,0,0.0,2024-04-04 01:45:00
9032,sess_09032,Organic Search,Tablet,1,0,0,0,0,0,0.0,2024-04-04 02:00:00
9033,sess_09033,Paid Ad,Desktop,1,0,0,0,0,0,0.0,2024-04-04 02:15:00
9034,sess_09034,Referral,Mobile,1,0,0,0,0,0,0.0,2024-04-04 02:30:00
9035,sess_09035,Social Media,Tablet,1,0,0,0,0,0,0.0,2024-04-04 02:45:00
9036,sess_09036,Organic Search,Desktop,1,0,0,0,0,0,0.0,2024-04-04 03:00:00
9037,sess_09037,Paid Ad,Mobile,1,0,0,0,0,0,0.0,2024-04-04 03:15:00
9038,sess_09038,Referral,Tablet,1,0,0,0,0,0,0.0,2024-04-04 03:30:00
9039,sess_09039,Social Media,Desktop,1,0,0,0,0,0,0.0,2024-04-04 03:45:00
9040,sess_09040,Organic Search,Mobile,1,0,0,0,0,0,0.0,2024-04-04 04:00:00
9041,sess_09041,Paid Ad,Tablet,1,0,0,0,0,0,0.0,2024-04-04 04:15:00
9042,sess_09042,Referral,Desktop,1,0,0,0,0,0,0.0,2024-04-04 04:30:00
9043,sess_09043,Social Media,Mobile,1,0,0,0,0,0,0.0,2024-04-04 04:45:00
9044,sess_09044,Organic Search,Tablet,1,0,0,0,0,0,0.0,2024-04-04 05:00:00
9045,sess_09045,Paid Ad,Desktop,1,0,0,0,0,0,0.0,2024-04-04 05:15:00
9046,sess_09046,Referral,Mobile,1,0,0,0,0,0,0.0,2024-04-04 05:30:00
9047,sess_09047,Social Media,Tablet,1,0,0,0,0,0,0.0,2024-04-04 05:45:00
9048,sess_09048,Organic Search,Desktop,1,0,0,0,0,0,0.0,2024-04-04 06:00:00
9049,sess_09049,Paid Ad,Mobile,1,0,0,0,0,0,0.0,2024-04-04 06:15:00
9050,sess_09050,Referral,Tablet,1,0,0,0,0,0,0.0,2024-04-04 06:30:00
9051,sess_09051,Social Media,Desktop,1,0,0,0,0,0,0.0,2024-04-04 06:45:00
9052,sess_09052,Organic Search,Mobile,1,0,0,0,0,0,0.0,2024-04-04 07:00:00
9053,sess_09053,Paid Ad,Tablet,1,0,0,0,0,0,0.0,2024-04-04 07:15:00
9054,sess_09054,Referral,Desktop,1,0,0,0,0,0,0.0,2024-04-04 07:30:00
9055,sess_09055,Social Media,Mobile,1,0,0,0,0,0,0.0,2024-04-04 07:45:00
9056,sess_09056,Organic Search,Tablet,1,0,0,0,0,0,0.0,2024-04-04 08:00:00
9057,sess_09057,Paid Ad,Desktop,1,0,0,0,0,0,0.0,2024-04-04 08:15:00
9058,sess_09058,Referral,Mobile,1,0,0,0,0,0,0.0,2024-04-04 08:30:00
9059,sess_09059,Social Media,Tablet,1,0,0,0,0,0,0.0,2024-04-04 08:45:00
9060,sess_09060,Organic Search,Desktop,1,0,0,0,0,0,0.0,2024-04-04 09:00:00
9061,sess_09061,Paid Ad,Mobile,1,0,0,0,0,0,0.0,2024-04-04 09:15:00
9062,sess_09062,Referral,Tablet,1,0,0,0,0,0,0.0,2024-04-04 09:30:00
9063,sess_09063,Social Media,Desktop,1,0,0,0,0,0,0.0,2024-04-04 09:45:00
9064,sess_09064,Organic Search,Mobile,1,0,0,0,0,0,0.0,2024-04-04 10:00:00
9065,sess_09065,Paid Ad,Tablet,1,0,0,0,0,0,0.0,2024-04-04 10:15:00
9066,sess_09066,Referral,Desktop,1,0,0,0,0,0,0.0,2024-04-04 10:30:00
9067,sess_09067,Social Media,Mobile,1,0,0,0,0,0,0.0,2024-04-04 10:45:00
9068,sess_09068,Organic Search,Tablet,1,0,0,0,0,0,0.0,2024-04-04 11:00:00
9069,sess_09069,Paid Ad,Desktop,1,0,0,0,0,0,0.0,2024-04-04 11:15:00
9070,sess_09070,Referral,Mobile,1,0,0,0,0,0,0.0,2024-04-04 11:30:00
9071,sess_09071,Social Media,Tablet,1,0,0,0,0,0,0.0,2024-04-04 11:45:00
9072,sess_09072,Organic Search,Desktop,1,0,0,0,0,0,0.0,2024-04-04 12:00:00
9073,sess_09073,Paid Ad,Mobile,1,0,0,0,0,0,0.0,2024-04-04 12:15:00
9074,sess_09074,Referral,Tablet,1,0,0,0,0,0,0.0,2024-04-04 12:30:00
9075,sess_09075,Social Media,Desktop,1,0,0,0,0,0,0.0,2024-04-04 12:45:00
9076,sess_09076,Organic Search,Mobile,1,0,0,0,0,0,0.0,2024-04-04 13:00:00
9077,sess_09077,Paid Ad,Tablet,1,0,0,0,0,0,0.0,2024-04-04 13:15:00
9078,sess_09078,Referral,Desktop,1,0,0,0,0,0,0.0,2024-04-04 13:30:00
9079,sess_09079,Social Media,Mobile,1,0,0,0,0,0,0.0,2024-04-04 13:45:00
9080,sess_09080,Organic Search,Tablet,1,0,0,0,0,0,0.0,2024-04-04 14:00:00
9081,sess_09081,Paid Ad,Desktop,1,0,0,0,0,0,0.0,2024-04-04 14:15:00
9082,sess_09082,Referral,Mobile,1,0,0,0,0,0,0.0,2024-04-04 14:30:00
9083,sess_09083,Social Media,Tablet,1,0,0,0,0,0,0.0,2024-04-04 14:45:00
9084,sess_09084,Organic Search,Desktop,1,0,0,0,0,0,0.0,2024-04-04 15:00:00
9085,sess_09085,Paid Ad,Mobile,1,0,0,0,0,0,0.0,2024-04-04 15:15:00
9086,sess_09086,Referral,Tablet,1,0,0,0,0,0,0.0,2024-04-04 15:30:00
9087,sess_09087,Social Media,Desktop,1,0,0,0,0,0,0.0,2024-04-04 15:45:00
9088,sess_09088,Organic Search,Mobile,1,0,0,0,0,0,0.0,2024-04-04 16:00:00
9089,sess_09089,Paid Ad,Tablet,1,0,0,0,0,0,0.0,2024-04-04 16:15:00
9090,sess_09090,Referral,Desktop,1,0,0,0,0,0,0.0,2024-04-04 16:30:00
9091,sess_09091,Social Media,Mobile,1,0,0,0,0,0,0.0,2024-04-04 16:45:00
9092,sess_09092,Organic Search,Tablet,1,0,0,0,0,0,0.0,2024-04-04 17:00:00
9093,sess_09093,Paid Ad,Desktop,1,0,0,0,0,0,0.0,2024-04-04 17:15:00
9094,sess_09094,Referral,Mobile,1,0,0,0,0,0,0.0,2024-04-04 17:30:00
9095,sess_09095,Social Media,Tablet,1,0,0,0,0,0,0.0,2024-04-04 17:45:00
9096,sess_09096,Organic Search,Desktop,1,0,0,0,0,0,0.0,2024-04-04 18:00:00
9097,sess_09097,Paid Ad,Mobile,1,0,0,0,0,0,0.0,2024-04-04 18:15:00
9098,sess_09098,Referral,Tablet,1,0,0,0,0,0,0.0,2024-04-04 18:30:00
9099,sess_09099,Social Media,Desktop,1,0,0,0,0,0,0.0,2024-04-04 18:45:00
9100,sess_09100,Organic Search,Mobile,1,0,0,0,0,0,0.0,2024-04-04 19:00:00
9101,sess_09101,Paid Ad,Tablet,1,0,0,0,0,0,0.0,2024-04-04 19:15:00
9102,sess_09102,Referral,Desktop,1,0,0,0,0,0,0.0,2024-04-04 19:30:00
9103,sess_09103,Social Media,Mobile,1,0,0,0,0,0,0.0,2024-04-04 19:45:00
9104,sess_09104,Organic Search,Tablet,1,0,0,0,0,0,0.0,2024-04-04 20:00:00
9105,sess_09105,Paid Ad,Desktop,1,0,0,0,0,0,0.0,2024-04-04 20:15:00
9106,sess_09106,Referral,Mobile,1,0,0,0,0,0,0.0,2024-04-04 20:30:00
9107,sess_09107,Social Media,Tablet,1,0,0,0,0,0,0.0,2024-04-04 20:45:00
9108,sess_09108,Organic Search,Desktop,1,0,0,0,0,0,0.0,2024-04-04 21:00:00
9109,sess_09109,Paid Ad,Mobile,1,0,0,0,0,0,0.0,2024-04-04 21:15:00
9110,sess_09110,Referral,Tablet,1,0,0,0,0,0,0.0,2024-04-04 21:30:00
9111,sess_09111,Social Media,Desktop,1,0,0,0,0,0,0.0,2024-04-04 21:45:00
9112,sess_09112,Organic Search,Mobile,1,0,0,0,0,0,0.0,2024-04-04 22:00:00
9113,sess_09113,Paid Ad,Tablet,1,0,0,0,0,0,0.0,2024-04-04 22:15:00
9114,sess_09114,Referral,Desktop,1,0,0,0,0,0,0.0,2024-04-04 22:30:00
9115,sess_09115,Social Media,Mobile,1,0,0,0,0,0,0.0,2024-04-04 22:45:00
9116,sess_09116,Organic Search,Tablet,1,0,0,0,0,0,0.0,2024-04-04 23:00:00
9117,sess_09117,Paid Ad,Desktop,1,0,0,0,0,0,0.0,2024-04-04 23:15:00
9118,sess_09118,Referral,Mobile,1,0,0,0,0,0,0.0,2024-04-04 23:30:00
9119,sess_09119,Social Media,Tablet,1,0,0,0,0,0,0.0,2024-04-04 23:45:00
9120,sess_09120,Organic Search,Desktop,1,0,0,0,0,0,0.0,2024-04-05 00:00:00
9121,sess_09121,Paid Ad,Mobile,1,0,0,0,0,0,0.0,2024-04-05 00:15:00
9122,sess_09122,Referral,Tablet,1,0,0,0,0,0,0.0,2024-04-05 00:30:00
9123,sess_09123,Social Media,Desktop,1,0,0,0,0,0,0.0,2024-04-05 00:45:00
9124,sess_09124,Organic Search,Mobile,1,0,0,0,0,0,0.0,2024-04-05 01:00:00
9125,sess_09125,Paid Ad,Tablet,1,0,0,0,0,0,0.0,2024-04-05 01:15:00
9126,sess_09126,Referral,Desktop,1,0,0,0,0,0,0.0,2024-04-05 01:30:00
9127,sess_09127,Social Media,Mobile,1,0,0,0,0,0,0.0,2024-04-05 01:45:00
9128,sess_09128,Organic Search,Tablet,1,0,0,0,0,0,0.0,2024-04-05 02:00:00
9129,sess_09129,Paid Ad,Desktop,1,0,0,0,0,0,0.0,2024-04-05 02:15:00
9130,sess_09130,Referral,Mobile,1,0,0,0,0,0,0.0,2024-04-05 02:30:00
9131,sess_09131,Social Media,Tablet,1,0,0,0,0,0,0.0,2024-04-05 02:45:00
9132,sess_09132,Organic Search,Desktop,1,0,0,0,0,0,0.0,2024-04-05 03:00:00
9133,sess_09133,Paid Ad,Mobile,1,0,0,0,0,0,0.0,2024-04-05 03:15:00
9134,sess_09134,Referral,Tablet,1,0,0,0,0,0,0.0,2024-04-05 03:30:00
9135,sess_09135,Social Media,Desktop,1,0,0,0,0,0,0.0,2024-04-05 03:45:00
9136,sess_09136,Organic Search,Mobile,1,0,0,0,0,0,0.0,2024-04-05 04:00:00
9137,sess_09137,Paid Ad,Tablet,1,0,0,0,0,0,0.0,2024-04-05 04:15:00
9138,sess_09138,Referral,Desktop,1,0,0,0,0,0,0.0,2024-04-05 04:30:00
9139,sess_09139,Social Media,Mobile,1,0,0,0,0,0,0.0,2024-04-05 04:45:00
9140,sess_09140,Organic Search,Tablet,1,0,0,0,0,0,0.0,2024-04-05 05:00:00
9141,sess_09141,Paid Ad,Desktop,1,0,0,0,0,0,0.0,2024-04-05 05:15:00
9142,sess_09142,Referral,Mobile,1,0,0,0,0,0,0.0,2024-04-05 05:30:00
9143,sess_09143,Social Media,Tablet,1,0,0,0,0,0,0.0,2024-04-05 05:45:00
9144,sess_09144,Organic Search,Desktop,1,0,0,0,0,0,0.0,2024-04-05 06:00:00
9145,sess_09145,Paid Ad,Mobile,1,0,0,0,0,0,0.0,2024-04-05 06:15:00
9146,sess_09146,Referral,Tablet,1,0,0,0,0,0,0.0,2024-04-05 06:30:00
9147,sess_09147,Social Media,Desktop,1,0,0,0,0,0,0.0,2024-04-05 06:45:00
9148,sess_09148,Organic Search,Mobile,1,0,0,0,0,0,0.0,2024-04-05 07:00:00
9149,sess_09149,Paid Ad,Tablet,1,0,0,0,0,0,0.0,2024-04-05 07:15:00
9150,sess_09150,Referral,Desktop,1,0,0,0,0,0,0.0,2024-04-05 07:30:00
9151,sess_09151,Social Media,Mobile,1,0,0,0,0,0,0.0,2024-04-05 07:45:00
9152,sess_09152,Organic Search,Tablet,1,0,0,0,0,0,0.0,2024-04-05 08:00:00
9153,sess_09153,Paid Ad,Desktop,1,0,0,0,0,0,0.0,2024-04-05 08:15:00
9154,sess_09154,Referral,Mobile,1,0,0,0,0,0,0.0,2024-04-05 08:30:00
9155,sess_09155,Social Media,Tablet,1,0,0,0,0,0,0.0,2024-04-05 08:45:00
9156,sess_09156,Organic Search,Desktop,1,0,0,0,0,0,0.0,2024-04-05 09:00:00
9157,sess_09157,Paid Ad,Mobile,1,0,0,0,0,0,0.0,2024-04-05 09:15:00
9158,sess_09158,Referral,Tablet,1,0,0,0,0,0,0.0,2024-04-05 09:30:00
9159,sess_09159,Social Media,Desktop,1,0,0,0,0,0,0.0,2024-04-05 09:45:00
9160,sess_09160,Organic Search,Mobile,1,0,0,0,0,0,0.0,2024-04-05 10:00:00
9161,sess_09161,Paid Ad,Tablet,1,0,0,0,0,0,0.0,2024-04-05 10:15:00
9162,sess_09162,Referral,Desktop,1,0,0,0,0,0,0.0,2024-04-05 10:30:00
9163,sess_09163,Social Media,Mobile,1,0,0,0,0,0,0.0,2024-04-05 10:45:00
9164,sess_09164,Organic Search,Tablet,1,0,0,0,0,0,0.0,2024-04-05 11:00:00
9165,sess_09165,Paid Ad,Desktop,1,0,0,0,0,0,0.0,2024-04-05 11:15:00
9166,sess_09166,Referral,Mobile,1,0,0,0,0,0,0.0,2024-04-05 11:30:00
9167,sess_09167,Social Media,Tablet,1,0,0,0,0,0,0.0,2024-04-05 11:45:00
9168,sess_09168,Organic Search,Desktop,1,0,0,0,0,0,0.0,2024-04-05 12:00:00
9169,sess_09169,Paid Ad,Mobile,1,0,0,0,0,0,0.0,2024-04-05 12:15:00
9170,sess_09170,Referral,Tablet,1,0,0,0,0,0,0.0,2024-04-05 12:30:00
9171,sess_09171,Social Media,Desktop,1,0,0,0,0,0,0.0,2024-04-05 12:45:00
9172,sess_09172,Organic Search,Mobile,1,0,0,0,0,0,0.0,2024-04-05 13:00:00
9173,sess_09173,Paid Ad,Tablet,1,0,0,0,0,0,0.0,2024-04-05 13:15:00
9174,sess_09174,Referral,Desktop,1,0,0,0,0,0,0.0,2024-04-05 13:30:00
9175,sess_09175,Social Media,Mobile,1,0,0,0,0,0,0.0,2024-04-05 13:45:00
9176,sess_09176,Organic Search,Tablet,1,0,0,0,0,0,0.0,2024-04-05 14:00:00
9177,sess_09177,Paid Ad,Desktop,1,0,0,0,0,0,0.0,2024-04-05 14:15:00
9178,sess_09178,Referral,Mobile,1,0,0,0,0,0,0.0,2024-04-05 14:30:00
9179,sess_09179,Social Media,Tablet,1,0,0,0,0,0,0.0,2024-04-05 14:45:00
9180,sess_09180,Organic Search,Desktop,1,0,0,0,0,0,0.0,2024-04-05 15:00:00
9181,sess_09181,Paid Ad,Mobile,1,0,0,0,0,0,0.0,2024-04-05 15:15:00
9182,sess_09182,Referral,Tablet,1,0,0,0,0,0,0.0,2024-04-05 15:30:00
9183,sess_09183,Social Media,Desktop,1,0,0,0,0,0,0.0,2024-04-05 15:45:00
9184,sess_09184,Organic Search,Mobile,1,0,0,0,0,0,0.0,2024-04-05 16:00:00
9185,sess_09185,Paid Ad,Tablet,1,0,0,0,0,0,0.0,2024-04-05 16:15:00
9186,sess_09186,Referral,Desktop,1,0,0,0,0,0,0.0,2024-04-05 16:30:00
9187,sess_09187,Social Media,Mobile,1,0,0,0,0,0,0.0,2024-04-05 16:45:00
9188,sess_09188,Organic Search,Tablet,1,0,0,0,0,0,0.0,2024-04-05 17:00:00
9189,sess_09189,Paid Ad,Desktop,1,0,0,0,0,0,0.0,2024-04-05 17:15:00
9190,sess_09190,Referral,Mobile,1,0,0,0,0,0,0.0,2024-04-05 17:30:00
9191,sess_09191,Social Media,Tablet,1,0,0,0,0,0,0.0,2024-04-05 17:45:00
9192,sess_09192,Organic Search,Desktop,1,0,0,0,0,0,0.0,2024-04-05 18:00:00
9193,sess_09193,Paid Ad,Mobile,1,0,0,0,0,0,0.0,2024-04-05 18:15:00
9194,sess_09194,Referral,Tablet,1,0,0,0,0,0,0.0,2024-04-05 18:30:00
9195,sess_09195,Social Media,Desktop,1,0,0,0,0,0,0.0,2024-04-05 18:45:00
9196,sess_09196,Organic Search,Mobile,1,0,0,0,0,0,0.0,2024-04-05 19:00:00
9197,sess_09197,Paid Ad,Tablet,1,0,0,0,0,0,0.0,2024-04-05 19:15:00
9198,sess_09198,Referral,Desktop,1,0,0,0,0,0,0.0,2024-04-05 19:30:00
9199,sess_09199,Social Media,Mobile,1,0,0,0,0,0,0.0,2024-04-05 19:45:00
9200,sess_09200,Organic Search,Tablet,1,0,0,0,0,0,0.0,2024-04-05 20:00:00
9201,sess_09201,Paid Ad,Desktop,1,0,0,0,0,0,0.0,2024-04-05 20:15:00
9202,sess_09202,Referral,Mobile,1,0,0,0,0,0,0.0,2024-04-05 20:30:00
9203,sess_09203,Social Media,Tablet,1,0,0,0,0,0,0.0,2024-04-05 20:45:00
9204,sess_09204,Organic Search,Desktop,1,0,0,0,0,0,0.0,2024-04-05 21:00:00
9205,sess_09205,Paid Ad,Mobile,1,0,0,0,0,0,0.0,2024-04-05 21:15:00
9206,sess_09206,Referral,Tablet,1,0,0,0,0,0,0.0,2024-04-05 21:30:00
9207,sess_09207,Social Media,Desktop,1,0,0,0,0,0,0.0,2024-04-05 21:45:00
9208,sess_09208,Organic Search,Mobile,1,0,0,0,0,0,0.0,2024-04-05 22:00:00
9209,sess_09209,Paid Ad,Tablet,1,0,0,0,0,0,0.0,2024-04-05 22:15:00
9210,sess_09210,Referral,Desktop,1,0,0,0,0,0,0.0,2024-04-05 22:30:00
9211,sess_09211,Social Media,Mobile,1,0,0,0,0,0,0.0,2024-04-05 22:45:00
9212,sess_09212,Organic Search,Tablet,1,0,0,0,0,0,0.0,2024-04-05 23:00:00
9213,sess_09213,Paid Ad,Desktop,1,0,0,0,0,0,0.0,2024-04-05 23:15:00
9214,sess_09214,Referral,Mobile,1,0,0,0,0,0,0.0,2024-04-05 23:30:00
9215,sess_09215,Social Media,Tablet,1,0,0,0,0,0,0.0,2024-04-05 23:45:00
9216,sess_09216,Organic Search,Desktop,1,0,0,0,0,0,0.0,2024-04-06 00:00:00
9217,sess_09217,Paid Ad,Mobile,1,0,0,0,0,0,0.0,2024-04-06 00:15:00
9218,sess_09218,Referral,Tablet,1,0,0,0,0,0,0.0,2024-04-06 00:30:00
9219,sess_09219,Social Media,Desktop,1,0,0,0,0,0,0.0,2024-04-06 00:45:00
9220,sess_09220,Organic Search,Mobile,1,0,0,0,0,0,0.0,2024-04-06 01:00:00
9221,sess_09221,Paid Ad,Tablet,1,0,0,0,0,0,0.0,2024-04-06 01:15:00
9222,sess_09222,Referral,Desktop,1,0,0,0,0,0,0.0,2024-04-06 01:30:00
9223,sess_09223,Social Media,Mobile,1,0,0,0,0,0,0.0,2024-04-06 01:45:00
9224,sess_09224,Organic Search,Tablet,1,0,0,0,0,0,0.0,2024-04-06 02:00:00
9225,sess_09225,Paid Ad,Desktop,1,0,0,0,0,0,0.0,2024-04-06 02:15:00
9226,sess_09226,Referral,Mobile,1,0,0,0,0,0,0.0,2024-04-06 02:30:00
9227,sess_09227,Social Media,Tablet,1,0,0,0,0,0,0.0,2024-04-06 02:45:00
9228,sess_09228,Organic Search,Desktop,1,0,0,0,0,0,0.0,2024-04-06 03:00:00
9229,sess_09229,Paid Ad,Mobile,1,0,0,0,0,0,0.0,2024-04-06 03:15:00
9230,sess_09230,Referral,Tablet,1,0,0,0,0,0,0.0,2024-04-06 03:30:00
9231,sess_09231,Social Media,Desktop,1,0,0,0,0,0,0.0,2024-04-06 03:45:00
9232,sess_09232,Organic Search,Mobile,1,0,0,0,0,0,0.0,2024-04-06 04:00:00
9233,sess_09233,Paid Ad,Tablet,1,0,0,0,0,0,0.0,2024-04-06 04:15:00
9234,sess_09234,Referral,Desktop,1,0,0,0,0,0,0.0,2024-04-06 04:30:00
9235,sess_09235,Social Media,Mobile,1,0,0,0,0,0,0.0,2024-04-06 04:45:00
9236,sess_09236,Organic Search,Tablet,1,0,0,0,0,0,0.0,2024-04-06 05:00:00
9237,sess_09237,Paid Ad,Desktop,1,0,0,0,0,0,0.0,2024-04-06 05:15:00
9238,sess_09238,Referral,Mobile,1,0,0,0,0,0,0.0,2024-04-06 05:30:00
9239,sess_09239,Social Media,Tablet,1,0,0,0,0,0,0.0,2024-04-06 05:45:00
9240,sess_09240,Organic Search,Desktop,1,0,0,0,0,0,0.0,2024-04-06 06:00:00
9241,sess_09241,Paid Ad,Mobile,1,0,0,0,0,0,0.0,2024-04-06 06:15:00
9242,sess_09242,Referral,Tablet,1,0,0,0,0,0,0.0,2024-04-06 06:30:00
9243,sess_09243,Social Media,Desktop,1,0,0,0,0,0,0.0,2024-04-06 06:45:00
9244,sess_09244,Organic Search,Mobile,1,0,0,0,0,0,0.0,2024-04-06 07:00:00
9245,sess_09245,Paid Ad,Tablet,1,0,0,0,0,0,0.0,2024-04-06 07:15:00
9246,sess_09246,Referral,Desktop,1,0,0,0,0,0,0.0,2024-04-06 07:30:00
9247,sess_09247,Social Media,Mobile,1,0,0,0,0,0,0.0,2024-04-06 07:45:00
9248,sess_09248,Organic Search,Tablet,1,0,0,0,0,0,0.0,2024-04-06 08:00:00
9249,sess_09249,Paid Ad,Desktop,1,0,0,0,0,0,0.0,2024-04-06 08:15:00
9250,sess_09250,Referral,Mobile,1,0,0,0,0,0,0.0,2024-04-06 08:30:00
9251,sess_09251,Social Media,Tablet,1,0,0,0,0,0,0.0,2024-04-06 08:45:00
9252,sess_09252,Organic Search,Desktop,1,0,0,0,0,0,0.0,2024-04-06 09:00:00
9253,sess_09253,Paid Ad,Mobile,1,0,0,0,0,0,0.0,2024-04-06 09:15:00
9254,sess_09254,Referral,Tablet,1,0,0,0,0,0,0.0,2024-04-06 09:30:00
9255,sess_09255,Social Media,Desktop,1,0,0,0,0,0,0.0,2024-04-06 09:45:00
9256,sess_09256,Organic Search,Mobile,1,0,0,0,0,0,0.0,2024-04-06 10:00:00
9257,sess_09257,Paid Ad,Tablet,1,0,0,0,0,0,0.0,2024-04-06 10:15:00
9258,sess_09258,Referral,Desktop,1,0,0,0,0,0,0.0,2024-04-06 10:30:00
9259,sess_09259,Social Media,Mobile,1,0,0,0,0,0,0.0,2024-04-06 10:45:00
9260,sess_09260,Organic Search,Tablet,1,0,0,0,0,0,0.0,2024-04-06 11:00:00
9261,sess_09261,Paid Ad,Desktop,1,0,0,0,0,0,0.0,2024-04-06 11:15:00
9262,sess_09262,Referral,Mobile,1,0,0,0,0,0,0.0,2024-04-06 11:30:00
9263,sess_09263,Social Media,Tablet,1,0,0,0,0,0,0.0,2024-04-06 11:45:00
9264,sess_09264,Organic Search,Desktop,1,0,0,0,0,0,0.0,2024-04-06 12:00:00
9265,sess_09265,Paid Ad,Mobile,1,0,0,0,0,0,0.0,2024-04-06 12:15:00
9266,sess_09266,Referral,Tablet,1,0,0,0,0,0,0.0,2024-04-06 12:30:00
9267,sess_09267,Social Media,Desktop,1,0,0,0,0,0,0.0,2024-04-06 12:45:00
9268,sess_09268,Organic Search,Mobile,1,0,0,0,0,0,0.0,2024-04-06 13:00:00
9269,sess_09269,Paid Ad,Tablet,1,0,0,0,0,0,0.0,2024-04-06 13:15:00
9270,sess_09270,Referral,Desktop,1,0,0,0,0,0,0.0,2024-04-06 13:30:00
9271,sess_09271,Social Media,Mobile,1,0,0,0,0,0,0.0,2024-04-06 13:45:00
9272,sess_09272,Organic Search,Tablet,1,0,0,0,0,0,0.0,2024-04-06 14:00:00
9273,sess_09273,Paid Ad,Desktop,1,0,0,0,0,0,0.0,2024-04-06 14:15:00
9274,sess_09274,Referral,Mobile,1,0,0,0,0,0,0.0,2024-04-06 14:30:00
9275,sess_09275,Social Media,Tablet,1,0,0,0,0,0,0.0,2024-04-06 14:45:00
9276,sess_09276,Organic Search,Desktop,1,0,0,0,0,0,0.0,2024-04-06 15:00:00
9277,sess_09277,Paid Ad,Mobile,1,0,0,0,0,0,0.0,2024-04-06 15:15:00
9278,sess_09278,Referral,Tablet,1,0,0,0,0,0,0.0,2024-04-06 15:30:00
9279,sess_09279,Social Media,Desktop,1,0,0,0,0,0,0.0,2024-04-06 15:45:00
9280,sess_09280,Organic Search,Mobile,1,0,0,0,0,0,0.0,2024-04-06 16:00:00
9281,sess_09281,Paid Ad,Tablet,1,0,0,0,0,0,0.0,2024-04-06 16:15:00
9282,sess_09282,Referral,Desktop,1,0,0,0,0,0,0.0,2024-04-06 16:30:00
9283,sess_09283,Social Media,Mobile,1,0,0,0,0,0,0.0,2024-04-06 16:45:00
9284,sess_09284,Organic Search,Tablet,1,0,0,0,0,0,0.0,2024-04-06 17:00:00
9285,sess_09285,Paid Ad,Desktop,1,0,0,0,0,0,0.0,2024-04-06 17:15:00
9286,sess_09286,Referral,Mobile,1,0,0,0,0,0,0.0,2024-04-06 17:30:00
9287,sess_09287,Social Media,Tablet,1,0,0,0,0,0,0.0,2024-04-06 17:45:00
9288,sess_09288,Organic Search,Desktop,1,0,0,0,0,0,0.0,2024-04-06 18:00:00
9289,sess_09289,Paid Ad,Mobile,1,0,0,0,0,0,0.0,2024-04-06 18:15:00
9290,sess_09290,Referral,Tablet,1,0,0,0,0,0,0.0,2024-04-06 18:30:00
9291,sess_09291,Social Media,Desktop,1,0,0,0,0,0,0.0,2024-04-06 18:45:00
9292,sess_09292,Organic Search,Mobile,1,0,0,0,0,0,0.0,2024-04-06 19:00:00
9293,sess_09293,Paid Ad,Tablet,1,0,0,0,0,0,0.0,2024-04-06 19:15:00
9294,sess_09294,Referral,Desktop,1,0,0,0,0,0,0.0,2024-04-06 19:30:00
9295,sess_09295,Social Media,Mobile,1,0,0,0,0,0,0.0,2024-04-06 19:45:00
9296,sess_09296,Organic Search,Tablet,1,0,0,0,0,0,0.0,2024-04-06 20:00:00
9297,sess_09297,Paid Ad,Desktop,1,0,0,0,0,0,0.0,2024-04-06 20:15:00
9298,sess_09298,Referral,Mobile,1,0,0,0,0,0,0.0,2024-04-06 20:30:00
9299,sess_09299,Social Media,Tablet,1,0,0,0,0,0,0.0,2024-04-06 20:45:00
9300,sess_09300,Organic Search,Desktop,1,0,0,0,0,0,0.0,2024-04-06 21:00:00
9301,sess_09301,Paid Ad,Mobile,1,0,0,0,0,0,0.0,2024-04-06 21:15:00
9302,sess_09302,Referral,Tablet,1,0,0,0,0,0,0.0,2024-04-06 21:30:00
9303,sess_09303,Social Media,Desktop,1,0,0,0,0,0,0.0,2024-04-06 21:45:00
9304,sess_09304,Organic Search,Mobile,1,0,0,0,0,0,0.0,2024-04-06 22:00:00
9305,sess_09305,Paid Ad,Tablet,1,0,0,0,0,0,0.0,2024-04-06 22:15:00
9306,sess_09306,Referral,Desktop,1,0,0,0,0,0,0.0,2024-04-06 22:30:00
9307,sess_09307,Social Media,Mobile,1,0,0,0,0,0,0.0,2024-04-06 22:45:00
9308,sess_09308,Organic Search,Tablet,1,0,0,0,0,0,0.0,2024-04-06 23:00:00
9309,sess_09309,Paid Ad,Desktop,1,0,0,0,0,0,0.0,2024-04-06 23:15:00
9310,sess_09310,Referral,Mobile,1,0,0,0,0,0,0.0,2024-04-06 23:30:00
9311,sess_09311,Social Media,Tablet,1,0,0,0,0,0,0.0,2024-04-06 23:45:00
9312,sess_09312,Organic Search,Desktop,1,0,0,0,0,0,0.0,2024-04-07 00:00:00
9313,sess_09313,Paid Ad,Mobile,1,0,0,0,0,0,0.0,2024-04-07 00:15:00
9314,sess_09314,Referral,Tablet,1,0,0,0,0,0,0.0,2024-04-07 00:30:00
9315,sess_09315,Social Media,Desktop,1,0,0,0,0,0,0.0,2024-04-07 00:45:00
9316,sess_09316,Organic Search,Mobile,1,0,0,0,0,0,0.0,2024-04-07 01:00:00
9317,sess_09317,Paid Ad,Tablet,1,0,0,0,0,0,0.0,2024-04-07 01:15:00
9318,sess_09318,Referral,Desktop,1,0,0,0,0,0,0.0,2024-04-07 01:30:00
9319,sess_09319,Social Media,Mobile,1,0,0,0,0,0,0.0,2024-04-07 01:45:00
9320,sess_09320,Organic Search,Tablet,1,0,0,0,0,0,0.0,2024-04-07 02:00:00
9321,sess_09321,Paid Ad,Desktop,1,0,0,0,0,0,0.0,2024-04-07 02:15:00
9322,sess_09322,Referral,Mobile,1,0,0,0,0,0,0.0,2024-04-07 02:30:00
9323,sess_09323,Social Media,Tablet,1,0,0,0,0,0,0.0,2024-04-07 02:45:00
9324,sess_09324,Organic Search,Desktop,1,0,0,0,0,0,0.0,2024-04-07 03:00:00
9325,sess_09325,Paid Ad,Mobile,1,0,0,0,0,0,0.0,2024-04-07 03:15:00
9326,sess_09326,Referral,Tablet,1,0,0,0,0,0,0.0,2024-04-07 03:30:00
9327,sess_09327,Social Media,Desktop,1,0,0,0,0,0,0.0,2024-04-07 03:45:00
9328,sess_09328,Organic Search,Mobile,1,0,0,0,0,0,0.0,2024-04-07 04:00:00
9329,sess_09329,Paid Ad,Tablet,1,0,0,0,0,0,0.0,2024-04-07 04:15:00
9330,sess_09330,Referral,Desktop,1,0,0,0,0,0,0.0,2024-04-07 04:30:00
9331,sess_09331,Social Media,Mobile,1,0,0,0,0,0,0.0,2024-04-07 04:45:00
9332,sess_09332,Organic Search,Tablet,1,0,0,0,0,0,0.0,2024-04-07 05:00:00
9333,sess_09333,Paid Ad,Desktop,1,0,0,0,0,0,0.0,2024-04-07 05:15:00
9334,sess_09334,Referral,Mobile,1,0,0,0,0,0,0.0,2024-04-07 05:30:00
9335,sess_09335,Social Media,Tablet,1,0,0,0,0,0,0.0,2024-04-07 05:45:00
9336,sess_09336,Organic Search,Desktop,1,0,0,0,0,0,0.0,2024-04-07 06:00:00
9337,sess_09337,Paid Ad,Mobile,1,0,0,0,0,0,0.0,2024-04-07 06:15:00
9338,sess_09338,Referral,Tablet,1,0,0,0,0,0,0.0,2024-04-07 06:30:00
9339,sess_09339,Social Media,Desktop,1,0,0,0,0,0,0.0,2024-04-07 06:45:00
9340,sess_09340,Organic Search,Mobile,1,0,0,0,0,0,0.0,2024-04-07 07:00:00
9341,sess_09341,Paid Ad,Tablet,1,0,0,0,0,0,0.0,2024-04-07 07:15:00
9342,sess_09342,Referral,Desktop,1,0,0,0,0,0,0.0,2024-04-07 07:30:00
9343,sess_09343,Social Media,Mobile,1,0,0,0,0,0,0.0,2024-04-07 07:45:00
9344,sess_09344,Organic Search,Tablet,1,0,0,0,0,0,0.0,2024-04-07 08:00:00
9345,sess_09345,Paid Ad,Desktop,1,0,0,0,0,0,0.0,2024-04-07 08:15:00
9346,sess_09346,Referral,Mobile,1,0,0,0,0,0,0.0,2024-04-07 08:30:00
9347,sess_09347,Social Media,Tablet,1,0,0,0,0,0,0.0,2024-04-07 08:45:00
9348,sess_09348,Organic Search,Desktop,1,0,0,0,0,0,0.0,2024-04-07 09:00:00
9349,sess_09349,Paid Ad,Mobile,1,0,0,0,0,0,0.0,2024-04-07 09:15:00
9350,sess_09350,Referral,Tablet,1,0,0,0,0,0,0.0,2024-04-07 09:30:00
9351,sess_09351,Social Media,Desktop,1,0,0,0,0,0,0.0,2024-04-07 09:45:00
9352,sess_09352,Organic Search,Mobile,1,0,0,0,0,0,0.0,2024-04-07 10:00:00
9353,sess_09353,Paid Ad,Tablet,1,0,0,0,0,0,0.0,2024-04-07 10:15:00
9354,sess_09354,Referral,Desktop,1,0,0,0,0,0,0.0,2024-04-07 10:30:00
9355,sess_09355,Social Media,Mobile,1,0,0,0,0,0,0.0,2024-04-07 10:45:00
9356,sess_09356,Organic Search,Tablet,1,0,0,0,0,0,0.0,2024-04-07 11:00:00
9357,sess_09357,Paid Ad,Desktop,1,0,0,0,0,0,0.0,2024-04-07 11:15:00
9358,sess_09358,Referral,Mobile,1,0,0,0,0,0,0.0,2024-04-07 11:30:00
9359,sess_09359,Social Media,Tablet,1,0,0,0,0,0,0.0,2024-04-07 11:45:00
9360,sess_09360,Organic Search,Desktop,1,0,0,0,0,0,0.0,2024-04-07 12:00:00
9361,sess_09361,Paid Ad,Mobile,1,0,0,0,0,0,0.0,2024-04-07 12:15:00
9362,sess_09362,Referral,Tablet,1,0,0,0,0,0,0.0,2024-04-07 12:30:00
9363,sess_09363,Social Media,Desktop,1,0,0,0,0,0,0.0,2024-04-07 12:45:00
9364,sess_09364,Organic Search,Mobile,1,0,0,0,0,0,0.0,2024-04-07 13:00:00
9365,sess_09365,Paid Ad,Tablet,1,0,0,0,0,0,0.0,2024-04-07 13:15:00
9366,sess_09366,Referral,Desktop,1,0,0,0,0,0,0.0,2024-04-07 13:30:00
9367,sess_09367,Social Media,Mobile,1,0,0,0,0,0,0.0,2024-04-07 13:45:00
9368,sess_09368,Organic Search,Tablet,1,0,0,0,0,0,0.0,2024-04-07 14:00:00
9369,sess_09369,Paid Ad,Desktop,1,0,0,0,0,0,0.0,2024-04-07 14:15:00
9370,sess_09370,Referral,Mobile,1,0,0,0,0,0,0.0,2024-04-07 14:30:00
9371,sess_09371,Social Media,Tablet,1,0,0,0,0,0,0.0,2024-04-07 14:45:00
9372,sess_09372,Organic Search,Desktop,1,0,0,0,0,0,0.0,2024-04-07 15:00:00
9373,sess_09373,Paid Ad,Mobile,1,0,0,0,0,0,0.0,2024-04-07 15:15:00
9374,sess_09374,Referral,Tablet,1,0,0,0,0,0,0.0,2024-04-07 15:30:00
9375,sess_09375,Social Media,Desktop,1,0,0,0,0,0,0.0,2024-04-07 15:45:00
9376,sess_09376,Organic Search,Mobile,1,0,0,0,0,0,0.0,2024-04-07 16:00:00
9377,sess_09377,Paid Ad,Tablet,1,0,0,0,0,0,0.0,2024-04-07 16:15:00
9378,sess_09378,Referral,Desktop,1,0,0,0,0,0,0.0,2024-04-07 16:30:00
9379,sess_09379,Social Media,Mobile,1,0,0,0,0,0,0.0,2024-04-07 16:45:00
9380,sess_09380,Organic Search,Tablet,1,0,0,0,0,0,0.0,2024-04-07 17:00:00
9381,sess_09381,Paid Ad,Desktop,1,0,0,0,0,0,0.0,2024-04-07 17:15:00
9382,sess_09382,Referral,Mobile,1,0,0,0,0,0,0.0,2024-04-07 17:30:00
9383,sess_09383,Social Media,Tablet,1,0,0,0,0,0,0.0,2024-04-07 17:45:00
9384,sess_09384,Organic Search,Desktop,1,0,0,0,0,0,0.0,2024-04-07 18:00:00
9385,sess_09385,Paid Ad,Mobile,1,0,0,0,0,0,0.0,2024-04-07 18:15:00
9386,sess_09386,Referral,Tablet,1,0,0,0,0,0,0.0,2024-04-07 18:30:00
9387,sess_09387,Social Media,Desktop,1,0,0,0,0,0,0.0,2024-04-07 18:45:00
9388,sess_09388,Organic Search,Mobile,1,0,0,0,0,0,0.0,2024-04-07 19:00:00
9389,sess_09389,Paid Ad,Tablet,1,0,0,0,0,0,0.0,2024-04-07 19:15:00
9390,sess_09390,Referral,Desktop,1,0,0,0,0,0,0.0,2024-04-07 19:30:00
9391,sess_09391,Social Media,Mobile,1,0,0,0,0,0,0.0,2024-04-07 19:45:00
9392,sess_09392,Organic Search,Tablet,1,0,0,0,0,0,0.0,2024-04-07 20:00:00
9393,sess_09393,Paid Ad,Desktop,1,0,0,0,0,0,0.0,2024-04-07 20:15:00
9394,sess_09394,Referral,Mobile,1,0,0,0,0,0,0.0,2024-04-07 20:30:00
9395,sess_09395,Social Media,Tablet,1,0,0,0,0,0,0.0,2024-04-07 20:45:00
9396,sess_09396,Organic Search,Desktop,1,0,0,0,0,0,0.0,2024-04-07 21:00:00
9397,sess_09397,Paid Ad,Mobile,1,0,0,0,0,0,0.0,2024-04-07 21:15:00
9398,sess_09398,Referral,Tablet,1,0,0,0,0,0,0.0,2024-04-07 21:30:00
9399,sess_09399,Social Media,Desktop,1,0,0,0,0,0,0.0,2024-04-07 21:45:00
9400,sess_09400,Organic Search,Mobile,1,0,0,0,0,0,0.0,2024-04-07 22:00:00
9401,sess_09401,Paid Ad,Tablet,1,0,0,0,0,0,0.0,2024-04-07 22:15:00
9402,sess_09402,Referral,Desktop,1,0,0,0,0,0,0.0,2024-04-07 22:30:00
9403,sess_09403,Social Media,Mobile,1,0,0,0,0,0,0.0,2024-04-07 22:45:00
9404,sess_09404,Organic Search,Tablet,1,0,0,0,0,0,0.0,2024-04-07 23:00:00
9405,sess_09405,Paid Ad,Desktop,1,0,0,0,0,0,0.0,2024-04-07 23:15:00
9406,sess_09406,Referral,Mobile,1,0,0,0,0,0,0.0,2024-04-07 23:30:00
9407,sess_09407,Social Media,Tablet,1,0,0,0,0,0,0.0,2024-04-07 23:45:00
9408,sess_09408,Organic Search,Desktop,1,0,0,0,0,0,0.0,2024-04-08 00:00:00
9409,sess_09409,Paid Ad,Mobile,1,0,0,0,0,0,0.0,2024-04-08 00:15:00
9410,sess_09410,Referral,Tablet,1,0,0,0,0,0,0.0,2024-04-08 00:30:00
9411,sess_09411,Social Media,Desktop,1,0,0,0,0,0,0.0,2024-04-08 00:45:00
9412,sess_09412,Organic Search,Mobile,1,0,0,0,0,0,0.0,2024-04-08 01:00:00
9413,sess_09413,Paid Ad,Tablet,1,0,0,0,0,0,0.0,2024-04-08 01:15:00
9414,sess_09414,Referral,Desktop,1,0,0,0,0,0,0.0,2024-04-08 01:30:00
9415,sess_09415,Social Media,Mobile,1,0,0,0,0,0,0.0,2024-04-08 01:45:00
9416,sess_09416,Organic Search,Tablet,1,0,0,0,0,0,0.0,2024-04-08 02:00:00
9417,sess_09417,Paid Ad,Desktop,1,0,0,0,0,0,0.0,2024-04-08 02:15:00
9418,sess_09418,Referral,Mobile,1,0,0,0,0,0,0.0,2024-04-08 02:30:00
9419,sess_09419,Social Media,Tablet,1,0,0,0,0,0,0.0,2024-04-08 02:45:00
9420,sess_09420,Organic Search,Desktop,1,0,0,0,0,0,0.0,2024-04-08 03:00:00
9421,sess_09421,Paid Ad,Mobile,1,0,0,0,0,0,0.0,2024-04-08 03:15:00
9422,sess_09422,Referral,Tablet,1,0,0,0,0,0,0.0,2024-04-08 03:30:00
9423,sess_09423,Social Media,Desktop,1,0,0,0,0,0,0.0,2024-04-08 03:45:00
9424,sess_09424,Organic Search,Mobile,1,0,0,0,0,0,0.0,2024-04-08 04:00:00
9425,sess_09425,Paid Ad,Tablet,1,0,0,0,0,0,0.0,2024-04-08 04:15:00
9426,sess_09426,Referral,Desktop,1,0,0,0,0,0,0.0,2024-04-08 04:30:00
9427,sess_09427,Social Media,Mobile,1,0,0,0,0,0,0.0,2024-04-08 04:45:00
9428,sess_09428,Organic Search,Tablet,1,0,0,0,0,0,0.0,2024-04-08 05:00:00
9429,sess_09429,Paid Ad,Desktop,1,0,0,0,0,0,0.0,2024-04-08 05:15:00
9430,sess_09430,Referral,Mobile,1,0,0,0,0,0,0.0,2024-04-08 05:30:00
9431,sess_09431,Social Media,Tablet,1,0,0,0,0,0,0.0,2024-04-08 05:45:00
9432,sess_09432,Organic Search,Desktop,1,0,0,0,0,0,0.0,2024-04-08 06:00:00
9433,sess_09433,Paid Ad,Mobile,1,0,0,0,0,0,0.0,2024-04-08 06:15:00
9434,sess_09434,Referral,Tablet,1,0,0,0,0,0,0.0,2024-04-08 06:30:00
9435,sess_09435,Social Media,Desktop,1,0,0,0,0,0,0.0,2024-04-08 06:45:00
9436,sess_09436,Organic Search,Mobile,1,0,0,0,0,0,0.0,2024-04-08 07:00:00
9437,sess_09437,Paid Ad,Tablet,1,0,0,0,0,0,0.0,2024-04-08 07:15:00
9438,sess_09438,Referral,Desktop,1,0,0,0,0,0,0.0,2024-04-08 07:30:00
9439,sess_09439,Social Media,Mobile,1,0,0,0,0,0,0.0,2024-04-08 07:45:00
9440,sess_09440,Organic Search,Tablet,1,0,0,0,0,0,0.0,2024-04-08 08:00:00
9441,sess_09441,Paid Ad,Desktop,1,0,0,0,0,0,0.0,2024-04-08 08:15:00
9442,sess_09442,Referral,Mobile,1,0,0,0,0,0,0.0,2024-04-08 08:30:00
9443,sess_09443,Social Media,Tablet,1,0,0,0,0,0,0.0,2024-04-08 08:45:00
9444,sess_09444,Organic Search,Desktop,1,0,0,0,0,0,0.0,2024-04-08 09:00:00
9445,sess_09445,Paid Ad,Mobile,1,0,0,0,0,0,0.0,2024-04-08 09:15:00
9446,sess_09446,Referral,Tablet,1,0,0,0,0,0,0.0,2024-04-08 09:30:00
9447,sess_09447,Social Media,Desktop,1,0,0,0,0,0,0.0,2024-04-08 09:45:00
9448,sess_09448,Organic Search,Mobile,1,0,0,0,0,0,0.0,2024-04-08 10:00:00
9449,sess_09449,Paid Ad,Tablet,1,0,0,0,0,0,0.0,2024-04-08 10:15:00
9450,sess_09450,Referral,Desktop,1,0,0,0,0,0,0.0,2024-04-08 10:30:00
9451,sess_09451,Social Media,Mobile,1,0,0,0,0,0,0.0,2024-04-08 10:45:00
9452,sess_09452,Organic Search,Tablet,1,0,0,0,0,0,0.0,2024-04-08 11:00:00
9453,sess_09453,Paid Ad,Desktop,1,0,0,0,0,0,0.0,2024-04-08 11:15:00
9454,sess_09454,Referral,Mobile,1,0,0,0,0,0,0.0,2024-04-08 11:30:00
9455,sess_09455,Social Media,Tablet,1,0,0,0,0,0,0.0,2024-04-08 11:45:00
9456,sess_09456,Organic Search,Desktop,1,0,0,0,0,0,0.0,2024-04-08 12:00:00
9457,sess_09457,Paid Ad,Mobile,1,0,0,0,0,0,0.0,2024-04-08 12:15:00
9458,sess_09458,Referral,Tablet,1,0,0,0,0,0,0.0,2024-04-08 12:30:00
9459,sess_09459,Social Media,Desktop,1,0,0,0,0,0,0.0,2024-04-08 12:45:00
9460,sess_09460,Organic Search,Mobile,1,0,0,0,0,0,0.0,2024-04-08 13:00:00
9461,sess_09461,Paid Ad,Tablet,1,0,0,0,0,0,0.0,2024-04-08 13:15:00
9462,sess_09462,Referral,Desktop,1,0,0,0,0,0,0.0,2024-04-08 13:30:00
9463,sess_09463,Social Media,Mobile,1,0,0,0,0,0,0.0,2024-04-08 13:45:00
9464,sess_09464,Organic Search,Tablet,1,0,0,0,0,0,0.0,2024-04-08 14:00:00
9465,sess_09465,Paid Ad,Desktop,1,0,0,0,0,0,0.0,2024-04-08 14:15:00
9466,sess_09466,Referral,Mobile,1,0,0,0,0,0,0.0,2024-04-08 14:30:00
9467,sess_09467,Social Media,Tablet,1,0,0,0,0,0,0.0,2024-04-08 14:45:00
9468,sess_09468,Organic Search,Desktop,1,0,0,0,0,0,0.0,2024-04-08 15:00:00
9469,sess_09469,Paid Ad,Mobile,1,0,0,0,0,0,0.0,2024-04-08 15:15:00
9470,sess_09470,Referral,Tablet,1,0,0,0,0,0,0.0,2024-04-08 15:30:00
9471,sess_09471,Social Media,Desktop,1,0,0,0,0,0,0.0,2024-04-08 15:45:00
9472,sess_09472,Organic Search,Mobile,1,0,0,0,0,0,0.0,2024-04-08 16:00:00
9473,sess_09473,Paid Ad,Tablet,1,0,0,0,0,0,0.0,2024-04-08 16:15:00
9474,sess_09474,Referral,Desktop,1,0,0,0,0,0,0.0,2024-04-08 16:30:00
9475,sess_09475,Social Media,Mobile,1,0,0,0,0,0,0.0,2024-04-08 16:45:00
9476,sess_09476,Organic Search,Tablet,1,0,0,0,0,0,0.0,2024-04-08 17:00:00
9477,sess_09477,Paid Ad,Desktop,1,0,0,0,0,0,0.0,2024-04-08 17:15:00
9478,sess_09478,Referral,Mobile,1,0,0,0,0,0,0.0,2024-04-08 17:30:00
9479,sess_09479,Social Media,Tablet,1,0,0,0,0,0,0.0,2024-04-08 17:45:00
9480,sess_09480,Organic Search,Desktop,1,0,0,0,0,0,0.0,2024-04-08 18:00:00
9481,sess_09481,Paid Ad,Mobile,1,0,0,0,0,0,0.0,2024-04-08 18:15:00
9482,sess_09482,Referral,Tablet,1,0,0,0,0,0,0.0,2024-04-08 18:30:00
9483,sess_09483,Social Media,Desktop,1,0,0,0,0,0,0.0,2024-04-08 18:45:00
9484,sess_09484,Organic Search,Mobile,1,0,0,0,0,0,0.0,2024-04-08 19:00:00
9485,sess_09485,Paid Ad,Tablet,1,0,0,0,0,0,0.0,2024-04-08 19:15:00
9486,sess_09486,Referral,Desktop,1,0,0,0,0,0,0.0,2024-04-08 19:30:00
9487,sess_09487,Social Media,Mobile,1,0,0,0,0,0,0.0,2024-04-08 19:45:00
9488,sess_09488,Organic Search,Tablet,1,0,0,0,0,0,0.0,2024-04-08 20:00:00
9489,sess_09489,Paid Ad,Desktop,1,0,0,0,0,0,0.0,2024-04-08 20:15:00
9490,sess_09490,Referral,Mobile,1,0,0,0,0,0,0.0,2024-04-08 20:30:00
9491,sess_09491,Social Media,Tablet,1,0,0,0,0,0,0.0,2024-04-08 20:45:00
9492,sess_09492,Organic Search,Desktop,1,0,0,0,0,0,0.0,2024-04-08 21:00:00
9493,sess_09493,Paid Ad,Mobile,1,0,0,0,0,0,0.0,2024-04-08 21:15:00
9494,sess_09494,Referral,Tablet,1,0,0,0,0,0,0.0,2024-04-08 21:30:00
9495,sess_09495,Social Media,Desktop,1,0,0,0,0,0,0.0,2024-04-08 21:45:00
9496,sess_09496,Organic Search,Mobile,1,0,0,0,0,0,0.0,2024-04-08 22:00:00
9497,sess_09497,Paid Ad,Tablet,1,0,0,0,0,0,0.0,2024-04-08 22:15:00
9498,sess_09498,Referral,Desktop,1,0,0,0,0,0,0.0,2024-04-08 22:30:00
9499,sess_09499,Social Media,Mobile,1,0,0,0,0,0,0.0,2024-04-08 22:45:00
9500,sess_09500,Organic Search,Tablet,1,0,0,0,0,0,0.0,2024-04-08 23:00:00
9501,sess_09501,Paid Ad,Desktop,1,0,0,0,0,0,0.0,2024-04-08 23:15:00
9502,sess_09502,Referral,Mobile,1,0,0,0,0,0,0.0,2024-04-08 23:30:00
9503,sess_09503,Social Media,Tablet,1,0,0,0,0,0,0.0,2024-04-08 23:45:00
9504,sess_09504,Organic Search,Desktop,1,0,0,0,0,0,0.0,2024-04-09 00:00:00
9505,sess_09505,Paid Ad,Mobile,1,0,0,0,0,0,0.0,2024-04-09 00:15:00
9506,sess_09506,Referral,Tablet,1,0,0,0,0,0,0.0,2024-04-09 00:30:00
9507,sess_09507,Social Media,Desktop,1,0,0,0,0,0,0.0,2024-04-09 00:45:00
9508,sess_09508,Organic Search,Mobile,1,0,0,0,0,0,0.0,2024-04-09 01:00:00
9509,sess_09509,Paid Ad,Tablet,1,0,0,0,0,0,0.0,2024-04-09 01:15:00
9510,sess_09510,Referral,Desktop,1,0,0,0,0,0,0.0,2024-04-09 01:30:00
9511,sess_09511,Social Media,Mobile,1,0,0,0,0,0,0.0,2024-04-09 01:45:00
9512,sess_09512,Organic Search,Tablet,1,0,0,0,0,0,0.0,2024-04-09 02:00:00
9513,sess_09513,Paid Ad,Desktop,1,0,0,0,0,0,0.0,2024-04-09 02:15:00
9514,sess_09514,Referral,Mobile,1,0,0,0,0,0,0.0,2024-04-09 02:30:00
9515,sess_09515,Social Media,Tablet,1,0,0,0,0,0,0.0,2024-04-09 02:45:00
9516,sess_09516,Organic Search,Desktop,1,0,0,0,0,0,0.0,2024-04-09 03:00:00
9517,sess_09517,Paid Ad,Mobile,1,0,0,0,0,0,0.0,2024-04-09 03:15:00
9518,sess_09518,Referral,Tablet,1,0,0,0,0,0,0.0,2024-04-09 03:30:00
9519,sess_09519,Social Media,Desktop,1,0,0,0,0,0,0.0,2024-04-09 03:45:00
9520,sess_09520,Organic Search,Mobile,1,0,0,0,0,0,0.0,2024-04-09 04:00:00
9521,sess_09521,Paid Ad,Tablet,1,0,0,0,0,0,0.0,2024-04-09 04:15:00
9522,sess_09522,Referral,Desktop,1,0,0,0,0,0,0.0,2024-04-09 04:30:00
9523,sess_09523,Social Media,Mobile,1,0,0,0,0,0,0.0,2024-04-09 04:45:00
9524,sess_09524,Organic Search,Tablet,1,0,0,0,0,0,0.0,2024-04-09 05:00:00
9525,sess_09525,Paid Ad,Desktop,1,0,0,0,0,0,0.0,2024-04-09 05:15:00
9526,sess_09526,Referral,Mobile,1,0,0,0,0,0,0.0,2024-04-09 05:30:00
9527,sess_09527,Social Media,Tablet,1,0,0,0,0,0,0.0,2024-04-09 05:45:00
9528,sess_09528,Organic Search,Desktop,1,0,0,0,0,0,0.0,2024-04-09 06:00:00
9529,sess_09529,Paid Ad,Mobile,1,0,0,0,0,0,0.0,2024-04-09 06:15:00
9530,sess_09530,Referral,Tablet,1,0,0,0,0,0,0.0,2024-04-09 06:30:00
9531,sess_09531,Social Media,Desktop,1,0,0,0,0,0,0.0,2024-04-09 06:45:00
9532,sess_09532,Organic Search,Mobile,1,0,0,0,0,0,0.0,2024-04-09 07:00:00
9533,sess_09533,Paid Ad,Tablet,1,0,0,0,0,0,0.0,2024-04-09 07:15:00
9534,sess_09534,Referral,Desktop,1,0,0,0,0,0,0.0,2024-04-09 07:30:00
9535,sess_09535,Social Media,Mobile,1,0,0,0,0,0,0.0,2024-04-09 07:45:00
9536,sess_09536,Organic Search,Tablet,1,0,0,0,0,0,0.0,2024-04-09 08:00:00
9537,sess_09537,Paid Ad,Desktop,1,0,0,0,0,0,0.0,2024-04-09 08:15:00
9538,sess_09538,Referral,Mobile,1,0,0,0,0,0,0.0,2024-04-09 08:30:00
9539,sess_09539,Social Media,Tablet,1,0,0,0,0,0,0.0,2024-04-09 08:45:00
9540,sess_09540,Organic Search,Desktop,1,0,0,0,0,0,0.0,2024-04-09 09:00:00
9541,sess_09541,Paid Ad,Mobile,1,0,0,0,0,0,0.0,2024-04-09 09:15:00
9542,sess_09542,Referral,Tablet,1,0,0,0,0,0,0.0,2024-04-09 09:30:00
9543,sess_09543,Social Media,Desktop,1,0,0,0,0,0,0.0,2024-04-09 09:45:00
9544,sess_09544,Organic Search,Mobile,1,0,0,0,0,0,0.0,2024-04-09 10:00:00
9545,sess_09545,Paid Ad,Tablet,1,0,0,0,0,0,0.0,2024-04-09 10:15:00
9546,sess_09546,Referral,Desktop,1,0,0,0,0,0,0.0,2024-04-09 10:30:00
9547,sess_09547,Social Media,Mobile,1,0,0,0,0,0,0.0,2024-04-09 10:45:00
9548,sess_09548,Organic Search,Tablet,1,0,0,0,0,0,0.0,2024-04-09 11:00:00
9549,sess_09549,Paid Ad,Desktop,1,0,0,0,0,0,0.0,2024-04-09 11:15:00
9550,sess_09550,Referral,Mobile,1,0,0,0,0,0,0.0,2024-04-09 11:30:00
9551,sess_09551,Social Media,Tablet,1,0,0,0,0,0,0.0,2024-04-09 11:45:00
9552,sess_09552,Organic Search,Desktop,1,0,0,0,0,0,0.0,2024-04-09 12:00:00
9553,sess_09553,Paid Ad,Mobile,1,0,0,0,0,0,0.0,2024-04-09 12:15:00
9554,sess_09554,Referral,Tablet,1,0,0,0,0,0,0.0,2024-04-09 12:30:00
9555,sess_09555,Social Media,Desktop,1,0,0,0,0,0,0.0,2024-04-09 12:45:00
9556,sess_09556,Organic Search,Mobile,1,0,0,0,0,0,0.0,2024-04-09 13:00:00
9557,sess_09557,Paid Ad,Tablet,1,0,0,0,0,0,0.0,2024-04-09 13:15:00
9558,sess_09558,Referral,Desktop,1,0,0,0,0,0,0.0,2024-04-09 13:30:00
9559,sess_09559,Social Media,Mobile,1,0,0,0,0,0,0.0,2024-04-09 13:45:00
9560,sess_09560,Organic Search,Tablet,1,0,0,0,0,0,0.0,2024-04-09 14:00:00
9561,sess_09561,Paid Ad,Desktop,1,0,0,0,0,0,0.0,2024-04-09 14:15:00
9562,sess_09562,Referral,Mobile,1,0,0,0,0,0,0.0,2024-04-09 14:30:00
9563,sess_09563,Social Media,Tablet,1,0,0,0,0,0,0.0,2024-04-09 14:45:00
9564,sess_09564,Organic Search,Desktop,1,0,0,0,0,0,0.0,2024-04-09 15:00:00
9565,sess_09565,Paid Ad,Mobile,1,0,0,0,0,0,0.0,2024-04-09 15:15:00
9566,sess_09566,Referral,Tablet,1,0,0,0,0,0,0.0,2024-04-09 15:30:00
9567,sess_09567,Social Media,Desktop,1,0,0,0,0,0,0.0,2024-04-09 15:45:00
9568,sess_09568,Organic Search,Mobile,1,0,0,0,0,0,0.0,2024-04-09 16:00:00
9569,sess_09569,Paid Ad,Tablet,1,0,0,0,0,0,0.0,2024-04-09 16:15:00
9570,sess_09570,Referral,Desktop,1,0,0,0,0,0,0.0,2024-04-09 16:30:00
9571,sess_09571,Social Media,Mobile,1,0,0,0,0,0,0.0,2024-04-09 16:45:00
9572,sess_09572,Organic Search,Tablet,1,0,0,0,0,0,0.0,2024-04-09 17:00:00
9573,sess_09573,Paid Ad,Desktop,1,0,0,0,0,0,0.0,2024-04-09 17:15:00
9574,sess_09574,Referral,Mobile,1,0,0,0,0,0,0.0,2024-04-09 17:30:00
9575,sess_09575,Social Media,Tablet,1,0,0,0,0,0,0.0,2024-04-09 17:45:00
9576,sess_09576,Organic Search,Desktop,1,0,0,0,0,0,0.0,2024-04-09 18:00:00
9577,sess_09577,Paid Ad,Mobile,1,0,0,0,0,0,0.0,2024-04-09 18:15:00
9578,sess_09578,Referral,Tablet,1,0,0,0,0,0,0.0,2024-04-09 18:30:00
9579,sess_09579,Social Media,Desktop,1,0,0,0,0,0,0.0,2024-04-09 18:45:00
9580,sess_09580,Organic Search,Mobile,1,0,0,0,0,0,0.0,2024-04-09 19:00:00
9581,sess_09581,Paid Ad,Tablet,1,0,0,0,0,0,0.0,2024-04-09 19:15:00
9582,sess_09582,Referral,Desktop,1,0,0,0,0,0,0.0,2024-04-09 19:30:00
9583,sess_09583,Social Media,Mobile,1,0,0,0,0,0,0.0,2024-04-09 19:45:00
9584,sess_09584,Organic Search,Tablet,1,0,0,0,0,0,0.0,2024-04-09 20:00:00
9585,sess_09585,Paid Ad,Desktop,1,0,0,0,0,0,0.0,2024-04-09 20:15:00
9586,sess_09586,Referral,Mobile,1,0,0,0,0,0,0.0,2024-04-09 20:30:00
9587,sess_09587,Social Media,Tablet,1,0,0,0,0,0,0.0,2024-04-09 20:45:00
9588,sess_09588,Organic Search,Desktop,1,0,0,0,0,0,0.0,2024-04-09 21:00:00
9589,sess_09589,Paid Ad,Mobile,1,0,0,0,0,0,0.0,2024-04-09 21:15:00
9590,sess_09590,Referral,Tablet,1,0,0,0,0,0,0.0,2024-04-09 21:30:00
9591,sess_09591,Social Media,Desktop,1,0,0,0,0,0,0.0,2024-04-09 21:45:00
9592,sess_09592,Organic Search,Mobile,1,0,0,0,0,0,0.0,2024-04-09 22:00:00
9593,sess_09593,Paid Ad,Tablet,1,0,0,0,0,0,0.0,2024-04-09 22:15:00
9594,sess_09594,Referral,Desktop,1,0,0,0,0,0,0.0,2024-04-09 22:30:00
9595,sess_09595,Social Media,Mobile,1,0,0,0,0,0,0.0,2024-04-09 22:45:00
9596,sess_09596,Organic Search,Tablet,1,0,0,0,0,0,0.0,2024-04-09 23:00:00
9597,sess_09597,Paid Ad,Desktop,1,0,0,0,0,0,0.0,2024-04-09 23:15:00
9598,sess_09598,Referral,Mobile,1,0,0,0,0,0,0.0,2024-04-09 23:30:00
9599,sess_09599,Social Media,Tablet,1,0,0,0,0,0,0.0,2024-04-09 23:45:00
9600,sess_09600,Organic Search,Desktop,1,0,0,0,0,0,0.0,2024-04-10 00:00:00
9601,sess_09601,Paid Ad,Mobile,1,0,0,0,0,0,0.0,2024-04-10 00:15:00
9602,sess_09602,Referral,Tablet,1,0,0,0,0,0,0.0,2024-04-10 00:30:00
9603,sess_09603,Social Media,Desktop,1,0,0,0,0,0,0.0,2024-04-10 00:45:00
9604,sess_09604,Organic Search,Mobile,1,0,0,0,0,0,0.0,2024-04-10 01:00:00
9605,sess_09605,Paid Ad,Tablet,1,0,0,0,0,0,0.0,2024-04-10 01:15:00
9606,sess_09606,Referral,Desktop,1,0,0,0,0,0,0.0,2024-04-10 01:30:00
9607,sess_09607,Social Media,Mobile,1,0,0,0,0,0,0.0,2024-04-10 01:45:00
9608,sess_09608,Organic Search,Tablet,1,0,0,0,0,0,0.0,2024-04-10 02:00:00
9609,sess_09609,Paid Ad,Desktop,1,0,0,0,0,0,0.0,2024-04-10 02:15:00
9610,sess_09610,Referral,Mobile,1,0,0,0,0,0,0.0,2024-04-10 02:30:00
9611,sess_09611,Social Media,Tablet,1,0,0,0,0,0,0.0,2024-04-10 02:45:00
9612,sess_09612,Organic Search,Desktop,1,0,0,0,0,0,0.0,2024-04-10 03:00:00
9613,sess_09613,Paid Ad,Mobile,1,0,0,0,0,0,0.0,2024-04-10 03:15:00
9614,sess_09614,Referral,Tablet,1,0,0,0,0,0,0.0,2024-04-10 03:30:00
9615,sess_09615,Social Media,Desktop,1,0,0,0,0,0,0.0,2024-04-10 03:45:00
9616,sess_09616,Organic Search,Mobile,1,0,0,0,0,0,0.0,2024-04-10 04:00:00
9617,sess_09617,Paid Ad,Tablet,1,0,0,0,0,0,0.0,2024-04-10 04:15:00
9618,sess_09618,Referral,Desktop,1,0,0,0,0,0,0.0,2024-04-10 04:30:00
9619,sess_09619,Social Media,Mobile,1,0,0,0,0,0,0.0,2024-04-10 04:45:00
9620,sess_09620,Organic Search,Tablet,1,0,0,0,0,0,0.0,2024-04-10 05:00:00
9621,sess_09621,Paid Ad,Desktop,1,0,0,0,0,0,0.0,2024-04-10 05:15:00
9622,sess_09622,Referral,Mobile,1,0,0,0,0,0,0.0,2024-04-10 05:30:00
9623,sess_09623,Social Media,Tablet,1,0,0,0,0,0,0.0,2024-04-10 05:45:00
9624,sess_09624,Organic Search,Desktop,1,0,0,0,0,0,0.0,2024-04-10 06:00:00
9625,sess_09625,Paid Ad,Mobile,1,0,0,0,0,0,0.0,2024-04-10 06:15:00
9626,sess_09626,Referral,Tablet,1,0,0,0,0,0,0.0,2024-04-10 06:30:00
9627,sess_09627,Social Media,Desktop,1,0,0,0,0,0,0.0,2024-04-10 06:45:00
9628,sess_09628,Organic Search,Mobile,1,0,0,0,0,0,0.0,2024-04-10 07:00:00
9629,sess_09629,Paid Ad,Tablet,1,0,0,0,0,0,0.0,2024-04-10 07:15:00
9630,sess_09630,Referral,Desktop,1,0,0,0,0,0,0.0,2024-04-10 07:30:00
9631,sess_09631,Social Media,Mobile,1,0,0,0,0,0,0.0,2024-04-10 07:45:00
9632,sess_09632,Organic Search,Tablet,1,0,0,0,0,0,0.0,2024-04-10 08:00:00
9633,sess_09633,Paid Ad,Desktop,1,0,0,0,0,0,0.0,2024-04-10 08:15:00
9634,sess_09634,Referral,Mobile,1,0,0,0,0,0,0.0,2024-04-10 08:30:00
9635,sess_09635,Social Media,Tablet,1,0,0,0,0,0,0.0,2024-04-10 08:45:00
9636,sess_09636,Organic Search,Desktop,1,0,0,0,0,0,0.0,2024-04-10 09:00:00
9637,sess_09637,Paid Ad,Mobile,1,0,0,0,0,0,0.0,2024-04-10 09:15:00
9638,sess_09638,Referral,Tablet,1,0,0,0,0,0,0.0,2024-04-10 09:30:00
9639,sess_09639,Social Media,Desktop,1,0,0,0,0,0,0.0,2024-04-10 09:45:00
9640,sess_09640,Organic Search,Mobile,1,0,0,0,0,0,0.0,2024-04-10 10:00:00
9641,sess_09641,Paid Ad,Tablet,1,0,0,0,0,0,0.0,2024-04-10 10:15:00
9642,sess_09642,Referral,Desktop,1,0,0,0,0,0,0.0,2024-04-10 10:30:00
9643,sess_09643,Social Media,Mobile,1,0,0,0,0,0,0.0,2024-04-10 10:45:00
9644,sess_09644,Organic Search,Tablet,1,0,0,0,0,0,0.0,2024-04-10 11:00:00
9645,sess_09645,Paid Ad,Desktop,1,0,0,0,0,0,0.0,2024-04-10 11:15:00
9646,sess_09646,Referral,Mobile,1,0,0,0,0,0,0.0,2024-04-10 11:30:00
9647,sess_09647,Social Media,Tablet,1,0,0,0,0,0,0.0,2024-04-10 11:45:00
9648,sess_09648,Organic Search,Desktop,1,0,0,0,0,0,0.0,2024-04-10 12:00:00
9649,sess_09649,Paid Ad,Mobile,1,0,0,0,0,0,0.0,2024-04-10 12:15:00
9650,sess_09650,Referral,Tablet,1,0,0,0,0,0,0.0,2024-04-10 12:30:00
9651,sess_09651,Social Media,Desktop,1,0,0,0,0,0,0.0,2024-04-10 12:45:00
9652,sess_09652,Organic Search,Mobile,1,0,0,0,0,0,0.0,2024-04-10 13:00:00
9653,sess_09653,Paid Ad,Tablet,1,0,0,0,0,0,0.0,2024-04-10 13:15:00
9654,sess_09654,Referral,Desktop,1,0,0,0,0,0,0.0,2024-04-10 13:30:00
9655,sess_09655,Social Media,Mobile,1,0,0,0,0,0,0.0,2024-04-10 13:45:00
9656,sess_09656,Organic Search,Tablet,1,0,0,0,0,0,0.0,2024-04-10 14:00:00
9657,sess_09657,Paid Ad,Desktop,1,0,0,0,0,0,0.0,2024-04-10 14:15:00
9658,sess_09658,Referral,Mobile,1,0,0,0,0,0,0.0,2024-04-10 14:30:00
9659,sess_09659,Social Media,Tablet,1,0,0,0,0,0,0.0,2024-04-10 14:45:00
9660,sess_09660,Organic Search,Desktop,1,0,0,0,0,0,0.0,2024-04-10 15:00:00
9661,sess_09661,Paid Ad,Mobile,1,0,0,0,0,0,0.0,2024-04-10 15:15:00
9662,sess_09662,Referral,Tablet,1,0,0,0,0,0,0.0,2024-04-10 15:30:00
9663,sess_09663,Social Media,Desktop,1,0,0,0,0,0,0.0,2024-04-10 15:45:00
9664,sess_09664,Organic Search,Mobile,1,0,0,0,0,0,0.0,2024-04-10 16:00:00
9665,sess_09665,Paid Ad,Tablet,1,0,0,0,0,0,0.0,2024-04-10 16:15:00
9666,sess_09666,Referral,Desktop,1,0,0,0,0,0,0.0,2024-04-10 16:30:00
9667,sess_09667,Social Media,Mobile,1,0,0,0,0,0,0.0,2024-04-10 16:45:00
9668,sess_09668,Organic Search,Tablet,1,0,0,0,0,0,0.0,2024-04-10 17:00:00
9669,sess_09669,Paid Ad,Desktop,1,0,0,0,0,0,0.0,2024-04-10 17:15:00
9670,sess_09670,Referral,Mobile,1,0,0,0,0,0,0.0,2024-04-10 17:30:00
9671,sess_09671,Social Media,Tablet,1,0,0,0,0,0,0.0,2024-04-10 17:45:00
9672,sess_09672,Organic Search,Desktop,1,0,0,0,0,0,0.0,2024-04-10 18:00:00
9673,sess_09673,Paid Ad,Mobile,1,0,0,0,0,0,0.0,2024-04-10 18:15:00
9674,sess_09674,Referral,Tablet,1,0,0,0,0,0,0.0,2024-04-10 18:30:00
9675,sess_09675,Social Media,Desktop,1,0,0,0,0,0,0.0,2024-04-10 18:45:00
9676,sess_09676,Organic Search,Mobile,1,0,0,0,0,0,0.0,2024-04-10 19:00:00
9677,sess_09677,Paid Ad,Tablet,1,0,0,0,0,0,0.0,2024-04-10 19:15:00
9678,sess_09678,Referral,Desktop,1,0,0,0,0,0,0.0,2024-04-10 19:30:00
9679,sess_09679,Social Media,Mobile,1,0,0,0,0,0,0.0,2024-04-10 19:45:00
9680,sess_09680,Organic Search,Tablet,1,0,0,0,0,0,0.0,2024-04-10 20:00:00
9681,sess_09681,Paid Ad,Desktop,1,0,0,0,0,0,0.0,2024-04-10 20:15:00
9682,sess_09682,Referral,Mobile,1,0,0,0,0,0,0.0,2024-04-10 20:30:00
9683,sess_09683,Social Media,Tablet,1,0,0,0,0,0,0.0,2024-04-10 20:45:00
9684,sess_09684,Organic Search,Desktop,1,0,0,0,0,0,0.0,2024-04-10 21:00:00
9685,sess_09685,Paid Ad,Mobile,1,0,0,0,0,0,0.0,2024-04-10 21:15:00
9686,sess_09686,Referral,Tablet,1,0,0,0,0,0,0.0,2024-04-10 21:30:00
9687,sess_09687,Social Media,Desktop,1,0,0,0,0,0,0.0,2024-04-10 21:45:00
9688,sess_09688,Organic Search,Mobile,1,0,0,0,0,0,0.0,2024-04-10 22:00:00
9689,sess_09689,Paid Ad,Tablet,1,0,0,0,0,0,0.0,2024-04-10 22:15:00
9690,sess_09690,Referral,Desktop,1,0,0,0,0,0,0.0,2024-04-10 22:30:00
9691,sess_09691,Social Media,Mobile,1,0,0,0,0,0,0.0,2024-04-10 22:45:00
9692,sess_09692,Organic Search,Tablet,1,0,0,0,0,0,0.0,2024-04-10 23:00:00
9693,sess_09693,Paid Ad,Desktop,1,0,0,0,0,0,0.0,2024-04-10 23:15:00
9694,sess_09694,Referral,Mobile,1,0,0,0,0,0,0.0,2024-04-10 23:30:00
9695,sess_09695,Social Media,Tablet,1,0,0,0,0,0,0.0,2024-04-10 23:45:00
9696,sess_09696,Organic Search,Desktop,1,0,0,0,0,0,0.0,2024-04-11 00:00:00
9697,sess_09697,Paid Ad,Mobile,1,0,0,0,0,0,0.0,2024-04-11 00:15:00
9698,sess_09698,Referral,Tablet,1,0,0,0,0,0,0.0,2024-04-11 00:30:00
9699,sess_09699,Social Media,Desktop,1,0,0,0,0,0,0.0,2024-04-11 00:45:00
9700,sess_09700,Organic Search,Mobile,1,0,0,0,0,0,0.0,2024-04-11 01:00:00
9701,sess_09701,Paid Ad,Tablet,1,0,0,0,0,0,0.0,2024-04-11 01:15:00
9702,sess_09702,Referral,Desktop,1,0,0,0,0,0,0.0,2024-04-11 01:30:00
9703,sess_09703,Social Media,Mobile,1,0,0,0,0,0,0.0,2024-04-11 01:45:00
9704,sess_09704,Organic Search,Tablet,1,0,0,0,0,0,0.0,2024-04-11 02:00:00
9705,sess_09705,Paid Ad,Desktop,1,0,0,0,0,0,0.0,2024-04-11 02:15:00
9706,sess_09706,Referral,Mobile,1,0,0,0,0,0,0.0,2024-04-11 02:30:00
9707,sess_09707,Social Media,Tablet,1,0,0,0,0,0,0.0,2024-04-11 02:45:00
9708,sess_09708,Organic Search,Desktop,1,0,0,0,0,0,0.0,2024-04-11 03:00:00
9709,sess_09709,Paid Ad,Mobile,1,0,0,0,0,0,0.0,2024-04-11 03:15:00
9710,sess_09710,Referral,Tablet,1,0,0,0,0,0,0.0,2024-04-11 03:30:00
9711,sess_09711,Social Media,Desktop,1,0,0,0,0,0,0.0,2024-04-11 03:45:00
9712,sess_09712,Organic Search,Mobile,1,0,0,0,0,0,0.0,2024-04-11 04:00:00
9713,sess_09713,Paid Ad,Tablet,1,0,0,0,0,0,0.0,2024-04-11 04:15:00
9714,sess_09714,Referral,Desktop,1,0,0,0,0,0,0.0,2024-04-11 04:30:00
9715,sess_09715,Social Media,Mobile,1,0,0,0,0,0,0.0,2024-04-11 04:45:00
9716,sess_09716,Organic Search,Tablet,1,0,0,0,0,0,0.0,2024-04-11 05:00:00
9717,sess_09717,Paid Ad,Desktop,1,0,0,0,0,0,0.0,2024-04-11 05:15:00
9718,sess_09718,Referral,Mobile,1,0,0,0,0,0,0.0,2024-04-11 05:30:00
9719,sess_09719,Social Media,Tablet,1,0,0,0,0,0,0.0,2024-04-11 05:45:00
9720,sess_09720,Organic Search,Desktop,1,0,0,0,0,0,0.0,2024-04-11 06:00:00
9721,sess_09721,Paid Ad,Mobile,1,0,0,0,0,0,0.0,2024-04-11 06:15:00
9722,sess_09722,Referral,Tablet,1,0,0,0,0,0,0.0,2024-04-11 06:30:00
9723,sess_09723,Social Media,Desktop,1,0,0,0,0,0,0.0,2024-04-11 06:45:00
9724,sess_09724,Organic Search,Mobile,1,0,0,0,0,0,0.0,2024-04-11 07:00:00
9725,sess_09725,Paid Ad,Tablet,1,0,0,0,0,0,0.0,2024-04-11 07:15:00
9726,sess_09726,Referral,Desktop,1,0,0,0,0,0,0.0,2024-04-11 07:30:00
9727,sess_09727,Social Media,Mobile,1,0,0,0,0,0,0.0,2024-04-11 07:45:00
9728,sess_09728,Organic Search,Tablet,1,0,0,0,0,0,0.0,2024-04-11 08:00:00
9729,sess_09729,Paid Ad,Desktop,1,0,0,0,0,0,0.0,2024-04-11 08:15:00
9730,sess_09730,Referral,Mobile,1,0,0,0,0,0,0.0,2024-04-11 08:30:00
9731,sess_09731,Social Media,Tablet,1,0,0,0,0,0,0.0,2024-04-11 08:45:00
9732,sess_09732,Organic Search,Desktop,1,0,0,0,0,0,0.0,2024-04-11 09:00:00
9733,sess_09733,Paid Ad,Mobile,1,0,0,0,0,0,0.0,2024-04-11 09:15:00
9734,sess_09734,Referral,Tablet,1,0,0,0,0,0,0.0,2024-04-11 09:30:00
9735,sess_09735,Social Media,Desktop,1,0,0,0,0,0,0.0,2024-04-11 09:45:00
9736,sess_09736,Organic Search,Mobile,1,0,0,0,0,0,0.0,2024-04-11 10:00:00
9737,sess_09737,Paid Ad,Tablet,1,0,0,0,0,0,0.0,2024-04-11 10:15:00
9738,sess_09738,Referral,Desktop,1,0,0,0,0,0,0.0,2024-04-11 10:30:00
9739,sess_09739,Social Media,Mobile,1,0,0,0,0,0,0.0,2024-04-11 10:45:00
9740,sess_09740,Organic Search,Tablet,1,0,0,0,0,0,0.0,2024-04-11 11:00:00
9741,sess_09741,Paid Ad,Desktop,1,0,0,0,0,0,0.0,2024-04-11 11:15:00
9742,sess_09742,Referral,Mobile,1,0,0,0,0,0,0.0,2024-04-11 11:30:00
9743,sess_09743,Social Media,Tablet,1,0,0,0,0,0,0.0,2024-04-11 11:45:00
9744,sess_09744,Organic Search,Desktop,1,0,0,0,0,0,0.0,2024-04-11 12:00:00
9745,sess_09745,Paid Ad,Mobile,1,0,0,0,0,0,0.0,2024-04-11 12:15:00
9746,sess_09746,Referral,Tablet,1,0,0,0,0,0,0.0,2024-04-11 12:30:00
9747,sess_09747,Social Media,Desktop,1,0,0,0,0,0,0.0,2024-04-11 12:45:00
9748,sess_09748,Organic Search,Mobile,1,0,0,0,0,0,0.0,2024-04-11 13:00:00
9749,sess_09749,Paid Ad,Tablet,1,0,0,0,0,0,0.0,2024-04-11 13:15:00
9750,sess_09750,Referral,Desktop,1,0,0,0,0,0,0.0,2024-04-11 13:30:00
9751,sess_09751,Social Media,Mobile,1,0,0,0,0,0,0.0,2024-04-11 13:45:00
9752,sess_09752,Organic Search,Tablet,1,0,0,0,0,0,0.0,2024-04-11 14:00:00
9753,sess_09753,Paid Ad,Desktop,1,0,0,0,0,0,0.0,2024-04-11 14:15:00
9754,sess_09754,Referral,Mobile,1,0,0,0,0,0,0.0,2024-04-11 14:30:00
9755,sess_09755,Social Media,Tablet,1,0,0,0,0,0,0.0,2024-04-11 14:45:00
9756,sess_09756,Organic Search,Desktop,1,0,0,0,0,0,0.0,2024-04-11 15:00:00
9757,sess_09757,Paid Ad,Mobile,1,0,0,0,0,0,0.0,2024-04-11 15:15:00
9758,sess_09758,Referral,Tablet,1,0,0,0,0,0,0.0,2024-04-11 15:30:00
9759,sess_09759,Social Media,Desktop,1,0,0,0,0,0,0.0,2024-04-11 15:45:00
9760,sess_09760,Organic Search,Mobile,1,0,0,0,0,0,0.0,2024-04-11 16:00:00
9761,sess_09761,Paid Ad,Tablet,1,0,0,0,0,0,0.0,2024-04-11 16:15:00
9762,sess_09762,Referral,Desktop,1,0,0,0,0,0,0.0,2024-04-11 16:30:00
9763,sess_09763,Social Media,Mobile,1,0,0,0,0,0,0.0,2024-04-11 16:45:00
9764,sess_09764,Organic Search,Tablet,1,0,0,0,0,0,0.0,2024-04-11 17:00:00
9765,sess_09765,Paid Ad,Desktop,1,0,0,0,0,0,0.0,2024-04-11 17:15:00
9766,sess_09766,Referral,Mobile,1,0,0,0,0,0,0.0,2024-04-11 17:30:00
9767,sess_09767,Social Media,Tablet,1,0,0,0,0,0,0.0,2024-04-11 17:45:00
9768,sess_09768,Organic Search,Desktop,1,0,0,0,0,0,0.0,2024-04-11 18:00:00
9769,sess_09769,Paid Ad,Mobile,1,0,0,0,0,0,0.0,2024-04-11 18:15:00
9770,sess_09770,Referral,Tablet,1,0,0,0,0,0,0.0,2024-04-11 18:30:00
9771,sess_09771,Social Media,Desktop,1,0,0,0,0,0,0.0,2024-04-11 18:45:00
9772,sess_09772,Organic Search,Mobile,1,0,0,0,0,0,0.0,2024-04-11 19:00:00
9773,sess_09773,Paid Ad,Tablet,1,0,0,0,0,0,0.0,2024-04-11 19:15:00
9774,sess_09774,Referral,Desktop,1,0,0,0,0,0,0.0,2024-04-11 19:30:00
9775,sess_09775,Social Media,Mobile,1,0,0,0,0,0,0.0,2024-04-11 19:45:00
9776,sess_09776,Organic Search,Tablet,1,0,0,0,0,0,0.0,2024-04-11 20:00:00
9777,sess_09777,Paid Ad,Desktop,1,0,0,0,0,0,0.0,2024-04-11 20:15:00
9778,sess_09778,Referral,Mobile,1,0,0,0,0,0,0.0,2024-04-11 20:30:00
9779,sess_09779,Social Media,Tablet,1,0,0,0,0,0,0.0,2024-04-11 20:45:00
9780,sess_09780,Organic Search,Desktop,1,0,0,0,0,0,0.0,2024-04-11 21:00:00
9781,sess_09781,Paid Ad,Mobile,1,0,0,0,0,0,0.0,2024-04-11 21:15:00
9782,sess_09782,Referral,Tablet,1,0,0,0,0,0,0.0,2024-04-11 21:30:00
9783,sess_09783,Social Media,Desktop,1,0,0,0,0,0,0.0,2024-04-11 21:45:00
9784,sess_09784,Organic Search,Mobile,1,0,0,0,0,0,0.0,2024-04-11 22:00:00
9785,sess_09785,Paid Ad,Tablet,1,0,0,0,0,0,0.0,2024-04-11 22:15:00
9786,sess_09786,Referral,Desktop,1,0,0,0,0,0,0.0,2024-04-11 22:30:00
9787,sess_09787,Social Media,Mobile,1,0,0,0,0,0,0.0,2024-04-11 22:45:00
9788,sess_09788,Organic Search,Tablet,1,0,0,0,0,0,0.0,2024-04-11 23:00:00
9789,sess_09789,Paid Ad,Desktop,1,0,0,0,0,0,0.0,2024-04-11 23:15:00
9790,sess_09790,Referral,Mobile,1,0,0,0,0,0,0.0,2024-04-11 23:30:00
9791,sess_09791,Social Media,Tablet,1,0,0,0,0,0,0.0,2024-04-11 23:45:00
9792,sess_09792,Organic Search,Desktop,1,0,0,0,0,0,0.0,2024-04-12 00:00:00
9793,sess_09793,Paid Ad,Mobile,1,0,0,0,0,0,0.0,2024-04-12 00:15:00
9794,sess_09794,Referral,Tablet,1,0,0,0,0,0,0.0,2024-04-12 00:30:00
9795,sess_09795,Social Media,Desktop,1,0,0,0,0,0,0.0,2024-04-12 00:45:00
9796,sess_09796,Organic Search,Mobile,1,0,0,0,0,0,0.0,2024-04-12 01:00:00
9797,sess_09797,Paid Ad,Tablet,1,0,0,0,0,0,0.0,2024-04-12 01:15:00
9798,sess_09798,Referral,Desktop,1,0,0,0,0,0,0.0,2024-04-12 01:30:00
9799,sess_09799,Social Media,Mobile,1,0,0,0,0,0,0.0,2024-04-12 01:45:00
9800,sess_09800,Organic Search,Tablet,1,0,0,0,0,0,0.0,2024-04-12 02:00:00
9801,sess_09801,Paid Ad,Desktop,1,0,0,0,0,0,0.0,2024-04-12 02:15:00
9802,sess_09802,Referral,Mobile,1,0,0,0,0,0,0.0,2024-04-12 02:30:00
9803,sess_09803,Social Media,Tablet,1,0,0,0,0,0,0.0,2024-04-12 02:45:00
9804,sess_09804,Organic Search,Desktop,1,0,0,0,0,0,0.0,2024-04-12 03:00:00
9805,sess_09805,Paid Ad,Mobile,1,0,0,0,0,0,0.0,2024-04-12 03:15:00
9806,sess_09806,Referral,Tablet,1,0,0,0,0,0,0.0,2024-04-12 03:30:00
9807,sess_09807,Social Media,Desktop,1,0,0,0,0,0,0.0,2024-04-12 03:45:00
9808,sess_09808,Organic Search,Mobile,1,0,0,0,0,0,0.0,2024-04-12 04:00:00
9809,sess_09809,Paid Ad,Tablet,1,0,0,0,0,0,0.0,2024-04-12 04:15:00
9810,sess_09810,Referral,Desktop,1,0,0,0,0,0,0.0,2024-04-12 04:30:00
9811,sess_09811,Social Media,Mobile,1,0,0,0,0,0,0.0,2024-04-12 04:45:00
9812,sess_09812,Organic Search,Tablet,1,0,0,0,0,0,0.0,2024-04-12 05:00:00
9813,sess_09813,Paid Ad,Desktop,1,0,0,0,0,0,0.0,2024-04-12 05:15:00
9814,sess_09814,Referral,Mobile,1,0,0,0,0,0,0.0,2024-04-12 05:30:00
9815,sess_09815,Social Media,Tablet,1,0,0,0,0,0,0.0,2024-04-12 05:45:00
9816,sess_09816,Organic Search,Desktop,1,0,0,0,0,0,0.0,2024-04-12 06:00:00
9817,sess_09817,Paid Ad,Mobile,1,0,0,0,0,0,0.0,2024-04-12 06:15:00
9818,sess_09818,Referral,Tablet,1,0,0,0,0,0,0.0,2024-04-12 06:30:00
9819,sess_09819,Social Media,Desktop,1,0,0,0,0,0,0.0,2024-04-12 06:45:00
9820,sess_09820,Organic Search,Mobile,1,0,0,0,0,0,0.0,2024-04-12 07:00:00
9821,sess_09821,Paid Ad,Tablet,1,0,0,0,0,0,0.0,2024-04-12 07:15:00
9822,sess_09822,Referral,Desktop,1,0,0,0,0,0,0.0,2024-04-12 07:30:00
9823,sess_09823,Social Media,Mobile,1,0,0,0,0,0,0.0,2024-04-12 07:45:00
9824,sess_09824,Organic Search,Tablet,1,0,0,0,0,0,0.0,2024-04-12 08:00:00
9825,sess_09825,Paid Ad,Desktop,1,0,0,0,0,0,0.0,2024-04-12 08:15:00
9826,sess_09826,Referral,Mobile,1,0,0,0,0,0,0.0,2024-04-12 08:30:00
9827,sess_09827,Social Media,Tablet,1,0,0,0,0,0,0.0,2024-04-12 08:45:00
9828,sess_09828,Organic Search,Desktop,1,0,0,0,0,0,0.0,2024-04-12 09:00:00
9829,sess_09829,Paid Ad,Mobile,1,0,0,0,0,0,0.0,2024-04-12 09:15:00
9830,sess_09830,Referral,Tablet,1,0,0,0,0,0,0.0,2024-04-12 09:30:00
9831,sess_09831,Social Media,Desktop,1,0,0,0,0,0,0.0,2024-04-12 09:45:00
9832,sess_09832,Organic Search,Mobile,1,0,0,0,0,0,0.0,2024-04-12 10:00:00
9833,sess_09833,Paid Ad,Tablet,1,0,0,0,0,0,0.0,2024-04-12 10:15:00
9834,sess_09834,Referral,Desktop,1,0,0,0,0,0,0.0,2024-04-12 10:30:00
9835,sess_09835,Social Media,Mobile,1,0,0,0,0,0,0.0,2024-04-12 10:45:00
9836,sess_09836,Organic Search,Tablet,1,0,0,0,0,0,0.0,2024-04-12 11:00:00
9837,sess_09837,Paid Ad,Desktop,1,0,0,0,0,0,0.0,2024-04-12 11:15:00
9838,sess_09838,Referral,Mobile,1,0,0,0,0,0,0.0,2024-04-12 11:30:00
9839,sess_09839,Social Media,Tablet,1,0,0,0,0,0,0.0,2024-04-12 11:45:00
9840,sess_09840,Organic Search,Desktop,1,0,0,0,0,0,0.0,2024-04-12 12:00:00
9841,sess_09841,Paid Ad,Mobile,1,0,0,0,0,0,0.0,2024-04-12 12:15:00
9842,sess_09842,Referral,Tablet,1,0,0,0,0,0,0.0,2024-04-12 12:30:00
9843,sess_09843,Social Media,Desktop,1,0,0,0,0,0,0.0,2024-04-12 12:45:00
9844,sess_09844,Organic Search,Mobile,1,0,0,0,0,0,0.0,2024-04-12 13:00:00
9845,sess_09845,Paid Ad,Tablet,1,0,0,0,0,0,0.0,2024-04-12 13:15:00
9846,sess_09846,Referral,Desktop,1,0,0,0,0,0,0.0,2024-04-12 13:30:00
9847,sess_09847,Social Media,Mobile,1,0,0,0,0,0,0.0,2024-04-12 13:45:00
9848,sess_09848,Organic Search,Tablet,1,0,0,0,0,0,0.0,2024-04-12 14:00:00
9849,sess_09849,Paid Ad,Desktop,1,0,0,0,0,0,0.0,2024-04-12 14:15:00
9850,sess_09850,Referral,Mobile,1,0,0,0,0,0,0.0,2024-04-12 14:30:00
9851,sess_09851,Social Media,Tablet,1,0,0,0,0,0,0.0,2024-04-12 14:45:00
9852,sess_09852,Organic Search,Desktop,1,0,0,0,0,0,0.0,2024-04-12 15:00:00
9853,sess_09853,Paid Ad,Mobile,1,0,0,0,0,0,0.0,2024-04-12 15:15:00
9854,sess_09854,Referral,Tablet,1,0,0,0,0,0,0.0,2024-04-12 15:30:00
9855,sess_09855,Social Media,Desktop,1,0,0,0,0,0,0.0,2024-04-12 15:45:00
9856,sess_09856,Organic Search,Mobile,1,0,0,0,0,0,0.0,2024-04-12 16:00:00
9857,sess_09857,Paid Ad,Tablet,1,0,0,0,0,0,0.0,2024-04-12 16:15:00
9858,sess_09858,Referral,Desktop,1,0,0,0,0,0,0.0,2024-04-12 16:30:00
9859,sess_09859,Social Media,Mobile,1,0,0,0,0,0,0.0,2024-04-12 16:45:00
9860,sess_09860,Organic Search,Tablet,1,0,0,0,0,0,0.0,2024-04-12 17:00:00
9861,sess_09861,Paid Ad,Desktop,1,0,0,0,0,0,0.0,2024-04-12 17:15:00
9862,sess_09862,Referral,Mobile,1,0,0,0,0,0,0.0,2024-04-12 17:30:00
9863,sess_09863,Social Media,Tablet,1,0,0,0,0,0,0.0,2024-04-12 17:45:00
9864,sess_09864,Organic Search,Desktop,1,0,0,0,0,0,0.0,2024-04-12 18:00:00
9865,sess_09865,Paid Ad,Mobile,1,0,0,0,0,0,0.0,2024-04-12 18:15:00
9866,sess_09866,Referral,Tablet,1,0,0,0,0,0,0.0,2024-04-12 18:30:00
9867,sess_09867,Social Media,Desktop,1,0,0,0,0,0,0.0,2024-04-12 18:45:00
9868,sess_09868,Organic Search,Mobile,1,0,0,0,0,0,0.0,2024-04-12 19:00:00
9869,sess_09869,Paid Ad,Tablet,1,0,0,0,0,0,0.0,2024-04-12 19:15:00
9870,sess_09870,Referral,Desktop,1,0,0,0,0,0,0.0,2024-04-12 19:30:00
9871,sess_09871,Social Media,Mobile,1,0,0,0,0,0,0.0,2024-04-12 19:45:00
9872,sess_09872,Organic Search,Tablet,1,0,0,0,0,0,0.0,2024-04-12 20:00:00
9873,sess_09873,Paid Ad,Desktop,1,0,0,0,0,0,0.0,2024-04-12 20:15:00
9874,sess_09874,Referral,Mobile,1,0,0,0,0,0,0.0,2024-04-12 20:30:00
9875,sess_09875,Social Media,Tablet,1,0,0,0,0,0,0.0,2024-04-12 20:45:00
9876,sess_09876,Organic Search,Desktop,1,0,0,0,0,0,0.0,2024-04-12 21:00:00
9877,sess_09877,Paid Ad,Mobile,1,0,0,0,0,0,0.0,2024-04-12 21:15:00
9878,sess_09878,Referral,Tablet,1,0,0,0,0,0,0.0,2024-04-12 21:30:00
9879,sess_09879,Social Media,Desktop,1,0,0,0,0,0,0.0,2024-04-12 21:45:00
9880,sess_09880,Organic Search,Mobile,1,0,0,0,0,0,0.0,2024-04-12 22:00:00
9881,sess_09881,Paid Ad,Tablet,1,0,0,0,0,0,0.0,2024-04-12 22:15:00
9882,sess_09882,Referral,Desktop,1,0,0,0,0,0,0.0,2024-04-12 22:30:00
9883,sess_09883,Social Media,Mobile,1,0,0,0,0,0,0.0,2024-04-12 22:45:00
9884,sess_09884,Organic Search,Tablet,1,0,0,0,0,0,0.0,2024-04-12 23:00:00
9885,sess_09885,Paid Ad,Desktop,1,0,0,0,0,0,0.0,2024-04-12 23:15:00
9886,sess_09886,Referral,Mobile,1,0,0,0,0,0,0.0,2024-04-12 23:30:00
9887,sess_09887,Social Media,Tablet,1,0,0,0,0,0,0.0,2024-04-12 23:45:00
9888,sess_09888,Organic Search,Desktop,1,0,0,0,0,0,0.0,2024-04-13 00:00:00
9889,sess_09889,Paid Ad,Mobile,1,0,0,0,0,0,0.0,2024-04-13 00:15:00
9890,sess_09890,Referral,Tablet,1,0,0,0,0,0,0.0,2024-04-13 00:30:00
9891,sess_09891,Social Media,Desktop,1,0,0,0,0,0,0.0,2024-04-13 00:45:00
9892,sess_09892,Organic Search,Mobile,1,0,0,0,0,0,0.0,2024-04-13 01:00:00
9893,sess_09893,Paid Ad,Tablet,1,0,0,0,0,0,0.0,2024-04-13 01:15:00
9894,sess_09894,Referral,Desktop,1,0,0,0,0,0,0.0,2024-04-13 01:30:00
9895,sess_09895,Social Media,Mobile,1,0,0,0,0,0,0.0,2024-04-13 01:45:00
9896,sess_09896,Organic Search,Tablet,1,0,0,0,0,0,0.0,2024-04-13 02:00:00
9897,sess_09897,Paid Ad,Desktop,1,0,0,0,0,0,0.0,2024-04-13 02:15:00
9898,sess_09898,Referral,Mobile,1,0,0,0,0,0,0.0,2024-04-13 02:30:00
9899,sess_09899,Social Media,Tablet,1,0,0,0,0,0,0.0,2024-04-13 02:45:00
9900,sess_09900,Organic Search,Desktop,1,0,0,0,0,0,0.0,2024-04-13 03:00:00
9901,sess_09901,Paid Ad,Mobile,1,0,0,0,0,0,0.0,2024-04-13 03:15:00
9902,sess_09902,Referral,Tablet,1,0,0,0,0,0,0.0,2024-04-13 03:30:00
9903,sess_09903,Social Media,Desktop,1,0,0,0,0,0,0.0,2024-04-13 03:45:00
9904,sess_09904,Organic Search,Mobile,1,0,0,0,0,0,0.0,2024-04-13 04:00:00
9905,sess_09905,Paid Ad,Tablet,1,0,0,0,0,0,0.0,2024-04-13 04:15:00
9906,sess_09906,Referral,Desktop,1,0,0,0,0,0,0.0,2024-04-13 04:30:00
9907,sess_09907,Social Media,Mobile,1,0,0,0,0,0,0.0,2024-04-13 04:45:00
9908,sess_09908,Organic Search,Tablet,1,0,0,0,0,0,0.0,2024-04-13 05:00:00
9909,sess_09909,Paid Ad,Desktop,1,0,0,0,0,0,0.0,2024-04-13 05:15:00
9910,sess_09910,Referral,Mobile,1,0,0,0,0,0,0.0,2024-04-13 05:30:00
9911,sess_09911,Social Media,Tablet,1,0,0,0,0,0,0.0,2024-04-13 05:45:00
9912,sess_09912,Organic Search,Desktop,1,0,0,0,0,0,0.0,2024-04-13 06:00:00
9913,sess_09913,Paid Ad,Mobile,1,0,0,0,0,0,0.0,2024-04-13 06:15:00
9914,sess_09914,Referral,Tablet,1,0,0,0,0,0,0.0,2024-04-13 06:30:00
9915,sess_09915,Social Media,Desktop,1,0,0,0,0,0,0.0,2024-04-13 06:45:00
9916,sess_09916,Organic Search,Mobile,1,0,0,0,0,0,0.0,2024-04-13 07:00:00
9917,sess_09917,Paid Ad,Tablet,1,0,0,0,0,0,0.0,2024-04-13 07:15:00
9918,sess_09918,Referral,Desktop,1,0,0,0,0,0,0.0,2024-04-13 07:30:00
9919,sess_09919,Social Media,Mobile,1,0,0,0,0,0,0.0,2024-04-13 07:45:00
9920,sess_09920,Organic Search,Tablet,1,0,0,0,0,0,0.0,2024-04-13 08:00:00
9921,sess_09921,Paid Ad,Desktop,1,0,0,0,0,0,0.0,2024-04-13 08:15:00
9922,sess_09922,Referral,Mobile,1,0,0,0,0,0,0.0,2024-04-13 08:30:00
9923,sess_09923,Social Media,Tablet,1,0,0,0,0,0,0.0,2024-04-13 08:45:00
9924,sess_09924,Organic Search,Desktop,1,0,0,0,0,0,0.0,2024-04-13 09:00:00
9925,sess_09925,Paid Ad,Mobile,1,0,0,0,0,0,0.0,2024-04-13 09:15:00
9926,sess_09926,Referral,Tablet,1,0,0,0,0,0,0.0,2024-04-13 09:30:00
9927,sess_09927,Social Media,Desktop,1,0,0,0,0,0,0.0,2024-04-13 09:45:00
9928,sess_09928,Organic Search,Mobile,1,0,0,0,0,0,0.0,2024-04-13 10:00:00
9929,sess_09929,Paid Ad,Tablet,1,0,0,0,0,0,0.0,2024-04-13 10:15:00
9930,sess_09930,Referral,Desktop,1,0,0,0,0,0,0.0,2024-04-13 10:30:00
9931,sess_09931,Social Media,Mobile,1,0,0,0,0,0,0.0,2024-04-13 10:45:00
9932,sess_09932,Organic Search,Tablet,1,0,0,0,0,0,0.0,2024-04-13 11:00:00
9933,sess_09933,Paid Ad,Desktop,1,0,0,0,0,0,0.0,2024-04-13 11:15:00
9934,sess_09934,Referral,Mobile,1,0,0,0,0,0,0.0,2024-04-13 11:30:00
9935,sess_09935,Social Media,Tablet,1,0,0,0,0,0,0.0,2024-04-13 11:45:00
9936,sess_09936,Organic Search,Desktop,1,0,0,0,0,0,0.0,2024-04-13 12:00:00
9937,sess_09937,Paid Ad,Mobile,1,0,0,0,0,0,0.0,2024-04-13 12:15:00
9938,sess_09938,Referral,Tablet,1,0,0,0,0,0,0.0,2024-04-13 12:30:00
9939,sess_09939,Social Media,Desktop,1,0,0,0,0,0,0.0,2024-04-13 12:45:00
9940,sess_09940,Organic Search,Mobile,1,0,0,0,0,0,0.0,2024-04-13 13:00:00
9941,sess_09941,Paid Ad,Tablet,1,0,0,0,0,0,0.0,2024-04-13 13:15:00
9942,sess_09942,Referral,Desktop,1,0,0,0,0,0,0.0,2024-04-13 13:30:00
9943,sess_09943,Social Media,Mobile,1,0,0,0,0,0,0.0,2024-04-13 13:45:00
9944,sess_09944,Organic Search,Tablet,1,0,0,0,0,0,0.0,2024-04-13 14:00:00
9945,sess_09945,Paid Ad,Desktop,1,0,0,0,0,0,0.0,2024-04-13 14:15:00
9946,sess_09946,Referral,Mobile,1,0,0,0,0,0,0.0,2024-04-13 14:30:00
9947,sess_09947,Social Media,Tablet,1,0,0,0,0,0,0.0,2024-04-13 14:45:00
9948,sess_09948,Organic Search,Desktop,1,0,0,0,0,0,0.0,2024-04-13 15:00:00
9949,sess_09949,Paid Ad,Mobile,1,0,0,0,0,0,0.0,2024-04-13 15:15:00
9950,sess_09950,Referral,Tablet,1,0,0,0,0,0,0.0,2024-04-13 15:30:00
9951,sess_09951,Social Media,Desktop,1,0,0,0,0,0,0.0,2024-04-13 15:45:00
9952,sess_09952,Organic Search,Mobile,1,0,0,0,0,0,0.0,2024-04-13 16:00:00
9953,sess_09953,Paid Ad,Tablet,1,0,0,0,0,0,0.0,2024-04-13 16:15:00
9954,sess_09954,Referral,Desktop,1,0,0,0,0,0,0.0,2024-04-13 16:30:00
9955,sess_09955,Social Media,Mobile,1,0,0,0,0,0,0.0,2024-04-13 16:45:00
9956,sess_09956,Organic Search,Tablet,1,0,0,0,0,0,0.0,2024-04-13 17:00:00
9957,sess_09957,Paid Ad,Desktop,1,0,0,0,0,0,0.0,2024-04-13 17:15:00
9958,sess_09958,Referral,Mobile,1,0,0,0,0,0,0.0,2024-04-13 17:30:00
9959,sess_09959,Social Media,Tablet,1,0,0,0,0,0,0.0,2024-04-13 17:45:00
9960,sess_09960,Organic Search,Desktop,1,0,0,0,0,0,0.0,2024-04-13 18:00:00
9961,sess_09961,Paid Ad,Mobile,1,0,0,0,0,0,0.0,2024-04-13 18:15:00
9962,sess_09962,Referral,Tablet,1,0,0,0,0,0,0.0,2024-04-13 18:30:00
9963,sess_09963,Social Media,Desktop,1,0,0,0,0,0,0.0,2024-04-13 18:45:00
9964,sess_09964,Organic Search,Mobile,1,0,0,0,0,0,0.0,2024-04-13 19:00:00
9965,sess_09965,Paid Ad,Tablet,1,0,0,0,0,0,0.0,2024-04-13 19:15:00
9966,sess_09966,Referral,Desktop,1,0,0,0,0,0,0.0,2024-04-13 19:30:00
9967,sess_09967,Social Media,Mobile,1,0,0,0,0,0,0.0,2024-04-13 19:45:00
9968,sess_09968,Organic Search,Tablet,1,0,0,0,0,0,0.0,2024-04-13 20:00:00
9969,sess_09969,Paid Ad,Desktop,1,0,0,0,0,0,0.0,2024-04-13 20:15:00
9970,sess_09970,Referral,Mobile,1,0,0,0,0,0,0.0,2024-04-13 20:30:00
9971,sess_09971,Social Media,Tablet,1,0,0,0,0,0,0.0,2024-04-13 20:45:00
9972,sess_09972,Organic Search,Desktop,1,0,0,0,0,0,0.0,2024-04-13 21:00:00
9973,sess_09973,Paid Ad,Mobile,1,0,0,0,0,0,0.0,2024-04-13 21:15:00
9974,sess_09974,Referral,Tablet,1,0,0,0,0,0,0.0,2024-04-13 21:30:00
9975,sess_09975,Social Media,Desktop,1,0,0,0,0,0,0.0,2024-04-13 21:45:00
9976,sess_09976,Organic Search,Mobile,1,0,0,0,0,0,0.0,2024-04-13 22:00:00
9977,sess_09977,Paid Ad,Tablet,1,0,0,0,0,0,0.0,2024-04-13 22:15:00
9978,sess_09978,Referral,Desktop,1,0,0,0,0,0,0.0,2024-04-13 22:30:00
9979,sess_09979,Social Media,Mobile,1,0,0,0,0,0,0.0,2024-04-13 22:45:00
9980,sess_09980,Organic Search,Tablet,1,0,0,0,0,0,0.0,2024-04-13 23:00:00
9981,sess_09981,Paid Ad,Desktop,1,0,0,0,0,0,0.0,2024-04-13 23:15:00
9982,sess_09982,Referral,Mobile,1,0,0,0,0,0,0.0,2024-04-13 23:30:00
9983,sess_09983,Social Media,Tablet,1,0,0,0,0,0,0.0,2024-04-13 23:45:00
9984,sess_09984,Organic Search,Desktop,1,0,0,0,0,0,0.0,2024-04-14 00:00:00
9985,sess_09985,Paid Ad,Mobile,1,0,0,0,0,0,0.0,2024-04-14 00:15:00
9986,sess_09986,Referral,Tablet,1,0,0,0,0,0,0.0,2024-04-14 00:30:00
9987,sess_09987,Social Media,Desktop,1,0,0,0,0,0,0.0,2024-04-14 00:45:00
9988,sess_09988,Organic Search,Mobile,1,0,0,0,0,0,0.0,2024-04-14 01:00:00
9989,sess_09989,Paid Ad,Tablet,1,0,0,0,0,0,0.0,2024-04-14 01:15:00
9990,sess_09990,Referral,Desktop,1,0,0,0,0,0,0.0,2024-04-14 01:30:00
9991,sess_09991,Social Media,Mobile,1,0,0,0,0,0,0.0,2024-04-14 01:45:00
9992,sess_09992,Organic Search,Tablet,1,0,0,0,0,0,0.0,2024-04-14 02:00:00
9993,sess_09993,Paid Ad,Desktop,1,0,0,0,0,0,0.0,2024-04-14 02:15:00
9994,sess_09994,Referral,Mobile,1,0,0,0,0,0,0.0,2024-04-14 02:30:00
9995,sess_09995,Social Media,Tablet,1,0,0,0,0,0,0.0,2024-04-14 02:45:00
9996,sess_09996,Organic Search,Desktop,1,0,0,0,0,0,0.0,2024-04-14 03:00:00
9997,sess_09997,Paid Ad,Mobile,1,0,0,0,0,0,0.0,2024-04-14 03:15:00
9998,sess_09998,Referral,Tablet,1,0,0,0,0,0,0.0,2024-04-14 03:30:00
9999,sess_09999,Social Media,Desktop,1,0,0,0,0,0,0.0,2024-04-14 03:45:00
10000,sess_10000,Organic Search,Mobile,1,0,0,0,0,0,0.0,2024-04-14 04:00:00
